data;ticker;preco
2025-08-29;B3SA3;12.98
2025-08-29;BBAS3;21.39
2025-08-29;BBDC3;14.44
2025-08-29;BBDC4;16.83
2025-08-29;BTLG11;100.00
2025-08-29;CMIN3;5.20
2025-08-29;CPLE3;11.20
2025-08-29;EGIE3;39.94
2025-08-29;FLRY3;14.89
2025-08-29;FRAS3;23.30
2025-08-29;GGBR3;15.16
2025-08-29;GGBR4;16.66
2025-08-29;GMAT3;7.30
2025-08-29;HAPV3;41.71
2025-08-29;HGLG11;154.99
2025-08-29;ISAE3;30.51
2025-08-29;ISAE4;23.21
2025-08-29;ITUB3;34.41
2025-08-29;ITUB4;38.49
2025-08-29;KNRI11;140.50
2025-08-29;LWSA3;4.12
2025-08-29;MXRF11;9.62
2025-08-29;PETR3;33.75
2025-08-29;PETR4;31.10
2025-08-29;PRIO3;37.87
2025-08-29;RAIL3;14.55
2025-08-29;RDOR3;39.36
2025-08-29;SANB11;28.22
2025-08-29;SANB3;13.48
2025-08-29;SANB4;14.84
2025-08-29;TAEE11;34.87
2025-08-29;TAEE3;11.50
2025-08-29;TAEE4;11.60
2025-08-29;TOTS3;43.10
2025-08-29;TUPY3;14.40
2025-08-29;VALE3;55.56
2025-08-29;VIVA3;29.00
2025-08-29;WEGE3;37.66
2025-08-29;XPLG11;99.30
2025-09-01;B3SA3;12.98
2025-09-01;BBAS3;21.09
2025-09-01;BBDC3;14.34
2025-09-01;BBDC4;16.72
2025-09-01;BTLG11;99.98
2025-09-01;CMIN3;5.17
2025-09-01;CPLE3;11.16
2025-09-01;EGIE3;39.00
2025-09-01;FLRY3;15.37
2025-09-01;FRAS3;23.09
2025-09-01;GGBR3;15.19
2025-09-01;GGBR4;16.90
2025-09-01;GMAT3;7.16
2025-09-01;HAPV3;41.55
2025-09-01;HGLG11;156.95
2025-09-01;ISAE3;30.37
2025-09-01;ISAE4;23.04
2025-09-01;ITUB3;34.59
2025-09-01;ITUB4;38.78
2025-09-01;KNRI11;139.20
2025-09-01;LWSA3;4.14
2025-09-01;MXRF11;9.52
2025-09-01;PETR3;33.60
2025-09-01;PETR4;31.17
2025-09-01;PRIO3;37.97
2025-09-01;RAIL3;14.32
2025-09-01;RDOR3;39.11
2025-09-01;SANB11;28.21
2025-09-01;SANB3;13.40
2025-09-01;SANB4;14.77
2025-09-01;TAEE11;34.58
2025-09-01;TAEE3;11.45
2025-09-01;TAEE4;11.58
2025-09-01;TOTS3;42.59
2025-09-01;TUPY3;14.12
2025-09-01;VALE3;55.60
2025-09-01;VIVA3;28.94
2025-09-01;WEGE3;37.81
2025-09-01;XPLG11;98.50
2025-09-02;B3SA3;12.75
2025-09-02;BBAS3;20.42
2025-09-02;BBDC3;14.07
2025-09-02;BBDC4;16.51
2025-09-02;BTLG11;99.82
2025-09-02;CMIN3;5.15
2025-09-02;CPLE3;11.23
2025-09-02;EGIE3;39.12
2025-09-02;FLRY3;15.23
2025-09-02;FRAS3;22.71
2025-09-02;GGBR3;15.11
2025-09-02;GGBR4;16.92
2025-09-02;GMAT3;7.06
2025-09-02;HAPV3;41.36
2025-09-02;HGLG11;154.84
2025-09-02;ISAE3;30.39
2025-09-02;ISAE4;22.91
2025-09-02;ITUB3;34.09
2025-09-02;ITUB4;38.12
2025-09-02;KNRI11;141.78
2025-09-02;LWSA3;4.05
2025-09-02;MXRF11;9.51
2025-09-02;PETR3;33.86
2025-09-02;PETR4;31.33
2025-09-02;PRIO3;37.99
2025-09-02;RAIL3;14.11
2025-09-02;RDOR3;38.95
2025-09-02;SANB11;28.10
2025-09-02;SANB3;13.46
2025-09-02;SANB4;14.75
2025-09-02;TAEE11;34.29
2025-09-02;TAEE3;11.33
2025-09-02;TAEE4;11.40
2025-09-02;TOTS3;42.15
2025-09-02;TUPY3;14.03
2025-09-02;VALE3;55.39
2025-09-02;VIVA3;28.67
2025-09-02;WEGE3;37.68
2025-09-02;XPLG11;97.15
2025-09-03;B3SA3;12.95
2025-09-03;BBAS3;20.28
2025-09-03;BBDC3;14.09
2025-09-03;BBDC4;16.50
2025-09-03;BTLG11;100.10
2025-09-03;CMIN3;5.09
2025-09-03;CPLE3;11.15
2025-09-03;EGIE3;39.00
2025-09-03;FLRY3;15.40
2025-09-03;FRAS3;22.33
2025-09-03;GGBR3;15.07
2025-09-03;GGBR4;16.76
2025-09-03;GMAT3;7.03
2025-09-03;HAPV3;40.85
2025-09-03;HGLG11;156.89
2025-09-03;ISAE3;30.99
2025-09-03;ISAE4;22.89
2025-09-03;ITUB3;33.72
2025-09-03;ITUB4;37.79
2025-09-03;KNRI11;144.05
2025-09-03;LWSA3;4.07
2025-09-03;MXRF11;9.51
2025-09-03;PETR3;33.50
2025-09-03;PETR4;31.06
2025-09-03;PRIO3;37.51
2025-09-03;RAIL3;14.21
2025-09-03;RDOR3;39.08
2025-09-03;SANB11;28.08
2025-09-03;SANB3;13.28
2025-09-03;SANB4;14.70
2025-09-03;TAEE11;34.28
2025-09-03;TAEE3;11.38
2025-09-03;TAEE4;11.45
2025-09-03;TOTS3;41.91
2025-09-03;TUPY3;14.05
2025-09-03;VALE3;55.60
2025-09-03;VIVA3;28.52
2025-09-03;WEGE3;37.85
2025-09-03;XPLG11;97.15
2025-09-04;B3SA3;13.09
2025-09-04;BBAS3;20.42
2025-09-04;BBDC3;14.39
2025-09-04;BBDC4;16.83
2025-09-04;BTLG11;99.92
2025-09-04;CMIN3;5.14
2025-09-04;CPLE3;11.28
2025-09-04;EGIE3;38.96
2025-09-04;FLRY3;15.43
2025-09-04;FRAS3;22.33
2025-09-04;GGBR3;15.08
2025-09-04;GGBR4;17.00
2025-09-04;GMAT3;7.18
2025-09-04;HAPV3;41.29
2025-09-04;HGLG11;155.46
2025-09-04;ISAE3;30.70
2025-09-04;ISAE4;22.97
2025-09-04;ITUB3;34.00
2025-09-04;ITUB4;37.94
2025-09-04;KNRI11;144.75
2025-09-04;LWSA3;4.05
2025-09-04;MXRF11;9.52
2025-09-04;PETR3;33.66
2025-09-04;PETR4;31.06
2025-09-04;PRIO3;37.32
2025-09-04;RAIL3;14.80
2025-09-04;RDOR3;39.04
2025-09-04;SANB11;28.19
2025-09-04;SANB3;13.35
2025-09-04;SANB4;14.80
2025-09-04;TAEE11;34.62
2025-09-04;TAEE3;11.50
2025-09-04;TAEE4;11.50
2025-09-04;TOTS3;42.22
2025-09-04;TUPY3;14.45
2025-09-04;VALE3;55.71
2025-09-04;VIVA3;28.95
2025-09-04;WEGE3;37.25
2025-09-04;XPLG11;97.13
2025-09-05;B3SA3;13.38
2025-09-05;BBAS3;21.15
2025-09-05;BBDC3;14.71
2025-09-05;BBDC4;17.24
2025-09-05;BTLG11;100.85
2025-09-05;CMIN3;5.19
2025-09-05;CPLE3;11.40
2025-09-05;EGIE3;39.40
2025-09-05;FLRY3;15.77
2025-09-05;FRAS3;22.45
2025-09-05;GGBR3;15.21
2025-09-05;GGBR4;17.44
2025-09-05;GMAT3;7.28
2025-09-05;HAPV3;41.38
2025-09-05;HGLG11;155.32
2025-09-05;ISAE3;31.19
2025-09-05;ISAE4;23.17
2025-09-05;ITUB3;34.45
2025-09-05;ITUB4;38.36
2025-09-05;KNRI11;145.29
2025-09-05;LWSA3;4.19
2025-09-05;MXRF11;9.55
2025-09-05;PETR3;32.90
2025-09-05;PETR4;30.59
2025-09-05;PRIO3;36.55
2025-09-05;RAIL3;14.70
2025-09-05;RDOR3;39.30
2025-09-05;SANB11;29.19
2025-09-05;SANB3;13.85
2025-09-05;SANB4;15.26
2025-09-05;TAEE11;34.80
2025-09-05;TAEE3;11.61
2025-09-05;TAEE4;11.59
2025-09-05;TOTS3;43.09
2025-09-05;TUPY3;14.65
2025-09-05;VALE3;56.22
2025-09-05;VIVA3;29.30
2025-09-05;WEGE3;37.85
2025-09-05;XPLG11;97.64
2025-09-08;B3SA3;13.14
2025-09-08;BBAS3;20.95
2025-09-08;BBDC3;14.64
2025-09-08;BBDC4;17.15
2025-09-08;BTLG11;101.00
2025-09-08;CMIN3;5.17
2025-09-08;CPLE3;11.28
2025-09-08;EGIE3;39.50
2025-09-08;FLRY3;15.71
2025-09-08;FRAS3;22.30
2025-09-08;GGBR3;15.23
2025-09-08;GGBR4;17.37
2025-09-08;GMAT3;7.14
2025-09-08;HAPV3;40.45
2025-09-08;HGLG11;155.48
2025-09-08;ISAE3;30.92
2025-09-08;ISAE4;23.18
2025-09-08;ITUB3;34.20
2025-09-08;ITUB4;38.18
2025-09-08;KNRI11;143.23
2025-09-08;LWSA3;4.14
2025-09-08;MXRF11;9.65
2025-09-08;PETR3;33.19
2025-09-08;PETR4;30.71
2025-09-08;PRIO3;36.59
2025-09-08;RAIL3;14.64
2025-09-08;RDOR3;39.01
2025-09-08;SANB11;28.69
2025-09-08;SANB3;13.59
2025-09-08;SANB4;15.01
2025-09-08;TAEE11;34.96
2025-09-08;TAEE3;11.58
2025-09-08;TAEE4;11.67
2025-09-08;TOTS3;43.02
2025-09-08;TUPY3;14.85
2025-09-08;VALE3;56.36
2025-09-08;VIVA3;28.42
2025-09-08;WEGE3;37.44
2025-09-08;XPLG11;97.41
2025-09-09;B3SA3;13.01
2025-09-09;BBAS3;21.40
2025-09-09;BBDC3;14.54
2025-09-09;BBDC4;16.99
2025-09-09;BTLG11;101.28
2025-09-09;CMIN3;5.13
2025-09-09;CPLE3;11.43
2025-09-09;EGIE3;40.21
2025-09-09;FLRY3;15.79
2025-09-09;FRAS3;22.15
2025-09-09;GGBR3;15.10
2025-09-09;GGBR4;17.09
2025-09-09;GMAT3;7.06
2025-09-09;HAPV3;39.64
2025-09-09;HGLG11;155.87
2025-09-09;ISAE3;31.00
2025-09-09;ISAE4;23.10
2025-09-09;ITUB3;33.82
2025-09-09;ITUB4;37.85
2025-09-09;KNRI11;141.75
2025-09-09;LWSA3;4.14
2025-09-09;MXRF11;9.63
2025-09-09;PETR3;33.55
2025-09-09;PETR4;30.95
2025-09-09;PRIO3;37.09
2025-09-09;RAIL3;14.53
2025-09-09;RDOR3;38.77
2025-09-09;SANB11;28.63
2025-09-09;SANB3;13.72
2025-09-09;SANB4;14.85
2025-09-09;TAEE11;34.98
2025-09-09;TAEE3;11.61
2025-09-09;TAEE4;11.63
2025-09-09;TOTS3;42.10
2025-09-09;TUPY3;14.80
2025-09-09;VALE3;56.19
2025-09-09;VIVA3;27.35
2025-09-09;WEGE3;36.98
2025-09-09;XPLG11;97.60
2025-09-10;B3SA3;12.97
2025-09-10;BBAS3;22.05
2025-09-10;BBDC3;14.42
2025-09-10;BBDC4;16.87
2025-09-10;BTLG11;101.50
2025-09-10;CMIN3;5.05
2025-09-10;CPLE3;11.52
2025-09-10;EGIE3;40.57
2025-09-10;FLRY3;15.72
2025-09-10;FRAS3;22.25
2025-09-10;GGBR3;15.23
2025-09-10;GGBR4;16.92
2025-09-10;GMAT3;7.01
2025-09-10;HAPV3;40.00
2025-09-10;HGLG11;156.35
2025-09-10;ISAE3;30.89
2025-09-10;ISAE4;23.23
2025-09-10;ITUB3;33.81
2025-09-10;ITUB4;37.88
2025-09-10;KNRI11;143.10
2025-09-10;LWSA3;4.16
2025-09-10;MXRF11;9.75
2025-09-10;PETR3;34.41
2025-09-10;PETR4;31.51
2025-09-10;PRIO3;37.63
2025-09-10;RAIL3;14.61
2025-09-10;RDOR3;39.10
2025-09-10;SANB11;28.67
2025-09-10;SANB3;13.59
2025-09-10;SANB4;14.92
2025-09-10;TAEE11;34.90
2025-09-10;TAEE3;11.53
2025-09-10;TAEE4;11.60
2025-09-10;TOTS3;42.81
2025-09-10;TUPY3;14.65
2025-09-10;VALE3;56.58
2025-09-10;VIVA3;27.65
2025-09-10;WEGE3;37.28
2025-09-10;XPLG11;97.85
2025-09-11;B3SA3;13.12
2025-09-11;BBAS3;22.22
2025-09-11;BBDC3;14.57
2025-09-11;BBDC4;17.03
2025-09-11;BTLG11;101.70
2025-09-11;CMIN3;5.07
2025-09-11;CPLE3;11.56
2025-09-11;EGIE3;40.57
2025-09-11;FLRY3;15.60
2025-09-11;FRAS3;22.26
2025-09-11;GGBR3;15.37
2025-09-11;GGBR4;17.00
2025-09-11;GMAT3;7.06
2025-09-11;HAPV3;39.74
2025-09-11;HGLG11;156.87
2025-09-11;ISAE3;30.60
2025-09-11;ISAE4;23.26
2025-09-11;ITUB3;33.85
2025-09-11;ITUB4;37.95
2025-09-11;KNRI11;142.00
2025-09-11;LWSA3;4.25
2025-09-11;MXRF11;9.76
2025-09-11;PETR3;34.05
2025-09-11;PETR4;31.39
2025-09-11;PRIO3;37.91
2025-09-11;RAIL3;15.00
2025-09-11;RDOR3;39.39
2025-09-11;SANB11;28.98
2025-09-11;SANB3;13.86
2025-09-11;SANB4;15.21
2025-09-11;TAEE11;34.84
2025-09-11;TAEE3;11.62
2025-09-11;TAEE4;11.64
2025-09-11;TOTS3;42.21
2025-09-11;TUPY3;14.69
2025-09-11;VALE3;57.02
2025-09-11;VIVA3;29.03
2025-09-11;WEGE3;36.83
2025-09-11;XPLG11;98.02
2025-09-12;B3SA3;12.95
2025-09-12;BBAS3;22.31
2025-09-12;BBDC3;14.41
2025-09-12;BBDC4;16.83
2025-09-12;BTLG11;102.75
2025-09-12;CMIN3;5.10
2025-09-12;CPLE3;11.60
2025-09-12;EGIE3;40.39
2025-09-12;FLRY3;15.80
2025-09-12;FRAS3;22.22
2025-09-12;GGBR3;15.05
2025-09-12;GGBR4;16.30
2025-09-12;GMAT3;7.04
2025-09-12;HAPV3;39.33
2025-09-12;HGLG11;157.80
2025-09-12;ISAE3;30.81
2025-09-12;ISAE4;23.26
2025-09-12;ITUB3;33.56
2025-09-12;ITUB4;37.38
2025-09-12;KNRI11;144.69
2025-09-12;LWSA3;4.25
2025-09-12;MXRF11;9.78
2025-09-12;PETR3;33.75
2025-09-12;PETR4;31.18
2025-09-12;PRIO3;38.15
2025-09-12;RAIL3;14.81
2025-09-12;RDOR3;39.22
2025-09-12;SANB11;28.66
2025-09-12;SANB3;13.69
2025-09-12;SANB4;14.97
2025-09-12;TAEE11;34.84
2025-09-12;TAEE3;11.54
2025-09-12;TAEE4;11.60
2025-09-12;TOTS3;42.89
2025-09-12;TUPY3;14.72
2025-09-12;VALE3;57.00
2025-09-12;VIVA3;28.66
2025-09-12;WEGE3;36.95
2025-09-12;XPLG11;98.66
2025-09-15;B3SA3;13.37
2025-09-15;BBAS3;21.82
2025-09-15;BBDC3;14.60
2025-09-15;BBDC4;17.03
2025-09-15;BTLG11;102.55
2025-09-15;CMIN3;5.09
2025-09-15;CPLE3;11.75
2025-09-15;EGIE3;40.72
2025-09-15;FLRY3;15.57
2025-09-15;FRAS3;22.35
2025-09-15;GGBR3;15.33
2025-09-15;GGBR4;16.70
2025-09-15;GMAT3;7.00
2025-09-15;HAPV3;39.33
2025-09-15;HGLG11;157.70
2025-09-15;ISAE3;30.93
2025-09-15;ISAE4;23.26
2025-09-15;ITUB3;33.78
2025-09-15;ITUB4;38.00
2025-09-15;KNRI11;146.19
2025-09-15;LWSA3;4.33
2025-09-15;MXRF11;9.77
2025-09-15;PETR3;34.24
2025-09-15;PETR4;31.45
2025-09-15;PRIO3;37.97
2025-09-15;RAIL3;14.86
2025-09-15;RDOR3;39.72
2025-09-15;SANB11;28.80
2025-09-15;SANB3;13.63
2025-09-15;SANB4;15.01
2025-09-15;TAEE11;35.01
2025-09-15;TAEE3;11.65
2025-09-15;TAEE4;11.68
2025-09-15;TOTS3;43.63
2025-09-15;TUPY3;14.54
2025-09-15;VALE3;57.50
2025-09-15;VIVA3;28.63
2025-09-15;WEGE3;36.51
2025-09-15;XPLG11;100.29
2025-09-16;B3SA3;13.48
2025-09-16;BBAS3;21.94
2025-09-16;BBDC3;14.60
2025-09-16;BBDC4;16.99
2025-09-16;BTLG11;102.43
2025-09-16;CMIN3;5.17
2025-09-16;CPLE3;11.80
2025-09-16;EGIE3;40.46
2025-09-16;FLRY3;15.61
2025-09-16;FRAS3;22.30
2025-09-16;GGBR3;15.33
2025-09-16;GGBR4;16.78
2025-09-16;GMAT3;7.03
2025-09-16;HAPV3;38.14
2025-09-16;HGLG11;158.10
2025-09-16;ISAE3;30.91
2025-09-16;ISAE4;23.44
2025-09-16;ITUB3;33.62
2025-09-16;ITUB4;37.90
2025-09-16;KNRI11;146.83
2025-09-16;LWSA3;4.35
2025-09-16;MXRF11;9.77
2025-09-16;PETR3;34.18
2025-09-16;PETR4;31.53
2025-09-16;PRIO3;38.47
2025-09-16;RAIL3;14.88
2025-09-16;RDOR3;40.30
2025-09-16;SANB11;28.87
2025-09-16;SANB3;13.62
2025-09-16;SANB4;14.96
2025-09-16;TAEE11;35.29
2025-09-16;TAEE3;11.70
2025-09-16;TAEE4;11.77
2025-09-16;TOTS3;44.44
2025-09-16;TUPY3;14.65
2025-09-16;VALE3;57.70
2025-09-16;VIVA3;28.72
2025-09-16;WEGE3;36.77
2025-09-16;XPLG11;100.69
2025-09-17;B3SA3;13.72
2025-09-17;BBAS3;21.87
2025-09-17;BBDC3;15.04
2025-09-17;BBDC4;17.58
2025-09-17;BTLG11;102.81
2025-09-17;CMIN3;5.21
2025-09-17;CPLE3;12.00
2025-09-17;EGIE3;40.78
2025-09-17;FLRY3;15.58
2025-09-17;FRAS3;22.41
2025-09-17;GGBR3;15.40
2025-09-17;GGBR4;16.84
2025-09-17;GMAT3;7.08
2025-09-17;HAPV3;38.64
2025-09-17;HGLG11;158.82
2025-09-17;ISAE3;30.85
2025-09-17;ISAE4;23.78
2025-09-17;ITUB3;34.35
2025-09-17;ITUB4;38.44
2025-09-17;KNRI11;147.27
2025-09-17;LWSA3;4.46
2025-09-17;MXRF11;9.77
2025-09-17;PETR3;34.44
2025-09-17;PETR4;31.72
2025-09-17;PRIO3;38.24
2025-09-17;RAIL3;15.28
2025-09-17;RDOR3;40.74
2025-09-17;SANB11;29.53
2025-09-17;SANB3;13.95
2025-09-17;SANB4;15.34
2025-09-17;TAEE11;35.54
2025-09-17;TAEE3;11.72
2025-09-17;TAEE4;11.84
2025-09-17;TOTS3;45.06
2025-09-17;TUPY3;14.81
2025-09-17;VALE3;57.80
2025-09-17;VIVA3;29.45
2025-09-17;WEGE3;36.71
2025-09-17;XPLG11;100.90
2025-09-18;B3SA3;13.73
2025-09-18;BBAS3;22.10
2025-09-18;BBDC3;14.88
2025-09-18;BBDC4;17.40
2025-09-18;BTLG11;102.56
2025-09-18;CMIN3;5.17
2025-09-18;CPLE3;11.97
2025-09-18;EGIE3;40.99
2025-09-18;FLRY3;15.53
2025-09-18;FRAS3;22.20
2025-09-18;GGBR3;15.37
2025-09-18;GGBR4;16.81
2025-09-18;GMAT3;7.03
2025-09-18;HAPV3;38.80
2025-09-18;HGLG11;158.74
2025-09-18;ISAE3;30.89
2025-09-18;ISAE4;23.62
2025-09-18;ITUB3;34.19
2025-09-18;ITUB4;38.49
2025-09-18;KNRI11;148.35
2025-09-18;LWSA3;4.43
2025-09-18;MXRF11;9.73
2025-09-18;PETR3;34.18
2025-09-18;PETR4;31.41
2025-09-18;PRIO3;38.89
2025-09-18;RAIL3;15.03
2025-09-18;RDOR3;41.33
2025-09-18;SANB11;29.28
2025-09-18;SANB3;13.97
2025-09-18;SANB4;15.24
2025-09-18;TAEE11;35.45
2025-09-18;TAEE3;11.74
2025-09-18;TAEE4;11.79
2025-09-18;TOTS3;45.30
2025-09-18;TUPY3;14.71
2025-09-18;VALE3;57.69
2025-09-18;VIVA3;29.69
2025-09-18;WEGE3;36.73
2025-09-18;XPLG11;100.64
2025-09-19;B3SA3;13.66
2025-09-19;BBAS3;21.62
2025-09-19;BBDC3;15.13
2025-09-19;BBDC4;17.71
2025-09-19;BTLG11;102.04
2025-09-19;CMIN3;5.21
2025-09-19;CPLE3;12.18
2025-09-19;EGIE3;41.70
2025-09-19;FLRY3;15.97
2025-09-19;FRAS3;22.68
2025-09-19;GGBR3;15.27
2025-09-19;GGBR4;16.77
2025-09-19;GMAT3;7.12
2025-09-19;HAPV3;38.18
2025-09-19;HGLG11;159.50
2025-09-19;ISAE3;30.50
2025-09-19;ISAE4;23.95
2025-09-19;ITUB3;34.55
2025-09-19;ITUB4;39.00
2025-09-19;KNRI11;146.60
2025-09-19;LWSA3;4.61
2025-09-19;MXRF11;9.80
2025-09-19;PETR3;33.68
2025-09-19;PETR4;31.06
2025-09-19;PRIO3;38.06
2025-09-19;RAIL3;14.61
2025-09-19;RDOR3;42.21
2025-09-19;SANB11;29.08
2025-09-19;SANB3;13.95
2025-09-19;SANB4;15.12
2025-09-19;TAEE11;35.81
2025-09-19;TAEE3;11.84
2025-09-19;TAEE4;11.94
2025-09-19;TOTS3;45.99
2025-09-19;TUPY3;14.10
2025-09-19;VALE3;57.92
2025-09-19;VIVA3;29.06
2025-09-19;WEGE3;36.35
2025-09-19;XPLG11;101.42
2025-09-22;B3SA3;13.50
2025-09-22;BBAS3;21.51
2025-09-22;BBDC3;15.17
2025-09-22;BBDC4;17.74
2025-09-22;BTLG11;101.89
2025-09-22;CMIN3;5.25
2025-09-22;CPLE3;12.01
2025-09-22;EGIE3;41.29
2025-09-22;FLRY3;15.94
2025-09-22;FRAS3;22.27
2025-09-22;GGBR3;15.04
2025-09-22;GGBR4;16.74
2025-09-22;GMAT3;7.04
2025-09-22;HAPV3;37.56
2025-09-22;HGLG11;159.00
2025-09-22;ISAE3;30.95
2025-09-22;ISAE4;23.53
2025-09-22;ITUB3;34.13
2025-09-22;ITUB4;38.44
2025-09-22;KNRI11;147.50
2025-09-22;LWSA3;4.42
2025-09-22;MXRF11;9.80
2025-09-22;PETR3;34.04
2025-09-22;PETR4;31.37
2025-09-22;PRIO3;38.18
2025-09-22;RAIL3;14.91
2025-09-22;RDOR3;41.71
2025-09-22;SANB11;28.82
2025-09-22;SANB3;13.77
2025-09-22;SANB4;14.68
2025-09-22;TAEE11;35.70
2025-09-22;TAEE3;11.82
2025-09-22;TAEE4;11.88
2025-09-22;TOTS3;45.72
2025-09-22;TUPY3;13.85
2025-09-22;VALE3;58.00
2025-09-22;VIVA3;28.86
2025-09-22;WEGE3;37.11
2025-09-22;XPLG11;101.00
2025-09-23;B3SA3;13.34
2025-09-23;BBAS3;22.13
2025-09-23;BBDC3;15.30
2025-09-23;BBDC4;17.85
2025-09-23;BTLG11;102.20
2025-09-23;CMIN3;5.36
2025-09-23;CPLE3;12.17
2025-09-23;EGIE3;41.24
2025-09-23;FLRY3;16.08
2025-09-23;FRAS3;22.35
2025-09-23;GGBR3;15.09
2025-09-23;GGBR4;16.86
2025-09-23;GMAT3;7.13
2025-09-23;HAPV3;38.05
2025-09-23;HGLG11;158.91
2025-09-23;ISAE3;30.98
2025-09-23;ISAE4;23.86
2025-09-23;ITUB3;34.54
2025-09-23;ITUB4;39.05
2025-09-23;KNRI11;148.01
2025-09-23;LWSA3;4.41
2025-09-23;MXRF11;9.79
2025-09-23;PETR3;34.94
2025-09-23;PETR4;31.90
2025-09-23;PRIO3;38.58
2025-09-23;RAIL3;15.15
2025-09-23;RDOR3;42.00
2025-09-23;SANB11;29.21
2025-09-23;SANB3;13.87
2025-09-23;SANB4;15.25
2025-09-23;TAEE11;36.10
2025-09-23;TAEE3;12.03
2025-09-23;TAEE4;12.01
2025-09-23;TOTS3;45.24
2025-09-23;TUPY3;13.60
2025-09-23;VALE3;57.67
2025-09-23;VIVA3;29.05
2025-09-23;WEGE3;36.70
2025-09-23;XPLG11;101.05
2025-09-24;B3SA3;13.17
2025-09-24;BBAS3;22.11
2025-09-24;BBDC3;15.17
2025-09-24;BBDC4;17.71
2025-09-24;BTLG11;102.80
2025-09-24;CMIN3;5.33
2025-09-24;CPLE3;12.07
2025-09-24;EGIE3;40.60
2025-09-24;FLRY3;16.26
2025-09-24;FRAS3;22.25
2025-09-24;GGBR3;15.08
2025-09-24;GGBR4;16.70
2025-09-24;GMAT3;7.06
2025-09-24;HAPV3;37.30
2025-09-24;HGLG11;159.60
2025-09-24;ISAE3;30.97
2025-09-24;ISAE4;23.83
2025-09-24;ITUB3;34.45
2025-09-24;ITUB4;38.79
2025-09-24;KNRI11;147.50
2025-09-24;LWSA3;4.41
2025-09-24;MXRF11;9.80
2025-09-24;PETR3;35.83
2025-09-24;PETR4;32.62
2025-09-24;PRIO3;38.91
2025-09-24;RAIL3;15.28
2025-09-24;RDOR3;41.34
2025-09-24;SANB11;28.89
2025-09-24;SANB3;13.83
2025-09-24;SANB4;15.17
2025-09-24;TAEE11;36.04
2025-09-24;TAEE3;11.94
2025-09-24;TAEE4;12.03
2025-09-24;TOTS3;46.02
2025-09-24;TUPY3;13.47
2025-09-24;VALE3;57.89
2025-09-24;VIVA3;28.69
2025-09-24;WEGE3;36.89
2025-09-24;XPLG11;100.92
2025-09-25;B3SA3;12.95
2025-09-25;BBAS3;21.79
2025-09-25;BBDC3;15.01
2025-09-25;BBDC4;17.57
2025-09-25;BTLG11;102.90
2025-09-25;CMIN3;5.33
2025-09-25;CPLE3;11.86
2025-09-25;EGIE3;40.27
2025-09-25;FLRY3;16.05
2025-09-25;FRAS3;22.04
2025-09-25;GGBR3;14.98
2025-09-25;GGBR4;16.68
2025-09-25;GMAT3;6.92
2025-09-25;HAPV3;37.01
2025-09-25;HGLG11;160.56
2025-09-25;ISAE3;30.64
2025-09-25;ISAE4;23.77
2025-09-25;ITUB3;34.14
2025-09-25;ITUB4;38.48
2025-09-25;KNRI11;147.55
2025-09-25;LWSA3;4.36
2025-09-25;MXRF11;9.80
2025-09-25;PETR3;35.20
2025-09-25;PETR4;32.36
2025-09-25;PRIO3;39.15
2025-09-25;RAIL3;15.13
2025-09-25;RDOR3;40.78
2025-09-25;SANB11;28.58
2025-09-25;SANB3;13.56
2025-09-25;SANB4;14.84
2025-09-25;TAEE11;36.15
2025-09-25;TAEE3;11.98
2025-09-25;TAEE4;12.08
2025-09-25;TOTS3;45.42
2025-09-25;TUPY3;13.22
2025-09-25;VALE3;58.21
2025-09-25;VIVA3;28.38
2025-09-25;WEGE3;36.35
2025-09-25;XPLG11;100.75
2025-09-26;B3SA3;13.22
2025-09-26;BBAS3;22.11
2025-09-26;BBDC3;15.09
2025-09-26;BBDC4;17.66
2025-09-26;BTLG11;103.15
2025-09-26;CMIN3;5.31
2025-09-26;CPLE3;11.83
2025-09-26;EGIE3;40.15
2025-09-26;FLRY3;16.09
2025-09-26;FRAS3;22.55
2025-09-26;GGBR3;14.80
2025-09-26;GGBR4;16.62
2025-09-26;GMAT3;6.86
2025-09-26;HAPV3;36.59
2025-09-26;HGLG11;160.16
2025-09-26;ISAE3;30.75
2025-09-26;ISAE4;24.36
2025-09-26;ITUB3;34.27
2025-09-26;ITUB4;38.67
2025-09-26;KNRI11;147.82
2025-09-26;LWSA3;4.44
2025-09-26;MXRF11;9.79
2025-09-26;PETR3;34.98
2025-09-26;PETR4;32.25
2025-09-26;PRIO3;39.24
2025-09-26;RAIL3;15.23
2025-09-26;RDOR3;41.22
2025-09-26;SANB11;29.24
2025-09-26;SANB3;13.90
2025-09-26;SANB4;15.21
2025-09-26;TAEE11;36.35
2025-09-26;TAEE3;12.00
2025-09-26;TAEE4;12.05
2025-09-26;TOTS3;44.99
2025-09-26;TUPY3;13.34
2025-09-26;VALE3;57.09
2025-09-26;VIVA3;28.50
2025-09-26;WEGE3;36.32
2025-09-26;XPLG11;100.80
2025-09-29;B3SA3;13.40
2025-09-29;BBAS3;22.12
2025-09-29;BBDC3;15.28
2025-09-29;BBDC4;17.84
2025-09-29;BTLG11;103.22
2025-09-29;CMIN3;5.52
2025-09-29;CPLE3;12.04
2025-09-29;EGIE3;41.08
2025-09-29;FLRY3;16.14
2025-09-29;FRAS3;22.73
2025-09-29;GGBR3;14.82
2025-09-29;GGBR4;16.76
2025-09-29;GMAT3;6.99
2025-09-29;HAPV3;36.35
2025-09-29;HGLG11;161.02
2025-09-29;ISAE3;30.94
2025-09-29;ISAE4;24.95
2025-09-29;ITUB3;34.46
2025-09-29;ITUB4;38.89
2025-09-29;KNRI11;147.75
2025-09-29;LWSA3;4.44
2025-09-29;MXRF11;9.80
2025-09-29;PETR3;34.32
2025-09-29;PETR4;31.81
2025-09-29;PRIO3;38.91
2025-09-29;RAIL3;15.65
2025-09-29;RDOR3;42.30
2025-09-29;SANB11;29.35
2025-09-29;SANB3;14.01
2025-09-29;SANB4;15.37
2025-09-29;TAEE11;36.76
2025-09-29;TAEE3;12.24
2025-09-29;TAEE4;12.28
2025-09-29;TOTS3;45.85
2025-09-29;TUPY3;13.24
2025-09-29;VALE3;57.28
2025-09-29;VIVA3;28.96
2025-09-29;WEGE3;36.37
2025-09-29;XPLG11;101.07
2025-09-30;B3SA3;13.40
2025-09-30;BBAS3;22.09
2025-09-30;BBDC3;15.23
2025-09-30;BBDC4;17.69
2025-09-30;BTLG11;103.67
2025-09-30;CMIN3;5.53
2025-09-30;CPLE3;12.08
2025-09-30;EGIE3;40.70
2025-09-30;FLRY3;16.14
2025-09-30;FRAS3;22.56
2025-09-30;GGBR3;14.73
2025-09-30;GGBR4;16.61
2025-09-30;GMAT3;6.95
2025-09-30;HAPV3;35.85
2025-09-30;HGLG11;162.01
2025-09-30;ISAE3;31.32
2025-09-30;ISAE4;24.67
2025-09-30;ITUB3;34.65
2025-09-30;ITUB4;39.07
2025-09-30;KNRI11;148.00
2025-09-30;LWSA3;4.58
2025-09-30;MXRF11;9.77
2025-09-30;PETR3;33.78
2025-09-30;PETR4;31.46
2025-09-30;PRIO3;38.13
2025-09-30;RAIL3;15.97
2025-09-30;RDOR3;42.08
2025-09-30;SANB11;29.40
2025-09-30;SANB3;14.05
2025-09-30;SANB4;15.47
2025-09-30;TAEE11;36.66
2025-09-30;TAEE3;12.13
2025-09-30;TAEE4;12.22
2025-09-30;TOTS3;45.93
2025-09-30;TUPY3;13.05
2025-09-30;VALE3;57.58
2025-09-30;VIVA3;28.56
2025-09-30;WEGE3;36.59
2025-09-30;XPLG11;101.06
2025-10-01;B3SA3;13.09
2025-10-01;BBAS3;21.93
2025-10-01;BBDC3;14.93
2025-10-01;BBDC4;17.39
2025-10-01;BTLG11;103.32
2025-10-01;CMIN3;5.61
2025-10-01;CPLE3;12.10
2025-10-01;EGIE3;41.03
2025-10-01;FLRY3;15.96
2025-10-01;FRAS3;22.49
2025-10-01;GGBR3;14.88
2025-10-01;GGBR4;16.96
2025-10-01;GMAT3;6.89
2025-10-01;HAPV3;35.48
2025-10-01;HGLG11;159.76
2025-10-01;ISAE3;31.15
2025-10-01;ISAE4;24.92
2025-10-01;ITUB3;33.97
2025-10-01;ITUB4;38.35
2025-10-01;KNRI11;145.26
2025-10-01;LWSA3;4.30
2025-10-01;MXRF11;9.54
2025-10-01;PETR3;33.74
2025-10-01;PETR4;31.38
2025-10-01;PRIO3;38.39
2025-10-01;RAIL3;15.74
2025-10-01;RDOR3;41.54
2025-10-01;SANB11;28.95
2025-10-01;SANB3;13.80
2025-10-01;SANB4;15.11
2025-10-01;TAEE11;36.93
2025-10-01;TAEE3;12.19
2025-10-01;TAEE4;12.30
2025-10-01;TOTS3;44.82
2025-10-01;TUPY3;13.25
2025-10-01;VALE3;58.31
2025-10-01;VIVA3;29.04
2025-10-01;WEGE3;35.79
2025-10-01;XPLG11;100.47
2025-10-02;B3SA3;12.84
2025-10-02;BBAS3;21.76
2025-10-02;BBDC3;14.71
2025-10-02;BBDC4;17.09
2025-10-02;BTLG11;103.87
2025-10-02;CMIN3;5.54
2025-10-02;CPLE3;11.84
2025-10-02;EGIE3;40.58
2025-10-02;FLRY3;16.00
2025-10-02;FRAS3;22.20
2025-10-02;GGBR3;15.07
2025-10-02;GGBR4;17.17
2025-10-02;GMAT3;6.84
2025-10-02;HAPV3;35.55
2025-10-02;HGLG11;160.27
2025-10-02;ISAE3;31.06
2025-10-02;ISAE4;24.77
2025-10-02;ITUB3;33.64
2025-10-02;ITUB4;37.93
2025-10-02;KNRI11;144.31
2025-10-02;LWSA3;4.16
2025-10-02;MXRF11;9.58
2025-10-02;PETR3;33.32
2025-10-02;PETR4;31.08
2025-10-02;PRIO3;38.30
2025-10-02;RAIL3;15.90
2025-10-02;RDOR3;41.54
2025-10-02;SANB11;28.89
2025-10-02;SANB3;13.80
2025-10-02;SANB4;15.07
2025-10-02;TAEE11;36.50
2025-10-02;TAEE3;12.12
2025-10-02;TAEE4;12.24
2025-10-02;TOTS3;43.87
2025-10-02;TUPY3;12.90
2025-10-02;VALE3;58.70
2025-10-02;VIVA3;28.34
2025-10-02;WEGE3;36.13
2025-10-02;XPLG11;99.86
2025-10-03;B3SA3;12.75
2025-10-03;BBAS3;21.58
2025-10-03;BBDC3;14.71
2025-10-03;BBDC4;17.10
2025-10-03;BTLG11;104.14
2025-10-03;CMIN3;5.58
2025-10-03;CPLE3;11.85
2025-10-03;EGIE3;40.30
2025-10-03;FLRY3;16.00
2025-10-03;FRAS3;22.33
2025-10-03;GGBR3;15.34
2025-10-03;GGBR4;17.50
2025-10-03;GMAT3;6.84
2025-10-03;HAPV3;35.86
2025-10-03;HGLG11;160.46
2025-10-03;ISAE3;30.98
2025-10-03;ISAE4;24.53
2025-10-03;ITUB3;33.88
2025-10-03;ITUB4;38.21
2025-10-03;KNRI11;145.20
2025-10-03;LWSA3;4.34
2025-10-03;MXRF11;9.68
2025-10-03;PETR3;33.07
2025-10-03;PETR4;31.00
2025-10-03;PRIO3;38.24
2025-10-03;RAIL3;15.90
2025-10-03;RDOR3;41.60
2025-10-03;SANB11;28.83
2025-10-03;SANB3;13.79
2025-10-03;SANB4;15.06
2025-10-03;TAEE11;36.70
2025-10-03;TAEE3;12.10
2025-10-03;TAEE4;12.20
2025-10-03;TOTS3;44.68
2025-10-03;TUPY3;13.07
2025-10-03;VALE3;58.59
2025-10-03;VIVA3;29.04
2025-10-03;WEGE3;36.40
2025-10-03;XPLG11;100.33
2025-10-06;B3SA3;12.64
2025-10-06;BBAS3;21.41
2025-10-06;BBDC3;14.59
2025-10-06;BBDC4;17.00
2025-10-06;BTLG11;104.25
2025-10-06;CMIN3;5.77
2025-10-06;CPLE3;11.72
2025-10-06;EGIE3;39.95
2025-10-06;FLRY3;15.92
2025-10-06;FRAS3;22.11
2025-10-06;GGBR3;15.37
2025-10-06;GGBR4;17.45
2025-10-06;GMAT3;6.66
2025-10-06;HAPV3;36.00
2025-10-06;HGLG11;160.46
2025-10-06;ISAE3;31.01
2025-10-06;ISAE4;24.52
2025-10-06;ITUB3;33.50
2025-10-06;ITUB4;37.77
2025-10-06;KNRI11;144.81
2025-10-06;LWSA3;4.20
2025-10-06;MXRF11;9.61
2025-10-06;PETR3;32.88
2025-10-06;PETR4;30.72
2025-10-06;PRIO3;37.91
2025-10-06;RAIL3;15.75
2025-10-06;RDOR3;41.63
2025-10-06;SANB11;28.59
2025-10-06;SANB3;13.66
2025-10-06;SANB4;14.87
2025-10-06;TAEE11;36.37
2025-10-06;TAEE3;12.02
2025-10-06;TAEE4;12.14
2025-10-06;TOTS3;44.13
2025-10-06;TUPY3;12.79
2025-10-06;VALE3;59.59
2025-10-06;VIVA3;28.45
2025-10-06;WEGE3;35.68
2025-10-06;XPLG11;99.85
2025-10-07;B3SA3;12.24
2025-10-07;BBAS3;21.21
2025-10-07;BBDC3;14.33
2025-10-07;BBDC4;16.72
2025-10-07;BTLG11;103.99
2025-10-07;CMIN3;5.69
2025-10-07;CPLE3;11.53
2025-10-07;EGIE3;40.15
2025-10-07;FLRY3;15.75
2025-10-07;FRAS3;21.90
2025-10-07;GGBR3;15.21
2025-10-07;GGBR4;17.19
2025-10-07;GMAT3;6.45
2025-10-07;HAPV3;35.33
2025-10-07;HGLG11;160.10
2025-10-07;ISAE3;30.77
2025-10-07;ISAE4;23.96
2025-10-07;ITUB3;32.87
2025-10-07;ITUB4;37.17
2025-10-07;KNRI11;144.35
2025-10-07;LWSA3;4.27
2025-10-07;MXRF11;9.61
2025-10-07;PETR3;32.92
2025-10-07;PETR4;30.83
2025-10-07;PRIO3;37.73
2025-10-07;RAIL3;15.70
2025-10-07;RDOR3;40.87
2025-10-07;SANB11;28.00
2025-10-07;SANB3;13.39
2025-10-07;SANB4;14.63
2025-10-07;TAEE11;36.00
2025-10-07;TAEE3;11.96
2025-10-07;TAEE4;12.06
2025-10-07;TOTS3;43.42
2025-10-07;TUPY3;12.59
2025-10-07;VALE3;58.75
2025-10-07;VIVA3;27.17
2025-10-07;WEGE3;35.73
2025-10-07;XPLG11;100.17
2025-10-08;B3SA3;12.66
2025-10-08;BBAS3;21.12
2025-10-08;BBDC3;14.54
2025-10-08;BBDC4;16.99
2025-10-08;BTLG11;103.72
2025-10-08;CMIN3;5.68
2025-10-08;CPLE3;11.50
2025-10-08;EGIE3;39.82
2025-10-08;FLRY3;15.61
2025-10-08;FRAS3;22.17
2025-10-08;GGBR3;15.31
2025-10-08;GGBR4;17.53
2025-10-08;GMAT3;6.46
2025-10-08;HAPV3;36.13
2025-10-08;HGLG11;159.85
2025-10-08;ISAE3;30.96
2025-10-08;ISAE4;24.01
2025-10-08;ITUB3;33.04
2025-10-08;ITUB4;37.24
2025-10-08;KNRI11;144.60
2025-10-08;LWSA3;4.19
2025-10-08;MXRF11;9.58
2025-10-08;PETR3;32.59
2025-10-08;PETR4;30.65
2025-10-08;PRIO3;37.64
2025-10-08;RAIL3;15.73
2025-10-08;RDOR3;40.99
2025-10-08;SANB11;27.94
2025-10-08;SANB3;13.27
2025-10-08;SANB4;14.54
2025-10-08;TAEE11;36.21
2025-10-08;TAEE3;12.00
2025-10-08;TAEE4;12.05
2025-10-08;TOTS3;43.54
2025-10-08;TUPY3;12.41
2025-10-08;VALE3;59.20
2025-10-08;VIVA3;27.40
2025-10-08;WEGE3;35.50
2025-10-08;XPLG11;99.70
2025-10-09;B3SA3;12.79
2025-10-09;BBAS3;21.19
2025-10-09;BBDC3;14.59
2025-10-09;BBDC4;17.08
2025-10-09;BTLG11;103.65
2025-10-09;CMIN3;5.72
2025-10-09;CPLE3;11.58
2025-10-09;EGIE3;39.87
2025-10-09;FLRY3;15.48
2025-10-09;FRAS3;22.11
2025-10-09;GGBR3;15.25
2025-10-09;GGBR4;17.57
2025-10-09;GMAT3;6.38
2025-10-09;HAPV3;35.87
2025-10-09;HGLG11;159.60
2025-10-09;ISAE3;31.12
2025-10-09;ISAE4;23.92
2025-10-09;ITUB3;33.09
2025-10-09;ITUB4;37.18
2025-10-09;KNRI11;144.88
2025-10-09;LWSA3;4.13
2025-10-09;MXRF11;9.60
2025-10-09;PETR3;32.15
2025-10-09;PETR4;30.21
2025-10-09;PRIO3;37.28
2025-10-09;RAIL3;15.49
2025-10-09;RDOR3;39.79
2025-10-09;SANB11;28.31
2025-10-09;SANB3;13.47
2025-10-09;SANB4;14.67
2025-10-09;TAEE11;35.88
2025-10-09;TAEE3;11.97
2025-10-09;TAEE4;12.07
2025-10-09;TOTS3;42.58
2025-10-09;TUPY3;12.37
2025-10-09;VALE3;59.11
2025-10-09;VIVA3;27.13
2025-10-09;WEGE3;37.20
2025-10-09;XPLG11;100.20
2025-10-10;B3SA3;12.60
2025-10-10;BBAS3;20.61
2025-10-10;BBDC3;14.38
2025-10-10;BBDC4;16.85
2025-10-10;BTLG11;103.81
2025-10-10;CMIN3;5.51
2025-10-10;CPLE3;11.56
2025-10-10;EGIE3;40.45
2025-10-10;FLRY3;15.43
2025-10-10;FRAS3;22.07
2025-10-10;GGBR3;15.10
2025-10-10;GGBR4;17.35
2025-10-10;GMAT3;6.34
2025-10-10;HAPV3;33.71
2025-10-10;HGLG11;160.00
2025-10-10;ISAE3;31.55
2025-10-10;ISAE4;23.89
2025-10-10;ITUB3;33.07
2025-10-10;ITUB4;37.14
2025-10-10;KNRI11;145.76
2025-10-10;LWSA3;4.03
2025-10-10;MXRF11;9.55
2025-10-10;PETR3;31.91
2025-10-10;PETR4;29.94
2025-10-10;PRIO3;36.02
2025-10-10;RAIL3;15.53
2025-10-10;RDOR3;39.79
2025-10-10;SANB11;27.70
2025-10-10;SANB3;13.25
2025-10-10;SANB4;14.49
2025-10-10;TAEE11;35.83
2025-10-10;TAEE3;11.93
2025-10-10;TAEE4;12.07
2025-10-10;TOTS3;42.92
2025-10-10;TUPY3;12.57
2025-10-10;VALE3;58.87
2025-10-10;VIVA3;27.08
2025-10-10;WEGE3;36.69
2025-10-10;XPLG11;100.87
2025-10-13;B3SA3;12.71
2025-10-13;BBAS3;20.88
2025-10-13;BBDC3;14.45
2025-10-13;BBDC4;16.92
2025-10-13;BTLG11;103.70
2025-10-13;CMIN3;5.64
2025-10-13;CPLE3;11.69
2025-10-13;EGIE3;41.50
2025-10-13;FLRY3;15.45
2025-10-13;FRAS3;22.16
2025-10-13;GGBR3;15.54
2025-10-13;GGBR4;17.72
2025-10-13;GMAT3;6.31
2025-10-13;HAPV3;33.76
2025-10-13;HGLG11;160.06
2025-10-13;ISAE3;31.09
2025-10-13;ISAE4;23.99
2025-10-13;ITUB3;33.31
2025-10-13;ITUB4;37.29
2025-10-13;KNRI11;144.61
2025-10-13;LWSA3;3.97
2025-10-13;MXRF11;9.54
2025-10-13;PETR3;32.21
2025-10-13;PETR4;30.23
2025-10-13;PRIO3;36.30
2025-10-13;RAIL3;15.47
2025-10-13;RDOR3;39.75
2025-10-13;SANB11;27.74
2025-10-13;SANB3;13.28
2025-10-13;SANB4;14.40
2025-10-13;TAEE11;36.02
2025-10-13;TAEE3;11.94
2025-10-13;TAEE4;12.03
2025-10-13;TOTS3;42.80
2025-10-13;TUPY3;12.47
2025-10-13;VALE3;59.75
2025-10-13;VIVA3;27.00
2025-10-13;WEGE3;37.84
2025-10-13;XPLG11;100.25
2025-10-14;B3SA3;12.55
2025-10-14;BBAS3;20.70
2025-10-14;BBDC3;14.60
2025-10-14;BBDC4;17.16
2025-10-14;BTLG11;103.71
2025-10-14;CMIN3;5.67
2025-10-14;CPLE3;11.69
2025-10-14;EGIE3;40.05
2025-10-14;FLRY3;15.35
2025-10-14;FRAS3;22.16
2025-10-14;GGBR3;15.13
2025-10-14;GGBR4;17.71
2025-10-14;GMAT3;6.20
2025-10-14;HAPV3;32.96
2025-10-14;HGLG11;159.98
2025-10-14;ISAE3;31.44
2025-10-14;ISAE4;23.95
2025-10-14;ITUB3;33.25
2025-10-14;ITUB4;37.45
2025-10-14;KNRI11;146.01
2025-10-14;LWSA3;3.96
2025-10-14;MXRF11;9.62
2025-10-14;PETR3;32.19
2025-10-14;PETR4;30.02
2025-10-14;PRIO3;35.32
2025-10-14;RAIL3;15.37
2025-10-14;RDOR3;40.21
2025-10-14;SANB11;27.45
2025-10-14;SANB3;13.09
2025-10-14;SANB4;14.36
2025-10-14;TAEE11;35.85
2025-10-14;TAEE3;11.89
2025-10-14;TAEE4;12.04
2025-10-14;TOTS3;42.63
2025-10-14;TUPY3;12.36
2025-10-14;VALE3;59.75
2025-10-14;VIVA3;27.01
2025-10-14;WEGE3;37.33
2025-10-14;XPLG11;101.05
2025-10-15;B3SA3;12.64
2025-10-15;BBAS3;20.32
2025-10-15;BBDC3;14.79
2025-10-15;BBDC4;17.36
2025-10-15;BTLG11;103.90
2025-10-15;CMIN3;5.65
2025-10-15;CPLE3;11.72
2025-10-15;EGIE3;39.82
2025-10-15;FLRY3;15.48
2025-10-15;FRAS3;22.16
2025-10-15;GGBR3;15.46
2025-10-15;GGBR4;17.92
2025-10-15;GMAT3;6.25
2025-10-15;HAPV3;33.40
2025-10-15;HGLG11;160.50
2025-10-15;ISAE3;31.08
2025-10-15;ISAE4;24.06
2025-10-15;ITUB3;33.15
2025-10-15;ITUB4;37.45
2025-10-15;KNRI11;146.38
2025-10-15;LWSA3;3.98
2025-10-15;MXRF11;9.66
2025-10-15;PETR3;31.74
2025-10-15;PETR4;29.75
2025-10-15;PRIO3;34.60
2025-10-15;RAIL3;15.58
2025-10-15;RDOR3;40.52
2025-10-15;SANB11;27.93
2025-10-15;SANB3;13.30
2025-10-15;SANB4;14.56
2025-10-15;TAEE11;36.33
2025-10-15;TAEE3;11.99
2025-10-15;TAEE4;12.15
2025-10-15;TOTS3;42.31
2025-10-15;TUPY3;12.46
2025-10-15;VALE3;60.86
2025-10-15;VIVA3;27.80
2025-10-15;WEGE3;37.42
2025-10-15;XPLG11;100.74
2025-10-16;B3SA3;12.60
2025-10-16;BBAS3;20.37
2025-10-16;BBDC3;14.90
2025-10-16;BBDC4;17.56
2025-10-16;BTLG11;103.06
2025-10-16;CMIN3;5.59
2025-10-16;CPLE3;11.98
2025-10-16;EGIE3;40.26
2025-10-16;FLRY3;15.36
2025-10-16;FRAS3;22.24
2025-10-16;GGBR3;15.24
2025-10-16;GGBR4;17.67
2025-10-16;GMAT3;6.17
2025-10-16;HAPV3;32.62
2025-10-16;HGLG11;160.50
2025-10-16;ISAE3;31.49
2025-10-16;ISAE4;24.15
2025-10-16;ITUB3;33.19
2025-10-16;ITUB4;37.36
2025-10-16;KNRI11;146.00
2025-10-16;LWSA3;4.03
2025-10-16;MXRF11;9.64
2025-10-16;PETR3;31.49
2025-10-16;PETR4;29.45
2025-10-16;PRIO3;34.20
2025-10-16;RAIL3;15.05
2025-10-16;RDOR3;40.60
2025-10-16;SANB11;28.01
2025-10-16;SANB3;13.37
2025-10-16;SANB4;14.60
2025-10-16;TAEE11;36.27
2025-10-16;TAEE3;12.01
2025-10-16;TAEE4;12.19
2025-10-16;TOTS3;42.05
2025-10-16;TUPY3;12.46
2025-10-16;VALE3;60.30
2025-10-16;VIVA3;27.85
2025-10-16;WEGE3;38.43
2025-10-16;XPLG11;101.07
2025-10-17;B3SA3;12.56
2025-10-17;BBAS3;20.90
2025-10-17;BBDC3;15.05
2025-10-17;BBDC4;17.68
2025-10-17;BTLG11;103.47
2025-10-17;CMIN3;5.58
2025-10-17;CPLE3;12.22
2025-10-17;EGIE3;40.06
2025-10-17;FLRY3;15.58
2025-10-17;FRAS3;22.55
2025-10-17;GGBR3;15.55
2025-10-17;GGBR4;18.00
2025-10-17;GMAT3;6.21
2025-10-17;HAPV3;32.90
2025-10-17;HGLG11;159.60
2025-10-17;ISAE3;32.00
2025-10-17;ISAE4;24.23
2025-10-17;ITUB3;33.31
2025-10-17;ITUB4;37.49
2025-10-17;KNRI11;145.60
2025-10-17;LWSA3;4.01
2025-10-17;MXRF11;9.67
2025-10-17;PETR3;31.64
2025-10-17;PETR4;29.73
2025-10-17;PRIO3;36.12
2025-10-17;RAIL3;15.47
2025-10-17;RDOR3;40.79
2025-10-17;SANB11;28.20
2025-10-17;SANB3;13.44
2025-10-17;SANB4;14.77
2025-10-17;TAEE11;36.67
2025-10-17;TAEE3;12.06
2025-10-17;TAEE4;12.23
2025-10-17;TOTS3;41.33
2025-10-17;TUPY3;12.40
2025-10-17;VALE3;60.13
2025-10-17;VIVA3;28.79
2025-10-17;WEGE3;40.15
2025-10-17;XPLG11;101.66
2025-10-20;B3SA3;12.66
2025-10-20;BBAS3;20.77
2025-10-20;BBDC3;15.32
2025-10-20;BBDC4;18.01
2025-10-20;BTLG11;103.09
2025-10-20;CMIN3;5.82
2025-10-20;CPLE3;12.40
2025-10-20;EGIE3;39.90
2025-10-20;FLRY3;14.91
2025-10-20;FRAS3;22.76
2025-10-20;GGBR3;15.90
2025-10-20;GGBR4;18.26
2025-10-20;GMAT3;6.27
2025-10-20;HAPV3;33.04
2025-10-20;HGLG11;159.30
2025-10-20;ISAE3;31.70
2025-10-20;ISAE4;24.44
2025-10-20;ITUB3;33.77
2025-10-20;ITUB4;38.16
2025-10-20;KNRI11;145.02
2025-10-20;LWSA3;3.91
2025-10-20;MXRF11;9.62
2025-10-20;PETR3;31.56
2025-10-20;PETR4;29.75
2025-10-20;PRIO3;35.41
2025-10-20;RAIL3;15.48
2025-10-20;RDOR3;41.07
2025-10-20;SANB11;28.90
2025-10-20;SANB3;13.87
2025-10-20;SANB4;15.02
2025-10-20;TAEE11;36.47
2025-10-20;TAEE3;12.11
2025-10-20;TAEE4;12.23
2025-10-20;TOTS3;41.34
2025-10-20;TUPY3;12.46
2025-10-20;VALE3;60.90
2025-10-20;VIVA3;29.10
2025-10-20;WEGE3;39.54
2025-10-20;XPLG11;101.05
2025-10-21;B3SA3;12.33
2025-10-21;BBAS3;20.54
2025-10-21;BBDC3;15.17
2025-10-21;BBDC4;17.77
2025-10-21;BTLG11;103.64
2025-10-21;CMIN3;5.69
2025-10-21;CPLE3;12.48
2025-10-21;EGIE3;39.66
2025-10-21;FLRY3;14.85
2025-10-21;FRAS3;22.53
2025-10-21;GGBR3;15.70
2025-10-21;GGBR4;18.19
2025-10-21;GMAT3;6.22
2025-10-21;HAPV3;32.63
2025-10-21;HGLG11;159.60
2025-10-21;ISAE3;32.01
2025-10-21;ISAE4;24.25
2025-10-21;ITUB3;33.63
2025-10-21;ITUB4;37.80
2025-10-21;KNRI11;146.03
2025-10-21;LWSA3;3.92
2025-10-21;MXRF11;9.64
2025-10-21;PETR3;31.23
2025-10-21;PETR4;29.51
2025-10-21;PRIO3;35.15
2025-10-21;RAIL3;15.57
2025-10-21;RDOR3;41.54
2025-10-21;SANB11;28.76
2025-10-21;SANB3;13.76
2025-10-21;SANB4;15.00
2025-10-21;TAEE11;36.49
2025-10-21;TAEE3;12.06
2025-10-21;TAEE4;12.12
2025-10-21;TOTS3;41.70
2025-10-21;TUPY3;12.34
2025-10-21;VALE3;60.80
2025-10-21;VIVA3;29.54
2025-10-21;WEGE3;39.67
2025-10-21;XPLG11;101.13
2025-10-22;B3SA3;12.45
2025-10-22;BBAS3;20.69
2025-10-22;BBDC3;15.23
2025-10-22;BBDC4;17.79
2025-10-22;BTLG11;103.65
2025-10-22;CMIN3;5.71
2025-10-22;CPLE3;12.69
2025-10-22;EGIE3;39.33
2025-10-22;FLRY3;14.45
2025-10-22;FRAS3;22.70
2025-10-22;GGBR3;15.22
2025-10-22;GGBR4;18.00
2025-10-22;GMAT3;6.24
2025-10-22;HAPV3;32.36
2025-10-22;HGLG11;160.33
2025-10-22;ISAE3;31.90
2025-10-22;ISAE4;24.36
2025-10-22;ITUB3;33.92
2025-10-22;ITUB4;38.11
2025-10-22;KNRI11;146.00
2025-10-22;LWSA3;4.04
2025-10-22;MXRF11;9.63
2025-10-22;PETR3;31.75
2025-10-22;PETR4;29.85
2025-10-22;PRIO3;36.21
2025-10-22;RAIL3;15.37
2025-10-22;RDOR3;42.11
2025-10-22;SANB11;28.45
2025-10-22;SANB3;13.50
2025-10-22;SANB4;14.96
2025-10-22;TAEE11;36.54
2025-10-22;TAEE3;12.09
2025-10-22;TAEE4;12.15
2025-10-22;TOTS3;41.50
2025-10-22;TUPY3;12.35
2025-10-22;VALE3;61.88
2025-10-22;VIVA3;29.85
2025-10-22;WEGE3;40.02
2025-10-22;XPLG11;101.38
2025-10-23;B3SA3;12.59
2025-10-23;BBAS3;20.65
2025-10-23;BBDC3;15.36
2025-10-23;BBDC4;17.98
2025-10-23;BTLG11;103.72
2025-10-23;CMIN3;5.79
2025-10-23;CPLE3;12.79
2025-10-23;EGIE3;39.40
2025-10-23;FLRY3;14.20
2025-10-23;FRAS3;22.80
2025-10-23;GGBR3;15.60
2025-10-23;GGBR4;18.19
2025-10-23;GMAT3;6.28
2025-10-23;HAPV3;32.23
2025-10-23;HGLG11;158.85
2025-10-23;ISAE3;31.91
2025-10-23;ISAE4;24.52
2025-10-23;ITUB3;34.03
2025-10-23;ITUB4;38.08
2025-10-23;KNRI11;145.00
2025-10-23;LWSA3;4.02
2025-10-23;MXRF11;9.62
2025-10-23;PETR3;31.98
2025-10-23;PETR4;30.19
2025-10-23;PRIO3;36.86
2025-10-23;RAIL3;15.55
2025-10-23;RDOR3;42.04
2025-10-23;SANB11;28.68
2025-10-23;SANB3;13.72
2025-10-23;SANB4;15.00
2025-10-23;TAEE11;36.80
2025-10-23;TAEE3;12.22
2025-10-23;TAEE4;12.31
2025-10-23;TOTS3;41.98
2025-10-23;TUPY3;12.57
2025-10-23;VALE3;61.76
2025-10-23;VIVA3;30.11
2025-10-23;WEGE3;41.44
2025-10-23;XPLG11;101.50
2025-10-24;B3SA3;12.50
2025-10-24;BBAS3;20.52
2025-10-24;BBDC3;15.48
2025-10-24;BBDC4;18.08
2025-10-24;BTLG11;103.90
2025-10-24;CMIN3;5.81
2025-10-24;CPLE3;12.84
2025-10-24;EGIE3;39.27
2025-10-24;FLRY3;14.45
2025-10-24;FRAS3;23.00
2025-10-24;GGBR3;15.49
2025-10-24;GGBR4;18.21
2025-10-24;GMAT3;6.31
2025-10-24;HAPV3;32.43
2025-10-24;HGLG11;159.30
2025-10-24;ISAE3;32.01
2025-10-24;ISAE4;24.53
2025-10-24;ITUB3;33.97
2025-10-24;ITUB4;38.03
2025-10-24;KNRI11;145.47
2025-10-24;LWSA3;4.02
2025-10-24;MXRF11;9.64
2025-10-24;PETR3;31.75
2025-10-24;PETR4;29.84
2025-10-24;PRIO3;37.05
2025-10-24;RAIL3;15.38
2025-10-24;RDOR3;42.26
2025-10-24;SANB11;29.11
2025-10-24;SANB3;13.94
2025-10-24;SANB4;15.22
2025-10-24;TAEE11;36.97
2025-10-24;TAEE3;12.16
2025-10-24;TAEE4;12.39
2025-10-24;TOTS3;42.34
2025-10-24;TUPY3;12.34
2025-10-24;VALE3;61.73
2025-10-24;VIVA3;30.67
2025-10-24;WEGE3;41.37
2025-10-24;XPLG11;101.57
2025-10-27;B3SA3;12.53
2025-10-27;BBAS3;20.85
2025-10-27;BBDC3;15.54
2025-10-27;BBDC4;18.23
2025-10-27;BTLG11;103.26
2025-10-27;CMIN3;5.80
2025-10-27;CPLE3;12.91
2025-10-27;EGIE3;39.86
2025-10-27;FLRY3;14.64
2025-10-27;FRAS3;23.03
2025-10-27;GGBR3;15.45
2025-10-27;GGBR4;18.22
2025-10-27;GMAT3;6.36
2025-10-27;HAPV3;32.39
2025-10-27;HGLG11;158.51
2025-10-27;ISAE3;31.90
2025-10-27;ISAE4;24.84
2025-10-27;ITUB3;34.27
2025-10-27;ITUB4;38.35
2025-10-27;KNRI11;146.85
2025-10-27;LWSA3;4.05
2025-10-27;MXRF11;9.61
2025-10-27;PETR3;31.97
2025-10-27;PETR4;30.00
2025-10-27;PRIO3;37.00
2025-10-27;RAIL3;15.56
2025-10-27;RDOR3;42.55
2025-10-27;SANB11;29.40
2025-10-27;SANB3;13.97
2025-10-27;SANB4;15.38
2025-10-27;TAEE11;37.32
2025-10-27;TAEE3;12.35
2025-10-27;TAEE4;12.49
2025-10-27;TOTS3;42.41
2025-10-27;TUPY3;12.68
2025-10-27;VALE3;61.66
2025-10-27;VIVA3;30.70
2025-10-27;WEGE3;41.67
2025-10-27;XPLG11;101.30
2025-10-28;B3SA3;12.63
2025-10-28;BBAS3;20.96
2025-10-28;BBDC3;15.61
2025-10-28;BBDC4;18.24
2025-10-28;BTLG11;103.10
2025-10-28;CMIN3;5.96
2025-10-28;CPLE3;12.80
2025-10-28;EGIE3;39.75
2025-10-28;FLRY3;14.66
2025-10-28;FRAS3;22.93
2025-10-28;GGBR3;15.68
2025-10-28;GGBR4;18.46
2025-10-28;GMAT3;6.29
2025-10-28;HAPV3;32.12
2025-10-28;HGLG11;157.74
2025-10-28;ISAE3;32.50
2025-10-28;ISAE4;24.88
2025-10-28;ITUB3;34.39
2025-10-28;ITUB4;38.48
2025-10-28;KNRI11;146.20
2025-10-28;LWSA3;3.96
2025-10-28;MXRF11;9.62
2025-10-28;PETR3;32.00
2025-10-28;PETR4;29.99
2025-10-28;PRIO3;36.43
2025-10-28;RAIL3;15.80
2025-10-28;RDOR3;42.60
2025-10-28;SANB11;29.36
2025-10-28;SANB3;14.01
2025-10-28;SANB4;15.40
2025-10-28;TAEE11;37.66
2025-10-28;TAEE3;12.45
2025-10-28;TAEE4;12.60
2025-10-28;TOTS3;43.50
2025-10-28;TUPY3;12.45
2025-10-28;VALE3;62.20
2025-10-28;VIVA3;30.55
2025-10-28;WEGE3;42.32
2025-10-28;XPLG11;101.35
2025-10-29;B3SA3;12.64
2025-10-29;BBAS3;21.22
2025-10-29;BBDC3;16.00
2025-10-29;BBDC4;18.83
2025-10-29;BTLG11;103.27
2025-10-29;CMIN3;6.00
2025-10-29;CPLE3;12.96
2025-10-29;EGIE3;40.06
2025-10-29;FLRY3;14.49
2025-10-29;FRAS3;22.95
2025-10-29;GGBR3;15.93
2025-10-29;GGBR4;19.25
2025-10-29;GMAT3;6.29
2025-10-29;HAPV3;31.60
2025-10-29;HGLG11;159.10
2025-10-29;ISAE3;32.50
2025-10-29;ISAE4;24.88
2025-10-29;ITUB3;35.18
2025-10-29;ITUB4;39.34
2025-10-29;KNRI11;148.00
2025-10-29;LWSA3;3.88
2025-10-29;MXRF11;9.63
2025-10-29;PETR3;31.94
2025-10-29;PETR4;30.02
2025-10-29;PRIO3;36.00
2025-10-29;RAIL3;15.64
2025-10-29;RDOR3;42.81
2025-10-29;SANB11;29.83
2025-10-29;SANB3;14.23
2025-10-29;SANB4;15.47
2025-10-29;TAEE11;37.65
2025-10-29;TAEE3;12.40
2025-10-29;TAEE4;12.64
2025-10-29;TOTS3;43.21
2025-10-29;TUPY3;12.35
2025-10-29;VALE3;63.33
2025-10-29;VIVA3;30.27
2025-10-29;WEGE3;42.05
2025-10-29;XPLG11;100.80
2025-10-30;B3SA3;12.60
2025-10-30;BBAS3;21.63
2025-10-30;BBDC3;15.43
2025-10-30;BBDC4;18.10
2025-10-30;BTLG11;103.40
2025-10-30;CMIN3;6.03
2025-10-30;CPLE3;12.95
2025-10-30;EGIE3;39.82
2025-10-30;FLRY3;14.47
2025-10-30;FRAS3;22.95
2025-10-30;GGBR3;15.81
2025-10-30;GGBR4;18.72
2025-10-30;GMAT3;6.35
2025-10-30;HAPV3;31.57
2025-10-30;HGLG11;159.75
2025-10-30;ISAE3;32.05
2025-10-30;ISAE4;25.44
2025-10-30;ITUB3;35.07
2025-10-30;ITUB4;39.29
2025-10-30;KNRI11;147.59
2025-10-30;LWSA3;3.88
2025-10-30;MXRF11;9.61
2025-10-30;PETR3;31.66
2025-10-30;PETR4;29.89
2025-10-30;PRIO3;35.77
2025-10-30;RAIL3;15.99
2025-10-30;RDOR3;42.80
2025-10-30;SANB11;30.61
2025-10-30;SANB3;14.55
2025-10-30;SANB4;15.97
2025-10-30;TAEE11;38.12
2025-10-30;TAEE3;12.55
2025-10-30;TAEE4;12.71
2025-10-30;TOTS3;43.73
2025-10-30;TUPY3;12.14
2025-10-30;VALE3;63.81
2025-10-30;VIVA3;30.87
2025-10-30;WEGE3;41.45
2025-10-30;XPLG11;100.89
2025-10-31;B3SA3;12.66
2025-10-31;BBAS3;21.90
2025-10-31;BBDC3;15.47
2025-10-31;BBDC4;18.16
2025-10-31;BTLG11;102.94
2025-10-31;CMIN3;6.07
2025-10-31;CPLE3;13.11
2025-10-31;EGIE3;40.00
2025-10-31;FLRY3;14.55
2025-10-31;FRAS3;22.95
2025-10-31;GGBR3;16.06
2025-10-31;GGBR4;18.94
2025-10-31;GMAT3;6.44
2025-10-31;HAPV3;31.28
2025-10-31;HGLG11;158.50
2025-10-31;ISAE3;31.00
2025-10-31;ISAE4;25.11
2025-10-31;ITUB3;35.14
2025-10-31;ITUB4;39.44
2025-10-31;KNRI11;148.60
2025-10-31;LWSA3;3.91
2025-10-31;MXRF11;9.65
2025-10-31;PETR3;31.51
2025-10-31;PETR4;29.75
2025-10-31;PRIO3;36.03
2025-10-31;RAIL3;15.92
2025-10-31;RDOR3;43.34
2025-10-31;SANB11;31.14
2025-10-31;SANB3;14.97
2025-10-31;SANB4;16.24
2025-10-31;TAEE11;38.10
2025-10-31;TAEE3;12.62
2025-10-31;TAEE4;12.68
2025-10-31;TOTS3;44.37
2025-10-31;TUPY3;12.38
2025-10-31;VALE3;65.26
2025-10-31;VIVA3;31.20
2025-10-31;WEGE3;42.10
2025-10-31;XPLG11;101.89
2025-11-03;B3SA3;12.84
2025-11-03;BBAS3;22.08
2025-11-03;BBDC3;15.68
2025-11-03;BBDC4;18.36
2025-11-03;BTLG11;103.52
2025-11-03;CMIN3;6.10
2025-11-03;CPLE3;13.33
2025-11-03;EGIE3;40.30
2025-11-03;FLRY3;14.53
2025-11-03;FRAS3;23.01
2025-11-03;GGBR3;15.91
2025-11-03;GGBR4;18.71
2025-11-03;GMAT3;6.30
2025-11-03;HAPV3;30.40
2025-11-03;HGLG11;156.20
2025-11-03;ISAE3;30.98
2025-11-03;ISAE4;25.63
2025-11-03;ITUB3;35.66
2025-11-03;ITUB4;40.08
2025-11-03;KNRI11;145.80
2025-11-03;LWSA3;3.84
2025-11-03;MXRF11;9.57
2025-11-03;PETR3;31.79
2025-11-03;PETR4;30.10
2025-11-03;PRIO3;36.44
2025-11-03;RAIL3;15.61
2025-11-03;RDOR3;43.10
2025-11-03;SANB11;31.52
2025-11-03;SANB3;15.06
2025-11-03;SANB4;16.30
2025-11-03;TAEE11;38.61
2025-11-03;TAEE3;12.67
2025-11-03;TAEE4;12.88
2025-11-03;TOTS3;43.30
2025-11-03;TUPY3;12.43
2025-11-03;VALE3;65.35
2025-11-03;VIVA3;30.56
2025-11-03;WEGE3;42.80
2025-11-03;XPLG11;100.38
2025-11-04;B3SA3;12.84
2025-11-04;BBAS3;22.27
2025-11-04;BBDC3;15.71
2025-11-04;BBDC4;18.40
2025-11-04;BTLG11;103.50
2025-11-04;CMIN3;5.97
2025-11-04;CPLE3;13.37
2025-11-04;EGIE3;41.36
2025-11-04;FLRY3;14.55
2025-11-04;FRAS3;22.97
2025-11-04;GGBR3;16.07
2025-11-04;GGBR4;18.58
2025-11-04;GMAT3;6.24
2025-11-04;HAPV3;30.55
2025-11-04;HGLG11;156.04
2025-11-04;ISAE3;31.65
2025-11-04;ISAE4;26.00
2025-11-04;ITUB3;35.51
2025-11-04;ITUB4;39.96
2025-11-04;KNRI11;146.28
2025-11-04;LWSA3;3.84
2025-11-04;MXRF11;9.58
2025-11-04;PETR3;32.09
2025-11-04;PETR4;30.25
2025-11-04;PRIO3;36.75
2025-11-04;RAIL3;15.65
2025-11-04;RDOR3;42.96
2025-11-04;SANB11;31.63
2025-11-04;SANB3;15.21
2025-11-04;SANB4;16.47
2025-11-04;TAEE11;39.48
2025-11-04;TAEE3;12.92
2025-11-04;TAEE4;13.19
2025-11-04;TOTS3;43.45
2025-11-04;TUPY3;12.53
2025-11-04;VALE3;64.62
2025-11-04;VIVA3;31.00
2025-11-04;WEGE3;42.75
2025-11-04;XPLG11;100.31
2025-11-05;B3SA3;13.20
2025-11-05;BBAS3;22.61
2025-11-05;BBDC3;16.00
2025-11-05;BBDC4;18.79
2025-11-05;BTLG11;103.77
2025-11-05;CMIN3;5.96
2025-11-05;CPLE3;13.61
2025-11-05;EGIE3;42.21
2025-11-05;FLRY3;14.81
2025-11-05;FRAS3;22.97
2025-11-05;GGBR3;16.68
2025-11-05;GGBR4;19.09
2025-11-05;GMAT3;6.40
2025-11-05;HAPV3;31.60
2025-11-05;HGLG11;157.63
2025-11-05;ISAE3;31.25
2025-11-05;ISAE4;26.16
2025-11-05;ITUB3;35.75
2025-11-05;ITUB4;40.13
2025-11-05;KNRI11;145.62
2025-11-05;LWSA3;3.90
2025-11-05;MXRF11;9.57
2025-11-05;PETR3;32.67
2025-11-05;PETR4;30.85
2025-11-05;PRIO3;37.81
2025-11-05;RAIL3;15.78
2025-11-05;RDOR3;43.78
2025-11-05;SANB11;32.50
2025-11-05;SANB3;15.66
2025-11-05;SANB4;16.82
2025-11-05;TAEE11;40.02
2025-11-05;TAEE3;13.15
2025-11-05;TAEE4;13.29
2025-11-05;TOTS3;44.32
2025-11-05;TUPY3;13.27
2025-11-05;VALE3;65.73
2025-11-05;VIVA3;31.19
2025-11-05;WEGE3;43.51
2025-11-05;XPLG11;99.89
2025-11-06;B3SA3;13.10
2025-11-06;BBAS3;22.86
2025-11-06;BBDC3;15.95
2025-11-06;BBDC4;18.71
2025-11-06;BTLG11;103.61
2025-11-06;CMIN3;5.86
2025-11-06;CPLE3;13.37
2025-11-06;EGIE3;42.89
2025-11-06;FLRY3;15.10
2025-11-06;FRAS3;23.33
2025-11-06;GGBR3;16.55
2025-11-06;GGBR4;19.12
2025-11-06;GMAT3;6.42
2025-11-06;HAPV3;31.36
2025-11-06;HGLG11;157.40
2025-11-06;ISAE3;31.51
2025-11-06;ISAE4;26.32
2025-11-06;ITUB3;35.80
2025-11-06;ITUB4;40.13
2025-11-06;KNRI11;145.58
2025-11-06;LWSA3;3.80
2025-11-06;MXRF11;9.57
2025-11-06;PETR3;32.70
2025-11-06;PETR4;31.01
2025-11-06;PRIO3;38.46
2025-11-06;RAIL3;15.62
2025-11-06;RDOR3;47.44
2025-11-06;SANB11;32.21
2025-11-06;SANB3;15.37
2025-11-06;SANB4;16.75
2025-11-06;TAEE11;40.24
2025-11-06;TAEE3;13.35
2025-11-06;TAEE4;13.45
2025-11-06;TOTS3;45.65
2025-11-06;TUPY3;12.61
2025-11-06;VALE3;65.50
2025-11-06;VIVA3;31.82
2025-11-06;WEGE3;43.91
2025-11-06;XPLG11;100.54
2025-11-07;B3SA3;12.98
2025-11-07;BBAS3;22.89
2025-11-07;BBDC3;15.99
2025-11-07;BBDC4;18.73
2025-11-07;BTLG11;103.90
2025-11-07;CMIN3;5.80
2025-11-07;CPLE3;13.46
2025-11-07;EGIE3;42.51
2025-11-07;FLRY3;15.70
2025-11-07;FRAS3;24.05
2025-11-07;GGBR3;16.30
2025-11-07;GGBR4;19.03
2025-11-07;GMAT3;6.41
2025-11-07;HAPV3;31.07
2025-11-07;HGLG11;158.10
2025-11-07;ISAE3;31.77
2025-11-07;ISAE4;26.57
2025-11-07;ITUB3;35.75
2025-11-07;ITUB4;40.17
2025-11-07;KNRI11;146.09
2025-11-07;LWSA3;3.83
2025-11-07;MXRF11;9.66
2025-11-07;PETR3;34.28
2025-11-07;PETR4;32.18
2025-11-07;PRIO3;38.85
2025-11-07;RAIL3;15.64
2025-11-07;RDOR3;47.31
2025-11-07;SANB11;32.39
2025-11-07;SANB3;15.38
2025-11-07;SANB4;16.73
2025-11-07;TAEE11;40.55
2025-11-07;TAEE3;13.43
2025-11-07;TAEE4;13.51
2025-11-07;TOTS3;45.17
2025-11-07;TUPY3;12.93
2025-11-07;VALE3;64.78
2025-11-07;VIVA3;32.02
2025-11-07;WEGE3;45.00
2025-11-07;XPLG11;100.96
2025-11-10;AXIA3;59.50
2025-11-10;B3SA3;13.12
2025-11-10;BBAS3;22.78
2025-11-10;BBDC3;16.24
2025-11-10;BBDC4;19.08
2025-11-10;BTLG11;103.95
2025-11-10;CMIN3;5.58
2025-11-10;CPLE3;13.70
2025-11-10;EGIE3;43.25
2025-11-10;FLRY3;15.77
2025-11-10;FRAS3;24.05
2025-11-10;GGBR3;16.48
2025-11-10;GGBR4;19.10
2025-11-10;GMAT3;6.33
2025-11-10;HAPV3;31.36
2025-11-10;HGLG11;158.66
2025-11-10;ISAE3;31.87
2025-11-10;ISAE4;26.72
2025-11-10;ITUB3;36.03
2025-11-10;ITUB4;40.44
2025-11-10;KNRI11;145.60
2025-11-10;LWSA3;3.84
2025-11-10;MXRF11;9.61
2025-11-10;PETR3;34.58
2025-11-10;PETR4;32.36
2025-11-10;PRIO3;39.23
2025-11-10;RAIL3;15.81
2025-11-10;RDOR3;46.68
2025-11-10;SANB11;32.65
2025-11-10;SANB3;15.63
2025-11-10;SANB4;16.94
2025-11-10;TAEE11;40.95
2025-11-10;TAEE3;13.45
2025-11-10;TAEE4;13.58
2025-11-10;TOTS3;46.10
2025-11-10;TUPY3;12.97
2025-11-10;VALE3;65.21
2025-11-10;VIVA3;32.35
2025-11-10;WEGE3;45.37
2025-11-10;XPLG11;101.01
2025-11-11;AXIA3;61.00
2025-11-11;B3SA3;13.53
2025-11-11;BBAS3;23.47
2025-11-11;BBDC3;16.55
2025-11-11;BBDC4;19.49
2025-11-11;BTLG11;103.93
2025-11-11;CMIN3;5.68
2025-11-11;CPLE3;13.58
2025-11-11;EGIE3;43.77
2025-11-11;FLRY3;15.82
2025-11-11;FRAS3;24.58
2025-11-11;GGBR3;16.11
2025-11-11;GGBR4;18.90
2025-11-11;GMAT3;6.57
2025-11-11;HAPV3;31.58
2025-11-11;HGLG11;158.55
2025-11-11;ISAE3;32.10
2025-11-11;ISAE4;27.19
2025-11-11;ITUB3;36.59
2025-11-11;ITUB4;41.22
2025-11-11;KNRI11;146.10
2025-11-11;LWSA3;4.10
2025-11-11;MXRF11;9.64
2025-11-11;PETR3;35.41
2025-11-11;PETR4;33.20
2025-11-11;PRIO3;40.30
2025-11-11;RAIL3;16.32
2025-11-11;RDOR3;45.83
2025-11-11;SANB11;33.41
2025-11-11;SANB3;16.10
2025-11-11;SANB4;17.29
2025-11-11;TAEE11;42.44
2025-11-11;TAEE3;14.10
2025-11-11;TAEE4;14.16
2025-11-11;TOTS3;46.68
2025-11-11;TUPY3;13.03
2025-11-11;VALE3;65.04
2025-11-11;VIVA3;31.93
2025-11-11;WEGE3;46.03
2025-11-11;XPLG11;100.60
2025-11-12;AXIA3;61.70
2025-11-12;B3SA3;14.12
2025-11-12;BBAS3;22.80
2025-11-12;BBDC3;16.59
2025-11-12;BBDC4;19.44
2025-11-12;BTLG11;103.90
2025-11-12;CMIN3;5.92
2025-11-12;CPLE3;13.57
2025-11-12;EGIE3;44.35
2025-11-12;FLRY3;16.14
2025-11-12;FRAS3;24.99
2025-11-12;GGBR3;16.40
2025-11-12;GGBR4;19.05
2025-11-12;GMAT3;6.43
2025-11-12;HAPV3;32.69
2025-11-12;HGLG11;159.00
2025-11-12;ISAE3;31.46
2025-11-12;ISAE4;27.47
2025-11-12;ITUB3;35.70
2025-11-12;ITUB4;40.28
2025-11-12;KNRI11;147.00
2025-11-12;LWSA3;4.08
2025-11-12;MXRF11;9.62
2025-11-12;PETR3;34.35
2025-11-12;PETR4;32.35
2025-11-12;PRIO3;40.01
2025-11-12;RAIL3;16.40
2025-11-12;RDOR3;46.99
2025-11-12;SANB11;33.40
2025-11-12;SANB3;16.16
2025-11-12;SANB4;17.36
2025-11-12;TAEE11;44.89
2025-11-12;TAEE3;14.92
2025-11-12;TAEE4;14.97
2025-11-12;TOTS3;47.50
2025-11-12;TUPY3;13.05
2025-11-12;VALE3;65.76
2025-11-12;VIVA3;33.16
2025-11-12;WEGE3;44.89
2025-11-12;XPLG11;101.22
2025-11-13;AXIA3;61.60
2025-11-13;B3SA3;14.47
2025-11-13;BBAS3;22.50
2025-11-13;BBDC3;16.65
2025-11-13;BBDC4;19.48
2025-11-13;BTLG11;103.61
2025-11-13;CMIN3;5.88
2025-11-13;CPLE3;13.77
2025-11-13;EGIE3;43.71
2025-11-13;FLRY3;15.85
2025-11-13;FRAS3;24.78
2025-11-13;GGBR3;16.44
2025-11-13;GGBR4;18.91
2025-11-13;GMAT3;6.24
2025-11-13;HAPV3;18.89
2025-11-13;HGLG11;158.56
2025-11-13;ISAE3;32.30
2025-11-13;ISAE4;27.36
2025-11-13;ITUB3;35.79
2025-11-13;ITUB4;40.44
2025-11-13;KNRI11;146.10
2025-11-13;LWSA3;4.16
2025-11-13;MXRF11;9.58
2025-11-13;PETR3;34.66
2025-11-13;PETR4;32.49
2025-11-13;PRIO3;39.83
2025-11-13;RAIL3;16.42
2025-11-13;RDOR3;46.35
2025-11-13;SANB11;33.58
2025-11-13;SANB3;16.09
2025-11-13;SANB4;17.24
2025-11-13;TAEE11;44.95
2025-11-13;TAEE3;14.71
2025-11-13;TAEE4;15.07
2025-11-13;TOTS3;47.10
2025-11-13;TUPY3;13.00
2025-11-13;VALE3;65.67
2025-11-13;VIVA3;33.24
2025-11-13;WEGE3;44.82
2025-11-13;XPLG11;101.10
2025-11-14;AXIA3;62.60
2025-11-14;B3SA3;14.44
2025-11-14;BBAS3;22.44
2025-11-14;BBDC3;16.61
2025-11-14;BBDC4;19.47
2025-11-14;BTLG11;104.12
2025-11-14;CMIN3;5.85
2025-11-14;CPLE3;13.77
2025-11-14;EGIE3;43.17
2025-11-14;FLRY3;15.90
2025-11-14;FRAS3;24.67
2025-11-14;GGBR3;16.32
2025-11-14;GGBR4;18.77
2025-11-14;GMAT3;5.60
2025-11-14;HAPV3;17.79
2025-11-14;HGLG11;159.65
2025-11-14;ISAE3;33.00
2025-11-14;ISAE4;27.42
2025-11-14;ITUB3;35.92
2025-11-14;ITUB4;40.60
2025-11-14;KNRI11;146.49
2025-11-14;LWSA3;4.20
2025-11-14;MXRF11;9.63
2025-11-14;PETR3;34.93
2025-11-14;PETR4;32.70
2025-11-14;PRIO3;39.79
2025-11-14;RAIL3;16.52
2025-11-14;RDOR3;46.06
2025-11-14;SANB11;33.78
2025-11-14;SANB3;16.26
2025-11-14;SANB4;17.50
2025-11-14;TAEE11;45.00
2025-11-14;TAEE3;14.82
2025-11-14;TAEE4;14.93
2025-11-14;TOTS3;48.14
2025-11-14;TUPY3;13.02
2025-11-14;VALE3;65.27
2025-11-14;VIVA3;33.22
2025-11-14;WEGE3;44.44
2025-11-14;XPLG11;102.50
2025-11-17;AXIA3;61.05
2025-11-17;B3SA3;14.16
2025-11-17;BBAS3;22.50
2025-11-17;BBDC3;16.47
2025-11-17;BBDC4;19.32
2025-11-17;BTLG11;103.99
2025-11-17;CMIN3;5.69
2025-11-17;CPLE3;13.66
2025-11-17;EGIE3;43.15
2025-11-17;FLRY3;15.78
2025-11-17;FRAS3;24.22
2025-11-17;GGBR3;16.07
2025-11-17;GGBR4;18.70
2025-11-17;GMAT3;5.49
2025-11-17;HAPV3;18.00
2025-11-17;HGLG11;159.53
2025-11-17;ISAE3;32.51
2025-11-17;ISAE4;27.44
2025-11-17;ITUB3;35.64
2025-11-17;ITUB4;40.30
2025-11-17;KNRI11;146.15
2025-11-17;LWSA3;4.15
2025-11-17;MXRF11;9.59
2025-11-17;PETR3;34.95
2025-11-17;PETR4;32.88
2025-11-17;PRIO3;39.85
2025-11-17;RAIL3;15.02
2025-11-17;RDOR3;45.19
2025-11-17;SANB11;33.49
2025-11-17;SANB3;16.10
2025-11-17;SANB4;17.27
2025-11-17;TAEE11;45.00
2025-11-17;TAEE3;14.80
2025-11-17;TAEE4;15.00
2025-11-17;TOTS3;46.95
2025-11-17;TUPY3;12.59
2025-11-17;VALE3;65.22
2025-11-17;VIVA3;33.12
2025-11-17;WEGE3;43.97
2025-11-17;XPLG11;102.30
2025-11-18;AXIA3;61.31
2025-11-18;B3SA3;14.05
2025-11-18;BBAS3;21.88
2025-11-18;BBDC3;16.32
2025-11-18;BBDC4;19.09
2025-11-18;BTLG11;104.12
2025-11-18;CMIN3;5.67
2025-11-18;CPLE3;13.62
2025-11-18;EGIE3;43.23
2025-11-18;FLRY3;15.64
2025-11-18;FRAS3;24.33
2025-11-18;GGBR3;16.15
2025-11-18;GGBR4;18.65
2025-11-18;GMAT3;5.32
2025-11-18;HAPV3;17.00
2025-11-18;HGLG11;159.70
2025-11-18;ISAE3;32.99
2025-11-18;ISAE4;27.40
2025-11-18;ITUB3;35.39
2025-11-18;ITUB4;40.10
2025-11-18;KNRI11;146.00
2025-11-18;LWSA3;4.07
2025-11-18;MXRF11;9.58
2025-11-18;PETR3;34.95
2025-11-18;PETR4;32.99
2025-11-18;PRIO3;40.04
2025-11-18;RAIL3;15.41
2025-11-18;RDOR3;45.07
2025-11-18;SANB11;33.42
2025-11-18;SANB3;16.10
2025-11-18;SANB4;17.33
2025-11-18;TAEE11;44.41
2025-11-18;TAEE3;14.73
2025-11-18;TAEE4;14.72
2025-11-18;TOTS3;47.07
2025-11-18;TUPY3;12.24
2025-11-18;VALE3;65.02
2025-11-18;VIVA3;33.01
2025-11-18;WEGE3;43.44
2025-11-18;XPLG11;102.58
2025-11-19;AXIA3;60.82
2025-11-19;B3SA3;13.85
2025-11-19;BBAS3;21.58
2025-11-19;BBDC3;16.20
2025-11-19;BBDC4;18.90
2025-11-19;BTLG11;103.75
2025-11-19;CMIN3;5.56
2025-11-19;CPLE3;13.21
2025-11-19;EGIE3;42.86
2025-11-19;FLRY3;15.63
2025-11-19;FRAS3;24.30
2025-11-19;GGBR3;16.06
2025-11-19;GGBR4;18.49
2025-11-19;GMAT3;5.13
2025-11-19;HAPV3;17.34
2025-11-19;HGLG11;160.00
2025-11-19;ISAE3;32.59
2025-11-19;ISAE4;27.13
2025-11-19;ITUB3;35.19
2025-11-19;ITUB4;39.85
2025-11-19;KNRI11;146.45
2025-11-19;LWSA3;4.08
2025-11-19;MXRF11;9.55
2025-11-19;PETR3;34.86
2025-11-19;PETR4;32.82
2025-11-19;PRIO3;39.41
2025-11-19;RAIL3;15.69
2025-11-19;RDOR3;44.72
2025-11-19;SANB11;33.18
2025-11-19;SANB3;15.80
2025-11-19;SANB4;17.13
2025-11-19;TAEE11;43.19
2025-11-19;TAEE3;14.20
2025-11-19;TAEE4;14.36
2025-11-19;TOTS3;46.37
2025-11-19;TUPY3;11.98
2025-11-19;VALE3;64.95
2025-11-19;VIVA3;32.48
2025-11-19;WEGE3;43.65
2025-11-19;XPLG11;102.98
2025-11-21;AXIA3;61.03
2025-11-21;B3SA3;13.89
2025-11-21;BBAS3;22.00
2025-11-21;BBDC3;16.12
2025-11-21;BBDC4;18.79
2025-11-21;BTLG11;104.05
2025-11-21;CMIN3;5.59
2025-11-21;CPLE3;13.02
2025-11-21;EGIE3;42.64
2025-11-21;FLRY3;15.33
2025-11-21;FRAS3;24.34
2025-11-21;GGBR3;15.81
2025-11-21;GGBR4;18.47
2025-11-21;GMAT3;4.98
2025-11-21;HAPV3;17.42
2025-11-21;HGLG11;160.00
2025-11-21;ISAE3;32.47
2025-11-21;ISAE4;27.11
2025-11-21;ITUB3;35.26
2025-11-21;ITUB4;39.97
2025-11-21;KNRI11;147.65
2025-11-21;LWSA3;4.06
2025-11-21;MXRF11;9.57
2025-11-21;PETR3;34.56
2025-11-21;PETR4;32.57
2025-11-21;PRIO3;38.80
2025-11-21;RAIL3;15.33
2025-11-21;RDOR3;44.61
2025-11-21;SANB11;33.08
2025-11-21;SANB3;15.84
2025-11-21;SANB4;17.15
2025-11-21;TAEE11;42.43
2025-11-21;TAEE3;13.98
2025-11-21;TAEE4;14.12
2025-11-21;TOTS3;43.28
2025-11-21;TUPY3;11.77
2025-11-21;VALE3;65.16
2025-11-21;VIVA3;32.19
2025-11-21;WEGE3;43.22
2025-11-21;XPLG11;104.11
2025-11-24;AXIA3;61.58
2025-11-24;B3SA3;13.98
2025-11-24;BBAS3;21.84
2025-11-24;BBDC3;16.08
2025-11-24;BBDC4;18.80
2025-11-24;BTLG11;104.05
2025-11-24;CMIN3;5.24
2025-11-24;CPLE3;13.15
2025-11-24;EGIE3;43.43
2025-11-24;FLRY3;15.23
2025-11-24;FRAS3;24.46
2025-11-24;GGBR3;15.90
2025-11-24;GGBR4;18.59
2025-11-24;GMAT3;5.07
2025-11-24;HAPV3;17.13
2025-11-24;HGLG11;159.70
2025-11-24;ISAE3;32.61
2025-11-24;ISAE4;27.43
2025-11-24;ITUB3;35.44
2025-11-24;ITUB4;39.82
2025-11-24;KNRI11;147.45
2025-11-24;LWSA3;4.17
2025-11-24;MXRF11;9.55
2025-11-24;PETR3;34.39
2025-11-24;PETR4;32.54
2025-11-24;PRIO3;38.54
2025-11-24;RAIL3;15.25
2025-11-24;RDOR3;45.48
2025-11-24;SANB11;33.09
2025-11-24;SANB3;15.83
2025-11-24;SANB4;17.07
2025-11-24;TAEE11;42.94
2025-11-24;TAEE3;14.28
2025-11-24;TAEE4;14.39
2025-11-24;TOTS3;42.72
2025-11-24;TUPY3;11.80
2025-11-24;VALE3;65.09
2025-11-24;VIVA3;32.71
2025-11-24;WEGE3;43.19
2025-11-24;XPLG11;103.13
2025-11-25;AXIA3;62.56
2025-11-25;B3SA3;14.17
2025-11-25;BBAS3;21.97
2025-11-25;BBDC3;16.22
2025-11-25;BBDC4;18.95
2025-11-25;BTLG11;103.86
2025-11-25;CMIN3;5.36
2025-11-25;CPLE3;13.37
2025-11-25;EGIE3;43.33
2025-11-25;FLRY3;15.03
2025-11-25;FRAS3;24.47
2025-11-25;GGBR3;16.27
2025-11-25;GGBR4;18.76
2025-11-25;GMAT3;5.03
2025-11-25;HAPV3;17.06
2025-11-25;HGLG11;159.64
2025-11-25;ISAE3;32.70
2025-11-25;ISAE4;27.37
2025-11-25;ITUB3;35.69
2025-11-25;ITUB4;39.91
2025-11-25;KNRI11;148.91
2025-11-25;LWSA3;4.15
2025-11-25;MXRF11;9.53
2025-11-25;PETR3;34.06
2025-11-25;PETR4;32.28
2025-11-25;PRIO3;37.52
2025-11-25;RAIL3;15.43
2025-11-25;RDOR3;45.51
2025-11-25;SANB11;33.59
2025-11-25;SANB3;16.20
2025-11-25;SANB4;17.31
2025-11-25;TAEE11;42.89
2025-11-25;TAEE3;14.35
2025-11-25;TAEE4;14.43
2025-11-25;TOTS3;43.30
2025-11-25;TUPY3;11.55
2025-11-25;VALE3;65.60
2025-11-25;VIVA3;33.79
2025-11-25;WEGE3;42.96
2025-11-25;XPLG11;103.73
2025-11-26;AXIA3;64.10
2025-11-26;B3SA3;14.71
2025-11-26;BBAS3;22.22
2025-11-26;BBDC3;16.64
2025-11-26;BBDC4;19.52
2025-11-26;BTLG11;103.58
2025-11-26;CMIN3;5.42
2025-11-26;CPLE3;13.70
2025-11-26;EGIE3;44.37
2025-11-26;FLRY3;15.52
2025-11-26;FRAS3;24.91
2025-11-26;GGBR3;16.60
2025-11-26;GGBR4;19.13
2025-11-26;GMAT3;5.17
2025-11-26;HAPV3;15.84
2025-11-26;HGLG11;159.37
2025-11-26;ISAE3;32.75
2025-11-26;ISAE4;27.53
2025-11-26;ITUB3;36.75
2025-11-26;ITUB4;40.85
2025-11-26;KNRI11;147.01
2025-11-26;LWSA3;4.37
2025-11-26;MXRF11;9.54
2025-11-26;PETR3;33.95
2025-11-26;PETR4;32.23
2025-11-26;PRIO3;37.99
2025-11-26;RAIL3;16.84
2025-11-26;RDOR3;46.91
2025-11-26;SANB11;34.19
2025-11-26;SANB3;16.54
2025-11-26;SANB4;17.71
2025-11-26;TAEE11;43.48
2025-11-26;TAEE3;14.23
2025-11-26;TAEE4;14.41
2025-11-26;TOTS3;42.94
2025-11-26;TUPY3;12.40
2025-11-26;VALE3;66.58
2025-11-26;VIVA3;35.32
2025-11-26;WEGE3;44.40
2025-11-26;XPLG11;103.15
2025-11-27;AXIA3;63.20
2025-11-27;B3SA3;14.73
2025-11-27;BBAS3;22.16
2025-11-27;BBDC3;16.59
2025-11-27;BBDC4;19.48
2025-11-27;BTLG11;103.70
2025-11-27;CMIN3;5.40
2025-11-27;CPLE3;13.67
2025-11-27;EGIE3;31.72
2025-11-27;FLRY3;15.64
2025-11-27;FRAS3;25.10
2025-11-27;GGBR3;16.40
2025-11-27;GGBR4;19.11
2025-11-27;GMAT3;5.10
2025-11-27;HAPV3;15.00
2025-11-27;HGLG11;159.45
2025-11-27;ISAE3;32.75
2025-11-27;ISAE4;27.63
2025-11-27;ITUB3;36.73
2025-11-27;ITUB4;40.71
2025-11-27;KNRI11;147.60
2025-11-27;LWSA3;4.42
2025-11-27;MXRF11;9.59
2025-11-27;PETR3;34.22
2025-11-27;PETR4;32.40
2025-11-27;PRIO3;37.71
2025-11-27;RAIL3;17.03
2025-11-27;RDOR3;46.05
2025-11-27;SANB11;34.22
2025-11-27;SANB3;16.58
2025-11-27;SANB4;17.59
2025-11-27;TAEE11;43.49
2025-11-27;TAEE3;14.36
2025-11-27;TAEE4;14.55
2025-11-27;TOTS3;42.52
2025-11-27;TUPY3;12.40
2025-11-27;VALE3;66.33
2025-11-27;VIVA3;35.20
2025-11-27;WEGE3;44.05
2025-11-27;XPLG11;104.13
2025-11-28;AXIA3;62.50
2025-11-28;B3SA3;14.96
2025-11-28;BBAS3;22.47
2025-11-28;BBDC3;16.74
2025-11-28;BBDC4;19.65
2025-11-28;BTLG11;103.62
2025-11-28;CMIN3;5.40
2025-11-28;CPLE3;13.62
2025-11-28;EGIE3;30.64
2025-11-28;FLRY3;16.05
2025-11-28;FRAS3;25.10
2025-11-28;GGBR3;16.80
2025-11-28;GGBR4;19.04
2025-11-28;GMAT3;5.10
2025-11-28;HAPV3;14.10
2025-11-28;HGLG11;161.00
2025-11-28;ISAE3;32.99
2025-11-28;ISAE4;27.85
2025-11-28;ITUB3;38.18
2025-11-28;ITUB4;41.64
2025-11-28;KNRI11;150.77
2025-11-28;LWSA3;4.66
2025-11-28;MXRF11;9.63
2025-11-28;PETR3;33.38
2025-11-28;PETR4;31.79
2025-11-28;PRIO3;37.21
2025-11-28;RAIL3;16.85
2025-11-28;RDOR3;46.63
2025-11-28;SANB11;34.20
2025-11-28;SANB3;16.37
2025-11-28;SANB4;17.81
2025-11-28;TAEE11;43.52
2025-11-28;TAEE3;14.27
2025-11-28;TAEE4;14.51
2025-11-28;TOTS3;42.80
2025-11-28;TUPY3;12.46
2025-11-28;VALE3;67.40
2025-11-28;VIVA3;35.12
2025-11-28;WEGE3;44.25
2025-11-28;XPLG11;104.46
2025-12-01;AXIA3;62.68
2025-12-01;B3SA3;14.89
2025-12-01;BBAS3;22.26
2025-12-01;BBDC3;16.61
2025-12-01;BBDC4;19.35
2025-12-01;BTLG11;103.50
2025-12-01;CMIN3;5.34
2025-12-01;CPLE3;13.60
2025-12-01;EGIE3;30.36
2025-12-01;FLRY3;15.91
2025-12-01;FRAS3;25.36
2025-12-01;GGBR3;16.55
2025-12-01;GGBR4;19.15
2025-12-01;GMAT3;5.03
2025-12-01;HAPV3;14.06
2025-12-01;HGLG11;160.40
2025-12-01;ISAE3;32.98
2025-12-01;ISAE4;27.44
2025-12-01;ITUB3;37.97
2025-12-01;ITUB4;41.30
2025-12-01;KNRI11;151.30
2025-12-01;LWSA3;4.58
2025-12-01;MXRF11;9.50
2025-12-01;PETR3;33.59
2025-12-01;PETR4;31.85
2025-12-01;PRIO3;37.56
2025-12-01;RAIL3;16.58
2025-12-01;RDOR3;45.70
2025-12-01;SANB11;33.91
2025-12-01;SANB3;16.23
2025-12-01;SANB4;17.50
2025-12-01;TAEE11;42.50
2025-12-01;TAEE3;14.15
2025-12-01;TAEE4;14.18
2025-12-01;TOTS3;43.32
2025-12-01;TUPY3;12.66
2025-12-01;VALE3;67.92
2025-12-01;VIVA3;34.78
2025-12-01;WEGE3;45.18
2025-12-01;XPLG11;103.47
2025-12-02;AXIA3;63.84
2025-12-02;B3SA3;15.10
2025-12-02;BBAS3;22.56
2025-12-02;BBDC3;16.76
2025-12-02;BBDC4;19.54
2025-12-02;BTLG11;103.50
2025-12-02;CMIN3;5.43
2025-12-02;CPLE3;13.74
2025-12-02;EGIE3;31.07
2025-12-02;FLRY3;16.10
2025-12-02;FRAS3;25.72
2025-12-02;GGBR3;16.42
2025-12-02;GGBR4;19.11
2025-12-02;GMAT3;5.23
2025-12-02;HAPV3;14.60
2025-12-02;HGLG11;158.03
2025-12-02;ISAE3;32.93
2025-12-02;ISAE4;27.75
2025-12-02;ITUB3;38.68
2025-12-02;ITUB4;42.22
2025-12-02;KNRI11;150.49
2025-12-02;LWSA3;4.67
2025-12-02;MXRF11;9.51
2025-12-02;PETR3;33.77
2025-12-02;PETR4;32.07
2025-12-02;PRIO3;37.58
2025-12-02;RAIL3;16.83
2025-12-02;RDOR3;46.48
2025-12-02;SANB11;34.80
2025-12-02;SANB3;16.85
2025-12-02;SANB4;18.00
2025-12-02;TAEE11;42.50
2025-12-02;TAEE3;14.02
2025-12-02;TAEE4;14.12
2025-12-02;TOTS3;43.98
2025-12-02;TUPY3;12.56
2025-12-02;VALE3;68.48
2025-12-02;VIVA3;35.46
2025-12-02;WEGE3;45.61
2025-12-02;XPLG11;103.64
2025-12-03;AXIA3;64.69
2025-12-03;B3SA3;14.79
2025-12-03;BBAS3;22.38
2025-12-03;BBDC3;16.33
2025-12-03;BBDC4;19.00
2025-12-03;BTLG11;103.42
2025-12-03;CMIN3;5.57
2025-12-03;CPLE3;13.78
2025-12-03;EGIE3;30.81
2025-12-03;FLRY3;15.20
2025-12-03;FRAS3;25.20
2025-12-03;GGBR3;17.00
2025-12-03;GGBR4;19.63
2025-12-03;GMAT3;5.16
2025-12-03;HAPV3;14.64
2025-12-03;HGLG11;158.72
2025-12-03;ISAE3;33.00
2025-12-03;ISAE4;27.58
2025-12-03;ITUB3;38.80
2025-12-03;ITUB4;42.22
2025-12-03;KNRI11;149.84
2025-12-03;LWSA3;4.67
2025-12-03;MXRF11;9.50
2025-12-03;PETR3;34.19
2025-12-03;PETR4;32.31
2025-12-03;PRIO3;39.33
2025-12-03;RAIL3;16.67
2025-12-03;RDOR3;45.81
2025-12-03;SANB11;34.35
2025-12-03;SANB3;16.46
2025-12-03;SANB4;17.78
2025-12-03;TAEE11;41.99
2025-12-03;TAEE3;13.87
2025-12-03;TAEE4;13.95
2025-12-03;TOTS3;44.32
2025-12-03;TUPY3;12.63
2025-12-03;VALE3;70.69
2025-12-03;VIVA3;36.10
2025-12-03;WEGE3;45.05
2025-12-03;XPLG11;103.68
2025-12-04;AXIA3;66.65
2025-12-04;B3SA3;15.02
2025-12-04;BBAS3;22.77
2025-12-04;BBDC3;16.51
2025-12-04;BBDC4;19.27
2025-12-04;BTLG11;103.42
2025-12-04;CMIN3;5.61
2025-12-04;CPLE3;13.93
2025-12-04;EGIE3;31.24
2025-12-04;FLRY3;15.39
2025-12-04;FRAS3;25.06
2025-12-04;GGBR3;17.09
2025-12-04;GGBR4;19.60
2025-12-04;GMAT3;5.24
2025-12-04;HAPV3;15.55
2025-12-04;HGLG11;159.09
2025-12-04;ISAE3;34.00
2025-12-04;ISAE4;28.00
2025-12-04;ITUB3;39.60
2025-12-04;ITUB4;43.26
2025-12-04;KNRI11;149.84
2025-12-04;LWSA3;4.79
2025-12-04;MXRF11;9.51
2025-12-04;PETR3;34.38
2025-12-04;PETR4;32.52
2025-12-04;PRIO3;39.59
2025-12-04;RAIL3;16.89
2025-12-04;RDOR3;47.42
2025-12-04;SANB11;34.70
2025-12-04;SANB3;16.70
2025-12-04;SANB4;17.86
2025-12-04;TAEE11;42.30
2025-12-04;TAEE3;13.98
2025-12-04;TAEE4;14.07
2025-12-04;TOTS3;47.54
2025-12-04;TUPY3;12.77
2025-12-04;VALE3;71.92
2025-12-04;VIVA3;36.00
2025-12-04;WEGE3;45.50
2025-12-04;XPLG11;103.70
2025-12-05;AXIA3;63.10
2025-12-05;B3SA3;14.01
2025-12-05;BBAS3;21.16
2025-12-05;BBDC3;15.58
2025-12-05;BBDC4;18.12
2025-12-05;BTLG11;103.25
2025-12-05;CMIN3;5.44
2025-12-05;CPLE3;13.28
2025-12-05;EGIE3;29.64
2025-12-05;FLRY3;14.49
2025-12-05;FRAS3;23.60
2025-12-05;GGBR3;16.80
2025-12-05;GGBR4;19.10
2025-12-05;GMAT3;4.92
2025-12-05;HAPV3;14.47
2025-12-05;HGLG11;159.10
2025-12-05;ISAE3;33.99
2025-12-05;ISAE4;26.65
2025-12-05;ITUB3;38.02
2025-12-05;ITUB4;41.26
2025-12-05;KNRI11;149.80
2025-12-05;LWSA3;4.32
2025-12-05;MXRF11;9.49
2025-12-05;PETR3;32.84
2025-12-05;PETR4;31.37
2025-12-05;PRIO3;39.26
2025-12-05;RAIL3;16.12
2025-12-05;RDOR3;44.10
2025-12-05;SANB11;33.17
2025-12-05;SANB3;16.02
2025-12-05;SANB4;17.06
2025-12-05;TAEE11;41.21
2025-12-05;TAEE3;13.70
2025-12-05;TAEE4;13.80
2025-12-05;TOTS3;45.91
2025-12-05;TUPY3;12.18
2025-12-05;VALE3;70.22
2025-12-05;VIVA3;32.90
2025-12-05;WEGE3;46.70
2025-12-05;XPLG11;103.82
2025-12-08;AXIA3;63.82
2025-12-08;B3SA3;14.35
2025-12-08;BBAS3;21.60
2025-12-08;BBDC3;15.66
2025-12-08;BBDC4;18.25
2025-12-08;BTLG11;103.06
2025-12-08;CMIN3;5.45
2025-12-08;CPLE3;13.26
2025-12-08;EGIE3;30.09
2025-12-08;FLRY3;14.50
2025-12-08;FRAS3;23.98
2025-12-08;GGBR3;16.96
2025-12-08;GGBR4;19.05
2025-12-08;GMAT3;4.90
2025-12-08;HAPV3;13.60
2025-12-08;HGLG11;159.82
2025-12-08;ISAE3;33.44
2025-12-08;ISAE4;26.89
2025-12-08;ITUB3;38.19
2025-12-08;ITUB4;41.46
2025-12-08;KNRI11;149.94
2025-12-08;LWSA3;4.24
2025-12-08;MXRF11;9.48
2025-12-08;PETR3;33.28
2025-12-08;PETR4;31.66
2025-12-08;PRIO3;39.35
2025-12-08;RAIL3;15.80
2025-12-08;RDOR3;44.48
2025-12-08;SANB11;32.85
2025-12-08;SANB3;15.83
2025-12-08;SANB4;16.96
2025-12-08;TAEE11;41.52
2025-12-08;TAEE3;13.66
2025-12-08;TAEE4;13.79
2025-12-08;TOTS3;45.48
2025-12-08;TUPY3;12.17
2025-12-08;VALE3;69.74
2025-12-08;VIVA3;33.21
2025-12-08;WEGE3;47.77
2025-12-08;XPLG11;103.21
2025-12-09;AXIA3;64.79
2025-12-09;B3SA3;14.12
2025-12-09;BBAS3;21.49
2025-12-09;BBDC3;15.54
2025-12-09;BBDC4;18.01
2025-12-09;BTLG11;102.68
2025-12-09;CMIN3;5.50
2025-12-09;CPLE3;13.29
2025-12-09;EGIE3;30.14
2025-12-09;FLRY3;14.41
2025-12-09;FRAS3;23.87
2025-12-09;GGBR3;17.00
2025-12-09;GGBR4;19.08
2025-12-09;GMAT3;4.77
2025-12-09;HAPV3;13.51
2025-12-09;HGLG11;159.03
2025-12-09;ISAE3;33.79
2025-12-09;ISAE4;26.58
2025-12-09;ITUB3;37.81
2025-12-09;ITUB4;41.37
2025-12-09;KNRI11;149.46
2025-12-09;LWSA3;4.23
2025-12-09;MXRF11;9.50
2025-12-09;PETR3;33.49
2025-12-09;PETR4;31.86
2025-12-09;PRIO3;39.80
2025-12-09;RAIL3;15.57
2025-12-09;RDOR3;44.18
2025-12-09;SANB11;32.15
2025-12-09;SANB3;15.42
2025-12-09;SANB4;16.52
2025-12-09;TAEE11;41.33
2025-12-09;TAEE3;13.61
2025-12-09;TAEE4;13.79
2025-12-09;TOTS3;45.20
2025-12-09;TUPY3;12.12
2025-12-09;VALE3;69.78
2025-12-09;VIVA3;32.68
2025-12-09;WEGE3;47.66
2025-12-09;XPLG11;103.31
2025-12-10;AXIA3;63.56
2025-12-10;B3SA3;14.21
2025-12-10;BBAS3;21.60
2025-12-10;BBDC3;15.74
2025-12-10;BBDC4;18.33
2025-12-10;BTLG11;102.90
2025-12-10;CMIN3;5.65
2025-12-10;CPLE3;13.29
2025-12-10;EGIE3;30.29
2025-12-10;FLRY3;14.82
2025-12-10;FRAS3;23.77
2025-12-10;GGBR3;17.34
2025-12-10;GGBR4;19.59
2025-12-10;GMAT3;4.75
2025-12-10;HAPV3;13.48
2025-12-10;HGLG11;158.35
2025-12-10;ISAE3;33.74
2025-12-10;ISAE4;26.79
2025-12-10;ITUB3;35.79
2025-12-10;ITUB4;39.44
2025-12-10;KNRI11;149.48
2025-12-10;LWSA3;4.23
2025-12-10;MXRF11;9.48
2025-12-10;PETR3;33.56
2025-12-10;PETR4;31.94
2025-12-10;PRIO3;39.60
2025-12-10;RAIL3;15.67
2025-12-10;RDOR3;44.12
2025-12-10;SANB11;31.85
2025-12-10;SANB3;15.30
2025-12-10;SANB4;16.43
2025-12-10;TAEE11;41.83
2025-12-10;TAEE3;13.87
2025-12-10;TAEE4;14.03
2025-12-10;TOTS3;45.19
2025-12-10;TUPY3;12.03
2025-12-10;VALE3;71.06
2025-12-10;VIVA3;33.31
2025-12-10;WEGE3;48.47
2025-12-10;XPLG11;103.55
2025-12-11;AXIA3;62.84
2025-12-11;B3SA3;14.30
2025-12-11;BBAS3;21.57
2025-12-11;BBDC3;15.84
2025-12-11;BBDC4;18.54
2025-12-11;BTLG11;102.90
2025-12-11;CMIN3;5.70
2025-12-11;CPLE3;13.36
2025-12-11;EGIE3;30.31
2025-12-11;FLRY3;14.81
2025-12-11;FRAS3;24.25
2025-12-11;GGBR3;16.95
2025-12-11;GGBR4;19.86
2025-12-11;GMAT3;4.82
2025-12-11;HAPV3;13.94
2025-12-11;HGLG11;158.29
2025-12-11;ISAE3;33.11
2025-12-11;ISAE4;27.03
2025-12-11;ITUB3;36.07
2025-12-11;ITUB4;39.41
2025-12-11;KNRI11;149.43
2025-12-11;LWSA3;4.36
2025-12-11;MXRF11;9.49
2025-12-11;PETR3;32.88
2025-12-11;PETR4;31.26
2025-12-11;PRIO3;38.93
2025-12-11;RAIL3;15.74
2025-12-11;RDOR3;44.27
2025-12-11;SANB11;31.98
2025-12-11;SANB3;15.55
2025-12-11;SANB4;16.41
2025-12-11;TAEE11;41.54
2025-12-11;TAEE3;13.89
2025-12-11;TAEE4;13.89
2025-12-11;TOTS3;45.46
2025-12-11;TUPY3;12.11
2025-12-11;VALE3;72.00
2025-12-11;VIVA3;34.20
2025-12-11;WEGE3;48.55
2025-12-11;XPLG11;103.00
2025-12-12;AXIA3;63.89
2025-12-12;B3SA3;14.33
2025-12-12;BBAS3;21.70
2025-12-12;BBDC3;16.03
2025-12-12;BBDC4;18.66
2025-12-12;BTLG11;102.49
2025-12-12;CMIN3;5.74
2025-12-12;CPLE3;13.50
2025-12-12;EGIE3;30.45
2025-12-12;FLRY3;15.08
2025-12-12;FRAS3;24.10
2025-12-12;GGBR3;17.00
2025-12-12;GGBR4;19.93
2025-12-12;GMAT3;4.83
2025-12-12;HAPV3;14.70
2025-12-12;HGLG11;157.88
2025-12-12;ISAE3;32.60
2025-12-12;ISAE4;27.17
2025-12-12;ITUB3;36.34
2025-12-12;ITUB4;39.76
2025-12-12;KNRI11;148.85
2025-12-12;LWSA3;4.45
2025-12-12;MXRF11;9.53
2025-12-12;PETR3;33.28
2025-12-12;PETR4;31.59
2025-12-12;PRIO3;39.41
2025-12-12;RAIL3;15.79
2025-12-12;RDOR3;45.00
2025-12-12;SANB11;31.95
2025-12-12;SANB3;15.40
2025-12-12;SANB4;16.32
2025-12-12;TAEE11;41.77
2025-12-12;TAEE3;13.81
2025-12-12;TAEE4;13.88
2025-12-12;TOTS3;46.24
2025-12-12;TUPY3;12.31
2025-12-12;VALE3;68.61
2025-12-12;VIVA3;35.38
2025-12-12;WEGE3;49.52
2025-12-12;XPLG11;103.13
2025-12-15;AXIA3;65.15
2025-12-15;B3SA3;14.41
2025-12-15;BBAS3;22.01
2025-12-15;BBDC3;16.21
2025-12-15;BBDC4;18.92
2025-12-15;BTLG11;102.40
2025-12-15;CMIN3;5.65
2025-12-15;CPLE3;13.71
2025-12-15;EGIE3;30.98
2025-12-15;FLRY3;15.20
2025-12-15;FRAS3;23.99
2025-12-15;GGBR3;17.17
2025-12-15;GGBR4;20.37
2025-12-15;GMAT3;4.75
2025-12-15;HAPV3;15.29
2025-12-15;HGLG11;156.31
2025-12-15;ISAE3;33.15
2025-12-15;ISAE4;28.39
2025-12-15;ITUB3;36.96
2025-12-15;ITUB4;40.36
2025-12-15;KNRI11;149.28
2025-12-15;LWSA3;4.45
2025-12-15;MXRF11;9.51
2025-12-15;PETR3;33.22
2025-12-15;PETR4;31.70
2025-12-15;PRIO3;39.50
2025-12-15;RAIL3;15.84
2025-12-15;RDOR3;47.12
2025-12-15;SANB11;32.94
2025-12-15;SANB3;16.03
2025-12-15;SANB4;16.83
2025-12-15;TAEE11;42.50
2025-12-15;TAEE3;14.07
2025-12-15;TAEE4;14.17
2025-12-15;TOTS3;46.69
2025-12-15;TUPY3;12.34
2025-12-15;VALE3;69.03
2025-12-15;VIVA3;35.68
2025-12-15;WEGE3;49.68
2025-12-15;XPLG11;102.80
2025-12-16;AXIA3;63.12
2025-12-16;B3SA3;13.72
2025-12-16;BBAS3;21.71
2025-12-16;BBDC3;15.76
2025-12-16;BBDC4;18.40
2025-12-16;BTLG11;102.00
2025-12-16;CMIN3;5.61
2025-12-16;CPLE3;13.22
2025-12-16;EGIE3;30.31
2025-12-16;FLRY3;14.77
2025-12-16;FRAS3;23.38
2025-12-16;GGBR3;17.60
2025-12-16;GGBR4;20.65
2025-12-16;GMAT3;4.65
2025-12-16;HAPV3;14.47
2025-12-16;HGLG11;156.31
2025-12-16;ISAE3;33.50
2025-12-16;ISAE4;27.94
2025-12-16;ITUB3;35.80
2025-12-16;ITUB4;39.32
2025-12-16;KNRI11;149.09
2025-12-16;LWSA3;4.46
2025-12-16;MXRF11;9.48
2025-12-16;PETR3;32.31
2025-12-16;PETR4;30.74
2025-12-16;PRIO3;38.55
2025-12-16;RAIL3;14.74
2025-12-16;RDOR3;46.19
2025-12-16;SANB11;31.76
2025-12-16;SANB3;15.56
2025-12-16;SANB4;16.29
2025-12-16;TAEE11;41.31
2025-12-16;TAEE3;13.70
2025-12-16;TAEE4;13.84
2025-12-16;TOTS3;45.43
2025-12-16;TUPY3;12.12
2025-12-16;VALE3;69.29
2025-12-16;VIVA3;34.52
2025-12-16;WEGE3;49.94
2025-12-16;XPLG11;102.88
2025-12-17;AXIA3;62.41
2025-12-17;B3SA3;13.25
2025-12-17;BBAS3;21.55
2025-12-17;BBDC3;15.63
2025-12-17;BBDC4;18.25
2025-12-17;BTLG11;101.50
2025-12-17;CMIN3;5.52
2025-12-17;CPLE3;12.96
2025-12-17;EGIE3;30.37
2025-12-17;FLRY3;14.56
2025-12-17;FRAS3;22.60
2025-12-17;GGBR3;17.02
2025-12-17;GGBR4;20.31
2025-12-17;GMAT3;4.60
2025-12-17;HAPV3;14.51
2025-12-17;HGLG11;156.30
2025-12-17;ISAE3;33.30
2025-12-17;ISAE4;27.14
2025-12-17;ITUB3;35.56
2025-12-17;ITUB4;38.97
2025-12-17;KNRI11;150.00
2025-12-17;LWSA3;4.30
2025-12-17;MXRF11;9.47
2025-12-17;PETR3;32.53
2025-12-17;PETR4;31.08
2025-12-17;PRIO3;38.57
2025-12-17;RAIL3;14.55
2025-12-17;RDOR3;44.96
2025-12-17;SANB11;31.57
2025-12-17;SANB3;15.17
2025-12-17;SANB4;16.10
2025-12-17;TAEE11;40.60
2025-12-17;TAEE3;13.31
2025-12-17;TAEE4;13.60
2025-12-17;TOTS3;44.92
2025-12-17;TUPY3;12.52
2025-12-17;VALE3;70.17
2025-12-17;VIVA3;32.76
2025-12-17;WEGE3;49.80
2025-12-17;XPLG11;103.13
2025-12-18;AXIA3;62.34
2025-12-18;B3SA3;13.30
2025-12-18;BBAS3;21.59
2025-12-18;BBDC3;15.72
2025-12-18;BBDC4;18.33
2025-12-18;BTLG11;101.55
2025-12-18;CMIN3;5.48
2025-12-18;CPLE3;13.00
2025-12-18;EGIE3;30.66
2025-12-18;FLRY3;14.70
2025-12-18;FRAS3;21.95
2025-12-18;GGBR3;17.22
2025-12-18;GGBR4;20.43
2025-12-18;GMAT3;4.63
2025-12-18;HAPV3;14.23
2025-12-18;HGLG11;156.02
2025-12-18;ISAE3;33.11
2025-12-18;ISAE4;27.03
2025-12-18;ITUB3;35.72
2025-12-18;ITUB4;39.17
2025-12-18;KNRI11;150.40
2025-12-18;LWSA3;4.26
2025-12-18;MXRF11;9.49
2025-12-18;PETR3;32.45
2025-12-18;PETR4;30.90
2025-12-18;PRIO3;38.55
2025-12-18;RAIL3;14.65
2025-12-18;RDOR3;45.52
2025-12-18;SANB11;32.05
2025-12-18;SANB3;15.57
2025-12-18;SANB4;16.56
2025-12-18;TAEE11;40.34
2025-12-18;TAEE3;13.43
2025-12-18;TAEE4;13.48
2025-12-18;TOTS3;44.41
2025-12-18;TUPY3;12.34
2025-12-18;VALE3;70.35
2025-12-18;VIVA3;33.26
2025-12-18;WEGE3;50.00
2025-12-18;XPLG11;104.00
2025-12-19;AXIA3;62.80
2025-12-19;B3SA3;13.39
2025-12-19;BBAS3;21.44
2025-12-19;BBDC3;15.86
2025-12-19;BBDC4;18.50
2025-12-19;BTLG11;101.49
2025-12-19;CMIN3;5.26
2025-12-19;CPLE3;12.87
2025-12-19;EGIE3;31.00
2025-12-19;FLRY3;14.53
2025-12-19;FRAS3;21.75
2025-12-19;GGBR3;17.36
2025-12-19;GGBR4;20.37
2025-12-19;GMAT3;4.43
2025-12-19;HAPV3;14.26
2025-12-19;HGLG11;157.60
2025-12-19;ISAE3;33.50
2025-12-19;ISAE4;26.97
2025-12-19;ITUB3;36.56
2025-12-19;ITUB4;39.53
2025-12-19;KNRI11;151.77
2025-12-19;LWSA3;4.24
2025-12-19;MXRF11;9.60
2025-12-19;PETR3;32.68
2025-12-19;PETR4;31.01
2025-12-19;PRIO3;38.21
2025-12-19;RAIL3;14.49
2025-12-19;RDOR3;41.44
2025-12-19;SANB11;32.32
2025-12-19;SANB3;15.78
2025-12-19;SANB4;16.51
2025-12-19;TAEE11;40.88
2025-12-19;TAEE3;13.55
2025-12-19;TAEE4;13.79
2025-12-19;TOTS3;43.45
2025-12-19;TUPY3;12.22
2025-12-19;VALE3;70.85
2025-12-19;VIVA3;33.71
2025-12-19;WEGE3;49.72
2025-12-19;XPLG11;104.91
2025-12-22;AXIA3;48.65
2025-12-22;AXIA7;48.20
2025-12-22;B3SA3;13.24
2025-12-22;BBAS3;21.30
2025-12-22;BBDC3;15.70
2025-12-22;BBDC4;18.24
2025-12-22;BTLG11;101.98
2025-12-22;CMIN3;5.31
2025-12-22;CPLE3;12.71
2025-12-22;EGIE3;30.31
2025-12-22;FLRY3;14.64
2025-12-22;FRAS3;22.31
2025-12-22;GGBR3;17.43
2025-12-22;GGBR4;20.57
2025-12-22;GMAT3;4.39
2025-12-22;HAPV3;14.06
2025-12-22;HGLG11;158.20
2025-12-22;ISAE3;33.10
2025-12-22;ISAE4;27.32
2025-12-22;ITUB3;36.43
2025-12-22;ITUB4;39.61
2025-12-22;KNRI11;152.69
2025-12-22;LWSA3;4.15
2025-12-22;MXRF11;9.56
2025-12-22;PETR3;32.84
2025-12-22;PETR4;31.10
2025-12-22;PRIO3;39.41
2025-12-22;RAIL3;14.42
2025-12-22;RDOR3;40.43
2025-12-22;SANB11;32.66
2025-12-22;SANB3;15.85
2025-12-22;SANB4;16.48
2025-12-22;TAEE11;40.31
2025-12-22;TAEE3;13.23
2025-12-22;TAEE4;13.63
2025-12-22;TOTS3;42.56
2025-12-22;TUPY3;12.15
2025-12-22;VALE3;72.92
2025-12-22;VIVA3;32.09
2025-12-22;WEGE3;47.66
2025-12-22;XPLG11;104.93
2025-12-23;AXIA3;49.95
2025-12-23;AXIA7;48.52
2025-12-23;B3SA3;13.53
2025-12-23;BBAS3;21.75
2025-12-23;BBDC3;15.85
2025-12-23;BBDC4;18.41
2025-12-23;BTLG11;102.11
2025-12-23;CMIN3;5.41
2025-12-23;CPLE3;12.93
2025-12-23;EGIE3;31.12
2025-12-23;FLRY3;15.00
2025-12-23;FRAS3;22.45
2025-12-23;GGBR3;17.42
2025-12-23;GGBR4;20.75
2025-12-23;GMAT3;4.47
2025-12-23;HAPV3;14.15
2025-12-23;HGLG11;158.50
2025-12-23;ISAE3;33.80
2025-12-23;ISAE4;27.77
2025-12-23;ITUB3;36.85
2025-12-23;ITUB4;40.26
2025-12-23;KNRI11;156.08
2025-12-23;LWSA3;4.15
2025-12-23;MXRF11;9.53
2025-12-23;PETR3;32.02
2025-12-23;PETR4;30.31
2025-12-23;PRIO3;40.42
2025-12-23;RAIL3;14.63
2025-12-23;RDOR3;41.67
2025-12-23;SANB11;34.10
2025-12-23;SANB3;16.70
2025-12-23;SANB4;17.39
2025-12-23;TAEE11;40.77
2025-12-23;TAEE3;13.50
2025-12-23;TAEE4;13.62
2025-12-23;TOTS3;42.77
2025-12-23;TUPY3;11.91
2025-12-23;VALE3;72.90
2025-12-23;VIVA3;33.33
2025-12-23;WEGE3;48.28
2025-12-23;XPLG11;105.18
2025-12-26;AXIA3;49.88
2025-12-26;AXIA7;49.00
2025-12-26;B3SA3;13.72
2025-12-26;BBAS3;21.85
2025-12-26;BBDC3;15.86
2025-12-26;BBDC4;18.40
2025-12-26;BTLG11;103.00
2025-12-26;CMIN3;5.45
2025-12-26;CPLE3;13.00
2025-12-26;EGIE3;31.28
2025-12-26;FLRY3;14.89
2025-12-26;FRAS3;23.85
2025-12-26;GGBR3;17.56
2025-12-26;GGBR4;20.75
2025-12-26;GMAT3;4.50
2025-12-26;HAPV3;14.55
2025-12-26;HGLG11;157.85
2025-12-26;ISAE3;33.84
2025-12-26;ISAE4;27.96
2025-12-26;ITUB3;36.05
2025-12-26;ITUB4;39.10
2025-12-26;KNRI11;159.10
2025-12-26;LWSA3;4.18
2025-12-26;MXRF11;9.54
2025-12-26;PETR3;32.12
2025-12-26;PETR4;30.41
2025-12-26;PRIO3;40.60
2025-12-26;RAIL3;14.73
2025-12-26;RDOR3;41.45
2025-12-26;SANB11;34.28
2025-12-26;SANB3;16.75
2025-12-26;SANB4;17.58
2025-12-26;TAEE11;41.36
2025-12-26;TAEE3;13.68
2025-12-26;TAEE4;13.88
2025-12-26;TOTS3;42.38
2025-12-26;TUPY3;12.14
2025-12-26;VALE3;73.12
2025-12-26;VIVA3;33.02
2025-12-26;WEGE3;48.75
2025-12-26;XPLG11;105.45
2025-12-29;AXIA3;49.90
2025-12-29;AXIA7;48.78
2025-12-29;B3SA3;13.79
2025-12-29;BBAS3;21.72
2025-12-29;BBDC3;15.85
2025-12-29;BBDC4;18.49
2025-12-29;BTLG11;103.10
2025-12-29;CMIN3;5.40
2025-12-29;CPLE3;12.87
2025-12-29;EGIE3;30.92
2025-12-29;FLRY3;14.77
2025-12-29;FRAS3;23.98
2025-12-29;GGBR3;17.36
2025-12-29;GGBR4;20.53
2025-12-29;GMAT3;4.48
2025-12-29;HAPV3;14.75
2025-12-29;HGLG11;157.40
2025-12-29;ISAE3;34.00
2025-12-29;ISAE4;27.37
2025-12-29;ITUB3;36.00
2025-12-29;ITUB4;38.98
2025-12-29;KNRI11;158.82
2025-12-29;LWSA3;4.12
2025-12-29;MXRF11;9.55
2025-12-29;PETR3;32.33
2025-12-29;PETR4;30.73
2025-12-29;PRIO3;41.14
2025-12-29;RAIL3;14.61
2025-12-29;RDOR3;40.75
2025-12-29;SANB11;33.36
2025-12-29;SANB3;16.34
2025-12-29;SANB4;17.01
2025-12-29;TAEE11;41.49
2025-12-29;TAEE3;13.59
2025-12-29;TAEE4;13.80
2025-12-29;TOTS3;41.80
2025-12-29;TUPY3;12.03
2025-12-29;VALE3;72.12
2025-12-29;VIVA3;32.89
2025-12-29;WEGE3;48.71
2025-12-29;XPLG11;105.88
2025-12-30;AXIA3;50.61
2025-12-30;AXIA7;49.12
2025-12-30;B3SA3;13.89
2025-12-30;BBAS3;21.92
2025-12-30;BBDC3;15.60
2025-12-30;BBDC4;18.19
2025-12-30;BTLG11;102.65
2025-12-30;CMIN3;5.45
2025-12-30;CPLE3;13.08
2025-12-30;EGIE3;31.37
2025-12-30;FLRY3;15.00
2025-12-30;FRAS3;24.15
2025-12-30;GGBR3;17.47
2025-12-30;GGBR4;20.39
2025-12-30;GMAT3;4.51
2025-12-30;HAPV3;14.73
2025-12-30;HGLG11;157.55
2025-12-30;ISAE3;34.00
2025-12-30;ISAE4;27.54
2025-12-30;ITUB3;36.35
2025-12-30;ITUB4;39.23
2025-12-30;KNRI11;153.80
2025-12-30;LWSA3;4.26
2025-12-30;MXRF11;9.54
2025-12-30;PETR3;32.57
2025-12-30;PETR4;30.82
2025-12-30;PRIO3;41.42
2025-12-30;RAIL3;14.76
2025-12-30;RDOR3;40.61
2025-12-30;SANB11;34.06
2025-12-30;SANB3;16.47
2025-12-30;SANB4;17.22
2025-12-30;TAEE11;42.11
2025-12-30;TAEE3;13.90
2025-12-30;TAEE4;14.08
2025-12-30;TOTS3;42.08
2025-12-30;TUPY3;12.29
2025-12-30;VALE3;71.96
2025-12-30;VIVA3;33.24
2025-12-30;WEGE3;48.51
2025-12-30;XPLG11;105.82
2026-01-02;AXIA3;50.00
2026-01-02;AXIA7;48.00
2026-01-02;B3SA3;13.43
2026-01-02;BBAS3;21.68
2026-01-02;BBDC3;15.64
2026-01-02;BBDC4;18.22
2026-01-02;BTLG11;103.69
2026-01-02;CMIN3;5.30
2026-01-02;CPLE3;12.14
2026-01-02;EGIE3;31.13
2026-01-02;FLRY3;14.83
2026-01-02;FRAS3;24.11
2026-01-02;GGBR3;17.47
2026-01-02;GGBR4;20.51
2026-01-02;GMAT3;4.49
2026-01-02;HAPV3;14.56
2026-01-02;HGLG11;157.80
2026-01-02;ISAE3;34.00
2026-01-02;ISAE4;26.90
2026-01-02;ITUB3;36.31
2026-01-02;ITUB4;39.15
2026-01-02;KNRI11;153.03
2026-01-02;LWSA3;4.12
2026-01-02;MXRF11;9.50
2026-01-02;PETR3;32.30
2026-01-02;PETR4;30.71
2026-01-02;PRIO3;41.76
2026-01-02;RAIL3;14.75
2026-01-02;RDOR3;40.47
2026-01-02;SANB11;33.73
2026-01-02;SANB3;16.53
2026-01-02;SANB4;17.19
2026-01-02;TAEE11;41.97
2026-01-02;TAEE3;13.93
2026-01-02;TAEE4;14.15
2026-01-02;TOTS3;40.98
2026-01-02;TUPY3;11.63
2026-01-02;VALE3;72.38
2026-01-02;VIVA3;32.26
2026-01-02;WEGE3;48.25
2026-01-02;XPLG11;104.72
2026-01-05;AXIA3;50.25
2026-01-05;AXIA7;48.30
2026-01-05;B3SA3;13.95
2026-01-05;BBAS3;21.88
2026-01-05;BBDC3;16.16
2026-01-05;BBDC4;18.97
2026-01-05;BTLG11;103.51
2026-01-05;CMIN3;5.40
2026-01-05;CPLE3;12.25
2026-01-05;EGIE3;31.12
2026-01-05;FLRY3;15.00
2026-01-05;FRAS3;24.12
2026-01-05;GGBR3;17.67
2026-01-05;GGBR4;20.71
2026-01-05;GMAT3;4.40
2026-01-05;HAPV3;15.17
2026-01-05;HGLG11;157.35
2026-01-05;ISAE3;34.00
2026-01-05;ISAE4;27.15
2026-01-05;ITUB3;36.92
2026-01-05;ITUB4;39.72
2026-01-05;KNRI11;156.19
2026-01-05;LWSA3;4.21
2026-01-05;MXRF11;9.52
2026-01-05;PETR3;31.76
2026-01-05;PETR4;30.20
2026-01-05;PRIO3;41.15
2026-01-05;RAIL3;14.84
2026-01-05;RDOR3;40.95
2026-01-05;SANB11;33.94
2026-01-05;SANB3;16.64
2026-01-05;SANB4;17.36
2026-01-05;TAEE11;42.24
2026-01-05;TAEE3;13.98
2026-01-05;TAEE4;14.07
2026-01-05;TOTS3;41.40
2026-01-05;TUPY3;11.77
2026-01-05;VALE3;73.12
2026-01-05;VIVA3;31.30
2026-01-05;WEGE3;48.08
2026-01-05;XPLG11;104.15
2026-01-06;AXIA3;51.96
2026-01-06;AXIA7;49.89
2026-01-06;B3SA3;14.50
2026-01-06;BBAS3;22.12
2026-01-06;BBDC3;16.21
2026-01-06;BBDC4;19.08
2026-01-06;BTLG11;103.70
2026-01-06;CMIN3;5.55
2026-01-06;CPLE3;12.44
2026-01-06;EGIE3;31.42
2026-01-06;FLRY3;15.59
2026-01-06;FRAS3;23.86
2026-01-06;GGBR3;17.97
2026-01-06;GGBR4;21.05
2026-01-06;GMAT3;4.49
2026-01-06;HAPV3;16.49
2026-01-06;HGLG11;157.12
2026-01-06;ISAE3;34.17
2026-01-06;ISAE4;27.00
2026-01-06;ITUB3;37.43
2026-01-06;ITUB4;39.96
2026-01-06;KNRI11;158.00
2026-01-06;LWSA3;4.29
2026-01-06;MXRF11;9.52
2026-01-06;PETR3;31.15
2026-01-06;PETR4;29.64
2026-01-06;PRIO3;40.82
2026-01-06;RAIL3;14.84
2026-01-06;RDOR3;42.50
2026-01-06;SANB11;33.92
2026-01-06;SANB3;16.71
2026-01-06;SANB4;17.30
2026-01-06;TAEE11;42.08
2026-01-06;TAEE3;13.89
2026-01-06;TAEE4;14.04
2026-01-06;TOTS3;42.28
2026-01-06;TUPY3;11.76
2026-01-06;VALE3;75.87
2026-01-06;VIVA3;30.30
2026-01-06;WEGE3;48.17
2026-01-06;XPLG11;104.10
2026-01-07;AXIA3;49.51
2026-01-07;AXIA7;47.62
2026-01-07;B3SA3;14.28
2026-01-07;BBAS3;21.70
2026-01-07;BBDC3;16.03
2026-01-07;BBDC4;18.84
2026-01-07;BTLG11;103.00
2026-01-07;CMIN3;5.58
2026-01-07;CPLE3;12.12
2026-01-07;EGIE3;30.90
2026-01-07;FLRY3;15.35
2026-01-07;FRAS3;23.74
2026-01-07;GGBR3;18.00
2026-01-07;GGBR4;21.27
2026-01-07;GMAT3;4.47
2026-01-07;HAPV3;16.14
2026-01-07;HGLG11;156.93
2026-01-07;ISAE3;33.51
2026-01-07;ISAE4;26.81
2026-01-07;ITUB3;36.70
2026-01-07;ITUB4;39.32
2026-01-07;KNRI11;159.22
2026-01-07;LWSA3;4.25
2026-01-07;MXRF11;9.49
2026-01-07;PETR3;31.18
2026-01-07;PETR4;29.83
2026-01-07;PRIO3;41.07
2026-01-07;RAIL3;14.66
2026-01-07;RDOR3;40.99
2026-01-07;SANB11;33.15
2026-01-07;SANB3;16.19
2026-01-07;SANB4;16.85
2026-01-07;TAEE11;41.35
2026-01-07;TAEE3;13.68
2026-01-07;TAEE4;13.97
2026-01-07;TOTS3;42.57
2026-01-07;TUPY3;11.70
2026-01-07;VALE3;76.32
2026-01-07;VIVA3;29.93
2026-01-07;WEGE3;47.70
2026-01-07;XPLG11;103.89
2026-01-08;AXIA3;51.20
2026-01-08;AXIA7;49.43
2026-01-08;B3SA3;14.38
2026-01-08;BBAS3;21.82
2026-01-08;BBDC3;15.84
2026-01-08;BBDC4;18.52
2026-01-08;BTLG11;102.91
2026-01-08;CMIN3;5.50
2026-01-08;CPLE3;12.38
2026-01-08;EGIE3;30.86
2026-01-08;FLRY3;15.15
2026-01-08;FRAS3;23.70
2026-01-08;GGBR3;18.20
2026-01-08;GGBR4;21.20
2026-01-08;GMAT3;4.48
2026-01-08;HAPV3;15.37
2026-01-08;HGLG11;156.99
2026-01-08;ISAE3;34.30
2026-01-08;ISAE4;26.80
2026-01-08;ITUB3;37.12
2026-01-08;ITUB4;39.93
2026-01-08;KNRI11;158.01
2026-01-08;LWSA3;4.31
2026-01-08;MXRF11;9.51
2026-01-08;PETR3;31.96
2026-01-08;PETR4;30.20
2026-01-08;PRIO3;41.83
2026-01-08;RAIL3;14.84
2026-01-08;RDOR3;40.67
2026-01-08;SANB11;33.73
2026-01-08;SANB3;16.31
2026-01-08;SANB4;17.08
2026-01-08;TAEE11;40.54
2026-01-08;TAEE3;13.44
2026-01-08;TAEE4;13.66
2026-01-08;TOTS3;43.36
2026-01-08;TUPY3;11.63
2026-01-08;VALE3;75.58
2026-01-08;VIVA3;30.32
2026-01-08;WEGE3;45.71
2026-01-08;XPLG11;103.76
2026-01-09;AXIA3;51.35
2026-01-09;AXIA7;49.30
2026-01-09;B3SA3;14.46
2026-01-09;BBAS3;21.86
2026-01-09;BBDC3;15.88
2026-01-09;BBDC4;18.54
2026-01-09;BTLG11;103.15
2026-01-09;CMIN3;5.50
2026-01-09;CPLE3;12.82
2026-01-09;EGIE3;30.95
2026-01-09;FLRY3;15.50
2026-01-09;FRAS3;23.70
2026-01-09;GGBR3;18.00
2026-01-09;GGBR4;21.05
2026-01-09;GMAT3;4.45
2026-01-09;HAPV3;15.25
2026-01-09;HGLG11;156.50
2026-01-09;ISAE3;34.30
2026-01-09;ISAE4;26.72
2026-01-09;ITUB3;37.05
2026-01-09;ITUB4;39.85
2026-01-09;KNRI11;158.92
2026-01-09;LWSA3;4.36
2026-01-09;MXRF11;9.51
2026-01-09;PETR3;31.90
2026-01-09;PETR4;30.30
2026-01-09;PRIO3;42.68
2026-01-09;RAIL3;14.83
2026-01-09;RDOR3;41.19
2026-01-09;SANB11;34.12
2026-01-09;SANB3;16.57
2026-01-09;SANB4;17.39
2026-01-09;TAEE11;40.07
2026-01-09;TAEE3;13.20
2026-01-09;TAEE4;13.46
2026-01-09;TOTS3;44.04
2026-01-09;TUPY3;11.65
2026-01-09;VALE3;74.72
2026-01-09;VIVA3;30.95
2026-01-09;WEGE3;46.10
2026-01-09;XPLG11;103.70
2026-01-12;AXIA3;50.70
2026-01-12;AXIA7;49.03
2026-01-12;B3SA3;14.49
2026-01-12;BBAS3;21.87
2026-01-12;BBDC3;15.73
2026-01-12;BBDC4;18.40
2026-01-12;BTLG11;103.20
2026-01-12;CMIN3;5.57
2026-01-12;CPLE3;12.88
2026-01-12;EGIE3;31.19
2026-01-12;FLRY3;15.50
2026-01-12;FRAS3;23.77
2026-01-12;GGBR3;18.18
2026-01-12;GGBR4;21.25
2026-01-12;GMAT3;4.47
2026-01-12;HAPV3;15.26
2026-01-12;HGLG11;156.37
2026-01-12;ISAE3;34.30
2026-01-12;ISAE4;26.49
2026-01-12;ITUB3;36.86
2026-01-12;ITUB4;39.49
2026-01-12;KNRI11;157.99
2026-01-12;LWSA3;4.40
2026-01-12;MXRF11;9.50
2026-01-12;PETR3;31.95
2026-01-12;PETR4;30.36
2026-01-12;PRIO3;43.24
2026-01-12;RAIL3;14.89
2026-01-12;RDOR3;41.16
2026-01-12;SANB11;33.96
2026-01-12;SANB3;16.62
2026-01-12;SANB4;17.34
2026-01-12;TAEE11;40.10
2026-01-12;TAEE3;13.12
2026-01-12;TAEE4;13.50
2026-01-12;TOTS3;44.03
2026-01-12;TUPY3;11.65
2026-01-12;VALE3;74.74
2026-01-12;VIVA3;30.92
2026-01-12;WEGE3;46.75
2026-01-12;XPLG11;103.70
2026-01-13;AXIA3;49.47
2026-01-13;AXIA7;47.84
2026-01-13;B3SA3;14.31
2026-01-13;BBAS3;21.20
2026-01-13;BBDC3;15.60
2026-01-13;BBDC4;18.19
2026-01-13;BTLG11;103.37
2026-01-13;CMIN3;5.59
2026-01-13;CPLE3;12.46
2026-01-13;EGIE3;30.27
2026-01-13;FLRY3;15.13
2026-01-13;FRAS3;23.95
2026-01-13;GGBR3;18.39
2026-01-13;GGBR4;21.66
2026-01-13;GMAT3;4.54
2026-01-13;HAPV3;13.98
2026-01-13;HGLG11;156.65
2026-01-13;ISAE3;34.17
2026-01-13;ISAE4;25.91
2026-01-13;ITUB3;36.31
2026-01-13;ITUB4;39.17
2026-01-13;KNRI11;157.85
2026-01-13;LWSA3;4.34
2026-01-13;MXRF11;9.49
2026-01-13;PETR3;33.04
2026-01-13;PETR4;31.14
2026-01-13;PRIO3;42.80
2026-01-13;RAIL3;14.31
2026-01-13;RDOR3;40.22
2026-01-13;SANB11;33.49
2026-01-13;SANB3;16.41
2026-01-13;SANB4;17.05
2026-01-13;TAEE11;39.65
2026-01-13;TAEE3;13.10
2026-01-13;TAEE4;13.30
2026-01-13;TOTS3;42.74
2026-01-13;TUPY3;11.45
2026-01-13;VALE3;75.35
2026-01-13;VIVA3;29.50
2026-01-13;WEGE3;46.40
2026-01-13;XPLG11;103.73
2026-01-14;AXIA3;50.93
2026-01-14;AXIA7;49.00
2026-01-14;B3SA3;14.73
2026-01-14;BBAS3;21.50
2026-01-14;BBDC3;15.86
2026-01-14;BBDC4;18.52
2026-01-14;BTLG11;103.40
2026-01-14;CMIN3;5.83
2026-01-14;CPLE3;12.45
2026-01-14;EGIE3;30.93
2026-01-14;FLRY3;15.56
2026-01-14;FRAS3;24.00
2026-01-14;GGBR3;18.75
2026-01-14;GGBR4;22.21
2026-01-14;GMAT3;4.68
2026-01-14;HAPV3;13.89
2026-01-14;HGLG11;156.75
2026-01-14;ISAE3;34.24
2026-01-14;ISAE4;26.21
2026-01-14;ITUB3;36.63
2026-01-14;ITUB4;39.60
2026-01-14;KNRI11;158.36
2026-01-14;LWSA3;4.37
2026-01-14;MXRF11;9.48
2026-01-14;PETR3;34.24
2026-01-14;PETR4;31.99
2026-01-14;PRIO3;44.07
2026-01-14;RAIL3;13.70
2026-01-14;RDOR3;40.34
2026-01-14;SANB11;33.98
2026-01-14;SANB3;16.69
2026-01-14;SANB4;17.23
2026-01-14;TAEE11;39.78
2026-01-14;TAEE3;13.05
2026-01-14;TAEE4;13.26
2026-01-14;TOTS3;43.58
2026-01-14;TUPY3;11.47
2026-01-14;VALE3;78.92
2026-01-14;VIVA3;29.29
2026-01-14;WEGE3;47.01
2026-01-14;XPLG11;103.85
2026-01-15;AXIA3;51.39
2026-01-15;AXIA7;49.75
2026-01-15;B3SA3;15.12
2026-01-15;BBAS3;21.46
2026-01-15;BBDC3;16.11
2026-01-15;BBDC4;18.90
2026-01-15;BTLG11;103.40
2026-01-15;CMIN3;5.69
2026-01-15;CPLE3;12.60
2026-01-15;EGIE3;30.57
2026-01-15;FLRY3;15.73
2026-01-15;FRAS3;24.00
2026-01-15;GGBR3;18.78
2026-01-15;GGBR4;22.28
2026-01-15;GMAT3;4.59
2026-01-15;HAPV3;13.25
2026-01-15;HGLG11;156.56
2026-01-15;ISAE3;34.20
2026-01-15;ISAE4;26.29
2026-01-15;ITUB3;37.04
2026-01-15;ITUB4;39.94
2026-01-15;KNRI11;159.04
2026-01-15;LWSA3;4.41
2026-01-15;MXRF11;9.48
2026-01-15;PETR3;33.89
2026-01-15;PETR4;31.79
2026-01-15;PRIO3;43.78
2026-01-15;RAIL3;13.73
2026-01-15;RDOR3;40.32
2026-01-15;SANB11;33.14
2026-01-15;SANB3;16.25
2026-01-15;SANB4;16.96
2026-01-15;TAEE11;39.88
2026-01-15;TAEE3;13.20
2026-01-15;TAEE4;13.41
2026-01-15;TOTS3;44.00
2026-01-15;TUPY3;11.61
2026-01-15;VALE3;78.85
2026-01-15;VIVA3;27.37
2026-01-15;WEGE3;46.44
2026-01-15;XPLG11;103.45
2026-01-16;AXIA3;50.50
2026-01-16;AXIA7;48.65
2026-01-16;B3SA3;15.24
2026-01-16;BBAS3;21.37
2026-01-16;BBDC3;16.20
2026-01-16;BBDC4;18.91
2026-01-16;BTLG11;102.57
2026-01-16;CMIN3;5.55
2026-01-16;CPLE3;12.31
2026-01-16;EGIE3;30.47
2026-01-16;FLRY3;15.43
2026-01-16;FRAS3;23.90
2026-01-16;GGBR3;18.65
2026-01-16;GGBR4;22.04
2026-01-16;GMAT3;4.59
2026-01-16;HAPV3;12.99
2026-01-16;HGLG11;156.81
2026-01-16;ISAE3;34.22
2026-01-16;ISAE4;25.94
2026-01-16;ITUB3;36.95
2026-01-16;ITUB4;39.61
2026-01-16;KNRI11;159.98
2026-01-16;LWSA3;4.33
2026-01-16;MXRF11;9.45
2026-01-16;PETR3;33.98
2026-01-16;PETR4;32.04
2026-01-16;PRIO3;44.17
2026-01-16;RAIL3;13.60
2026-01-16;RDOR3;40.25
2026-01-16;SANB11;33.10
2026-01-16;SANB3;16.17
2026-01-16;SANB4;16.83
2026-01-16;TAEE11;39.50
2026-01-16;TAEE3;13.03
2026-01-16;TAEE4;13.25
2026-01-16;TOTS3;43.09
2026-01-16;TUPY3;11.58
2026-01-16;VALE3;78.88
2026-01-16;VIVA3;26.92
2026-01-16;WEGE3;46.32
2026-01-16;XPLG11;103.30
2026-01-19;AXIA3;50.80
2026-01-19;AXIA7;49.09
2026-01-19;B3SA3;15.10
2026-01-19;BBAS3;21.31
2026-01-19;BBDC3;16.24
2026-01-19;BBDC4;18.90
2026-01-19;BTLG11;102.49
2026-01-19;CMIN3;5.54
2026-01-19;CPLE3;12.27
2026-01-19;EGIE3;30.75
2026-01-19;FLRY3;15.60
2026-01-19;FRAS3;23.84
2026-01-19;GGBR3;18.56
2026-01-19;GGBR4;22.01
2026-01-19;GMAT3;4.59
2026-01-19;HAPV3;13.49
2026-01-19;HGLG11;156.71
2026-01-19;ISAE3;34.17
2026-01-19;ISAE4;26.00
2026-01-19;ITUB3;36.79
2026-01-19;ITUB4;39.55
2026-01-19;KNRI11;159.01
2026-01-19;LWSA3;4.33
2026-01-19;MXRF11;9.49
2026-01-19;PETR3;34.16
2026-01-19;PETR4;32.17
2026-01-19;PRIO3;44.93
2026-01-19;RAIL3;13.54
2026-01-19;RDOR3;40.45
2026-01-19;SANB11;33.33
2026-01-19;SANB3;16.20
2026-01-19;SANB4;17.09
2026-01-19;TAEE11;39.85
2026-01-19;TAEE3;13.21
2026-01-19;TAEE4;13.30
2026-01-19;TOTS3;43.59
2026-01-19;TUPY3;11.34
2026-01-19;VALE3;78.57
2026-01-19;VIVA3;26.84
2026-01-19;WEGE3;46.22
2026-01-19;XPLG11;103.27
2026-01-20;AXIA3;51.30
2026-01-20;AXIA7;49.32
2026-01-20;B3SA3;14.67
2026-01-20;BBAS3;21.54
2026-01-20;BBDC3;16.45
2026-01-20;BBDC4;19.17
2026-01-20;BTLG11;102.50
2026-01-20;CMIN3;5.46
2026-01-20;CPLE3;12.46
2026-01-20;EGIE3;31.24
2026-01-20;FLRY3;15.64
2026-01-20;FRAS3;23.73
2026-01-20;GGBR3;18.67
2026-01-20;GGBR4;22.20
2026-01-20;GMAT3;4.56
2026-01-20;HAPV3;13.23
2026-01-20;HGLG11;157.00
2026-01-20;ISAE3;34.30
2026-01-20;ISAE4;26.05
2026-01-20;ITUB3;36.75
2026-01-20;ITUB4;39.92
2026-01-20;KNRI11;159.45
2026-01-20;LWSA3;4.28
2026-01-20;MXRF11;9.49
2026-01-20;PETR3;34.45
2026-01-20;PETR4;32.29
2026-01-20;PRIO3;45.41
2026-01-20;RAIL3;13.40
2026-01-20;RDOR3;40.14
2026-01-20;SANB11;34.00
2026-01-20;SANB3;16.63
2026-01-20;SANB4;17.38
2026-01-20;TAEE11;40.06
2026-01-20;TAEE3;13.20
2026-01-20;TAEE4;13.42
2026-01-20;TOTS3;44.64
2026-01-20;TUPY3;11.55
2026-01-20;VALE3;80.08
2026-01-20;VIVA3;27.05
2026-01-20;WEGE3;46.43
2026-01-20;XPLG11;103.17
2026-01-21;AXIA3;52.83
2026-01-21;AXIA7;51.10
2026-01-21;B3SA3;15.50
2026-01-21;BBAS3;22.40
2026-01-21;BBDC3;16.99
2026-01-21;BBDC4;19.76
2026-01-21;BTLG11;102.40
2026-01-21;CMIN3;5.74
2026-01-21;CPLE3;12.88
2026-01-21;EGIE3;32.31
2026-01-21;FLRY3;16.02
2026-01-21;FRAS3;24.37
2026-01-21;GGBR3;19.20
2026-01-21;GGBR4;22.56
2026-01-21;GMAT3;4.80
2026-01-21;HAPV3;13.88
2026-01-21;HGLG11;156.92
2026-01-21;ISAE3;34.30
2026-01-21;ISAE4;26.63
2026-01-21;ITUB3;38.43
2026-01-21;ITUB4;41.67
2026-01-21;KNRI11;160.65
2026-01-21;LWSA3;4.49
2026-01-21;MXRF11;9.48
2026-01-21;PETR3;36.03
2026-01-21;PETR4;33.43
2026-01-21;PRIO3;46.88
2026-01-21;RAIL3;14.05
2026-01-21;RDOR3;41.05
2026-01-21;SANB11;34.57
2026-01-21;SANB3;16.75
2026-01-21;SANB4;17.65
2026-01-21;TAEE11;40.71
2026-01-21;TAEE3;13.49
2026-01-21;TAEE4;13.64
2026-01-21;TOTS3;45.50
2026-01-21;TUPY3;11.94
2026-01-21;VALE3;82.50
2026-01-21;VIVA3;28.08
2026-01-21;WEGE3;47.59
2026-01-21;XPLG11;102.54
2026-01-22;AXIA3;54.69
2026-01-22;AXIA7;52.89
2026-01-22;B3SA3;15.62
2026-01-22;BBAS3;23.45
2026-01-22;BBDC3;17.59
2026-01-22;BBDC4;20.30
2026-01-22;BTLG11;102.50
2026-01-22;CMIN3;5.82
2026-01-22;CPLE3;13.29
2026-01-22;EGIE3;33.24
2026-01-22;FLRY3;16.47
2026-01-22;FRAS3;24.55
2026-01-22;GGBR3;19.67
2026-01-22;GGBR4;23.08
2026-01-22;GMAT3;4.88
2026-01-22;HAPV3;13.79
2026-01-22;HGLG11;156.97
2026-01-22;ISAE3;34.30
2026-01-22;ISAE4;27.45
2026-01-22;ITUB3;40.05
2026-01-22;ITUB4;43.08
2026-01-22;KNRI11;162.50
2026-01-22;LWSA3;4.65
2026-01-22;MXRF11;9.50
2026-01-22;PETR3;36.28
2026-01-22;PETR4;33.58
2026-01-22;PRIO3;46.25
2026-01-22;RAIL3;14.22
2026-01-22;RDOR3;43.39
2026-01-22;SANB11;35.15
2026-01-22;SANB3;17.11
2026-01-22;SANB4;18.00
2026-01-22;TAEE11;42.22
2026-01-22;TAEE3;13.83
2026-01-22;TAEE4;13.97
2026-01-22;TOTS3;46.47
2026-01-22;TUPY3;12.14
2026-01-22;VALE3;82.98
2026-01-22;VIVA3;29.86
2026-01-22;WEGE3;49.23
2026-01-22;XPLG11;102.25
2026-01-23;AXIA3;54.37
2026-01-23;AXIA7;52.80
2026-01-23;B3SA3;15.82
2026-01-23;BBAS3;24.28
2026-01-23;BBDC3;17.87
2026-01-23;BBDC4;20.79
2026-01-23;BTLG11;102.70
2026-01-23;CMIN3;5.97
2026-01-23;CPLE3;13.52
2026-01-23;EGIE3;33.23
2026-01-23;FLRY3;16.77
2026-01-23;FRAS3;24.66
2026-01-23;GGBR3;19.60
2026-01-23;GGBR4;23.25
2026-01-23;GMAT3;4.93
2026-01-23;HAPV3;13.74
2026-01-23;HGLG11;157.40
2026-01-23;ISAE3;34.70
2026-01-23;ISAE4;27.99
2026-01-23;ITUB3;40.73
2026-01-23;ITUB4;43.57
2026-01-23;KNRI11;163.06
2026-01-23;LWSA3;4.86
2026-01-23;MXRF11;9.50
2026-01-23;PETR3;37.72
2026-01-23;PETR4;35.04
2026-01-23;PRIO3;48.52
2026-01-23;RAIL3;14.81
2026-01-23;RDOR3;43.95
2026-01-23;SANB11;35.74
2026-01-23;SANB3;17.38
2026-01-23;SANB4;18.24
2026-01-23;TAEE11;43.03
2026-01-23;TAEE3;14.10
2026-01-23;TAEE4;14.27
2026-01-23;TOTS3;46.71
2026-01-23;TUPY3;12.68
2026-01-23;VALE3;85.02
2026-01-23;VIVA3;28.35
2026-01-23;WEGE3;49.87
2026-01-23;XPLG11;102.55
2026-01-26;AXIA3;53.38
2026-01-26;AXIA7;51.62
2026-01-26;B3SA3;15.68
2026-01-26;BBAS3;24.40
2026-01-26;BBDC3;18.06
2026-01-26;BBDC4;20.88
2026-01-26;BTLG11;102.75
2026-01-26;CMIN3;5.95
2026-01-26;CPLE3;13.59
2026-01-26;EGIE3;33.38
2026-01-26;FLRY3;16.78
2026-01-26;FRAS3;24.77
2026-01-26;GGBR3;19.50
2026-01-26;GGBR4;22.73
2026-01-26;GMAT3;4.86
2026-01-26;HAPV3;13.59
2026-01-26;HGLG11;157.37
2026-01-26;ISAE3;34.69
2026-01-26;ISAE4;28.07
2026-01-26;ITUB3;41.20
2026-01-26;ITUB4;44.15
2026-01-26;KNRI11;163.21
2026-01-26;LWSA3;4.84
2026-01-26;MXRF11;9.50
2026-01-26;PETR3;37.85
2026-01-26;PETR4;35.36
2026-01-26;PRIO3;48.50
2026-01-26;RAIL3;14.85
2026-01-26;RDOR3;44.09
2026-01-26;SANB11;35.52
2026-01-26;SANB3;17.29
2026-01-26;SANB4;18.17
2026-01-26;TAEE11;43.28
2026-01-26;TAEE3;14.26
2026-01-26;TAEE4;14.43
2026-01-26;TOTS3;47.22
2026-01-26;TUPY3;12.71
2026-01-26;VALE3;83.07
2026-01-26;VIVA3;28.22
2026-01-26;WEGE3;51.61
2026-01-26;XPLG11;102.70
2026-01-27;AXIA3;53.91
2026-01-27;AXIA7;52.47
2026-01-27;B3SA3;16.16
2026-01-27;BBAS3;24.69
2026-01-27;BBDC3;18.48
2026-01-27;BBDC4;21.43
2026-01-27;BTLG11;102.69
2026-01-27;CMIN3;6.18
2026-01-27;CPLE3;13.71
2026-01-27;EGIE3;33.47
2026-01-27;FLRY3;17.01
2026-01-27;FRAS3;24.85
2026-01-27;GGBR3;20.22
2026-01-27;GGBR4;23.50
2026-01-27;GMAT3;5.01
2026-01-27;HAPV3;13.87
2026-01-27;HGLG11;157.37
2026-01-27;ISAE3;34.70
2026-01-27;ISAE4;28.66
2026-01-27;ITUB3;42.41
2026-01-27;ITUB4;45.32
2026-01-27;KNRI11;163.15
2026-01-27;LWSA3;4.92
2026-01-27;MXRF11;9.49
2026-01-27;PETR3;38.91
2026-01-27;PETR4;36.13
2026-01-27;PRIO3;49.01
2026-01-27;RAIL3;15.05
2026-01-27;RDOR3;43.60
2026-01-27;SANB11;36.65
2026-01-27;SANB3;17.83
2026-01-27;SANB4;18.85
2026-01-27;TAEE11;44.16
2026-01-27;TAEE3;14.59
2026-01-27;TAEE4;14.72
2026-01-27;TOTS3;46.50
2026-01-27;TUPY3;13.11
2026-01-27;VALE3;84.90
2026-01-27;VIVA3;27.69
2026-01-27;WEGE3;52.70
2026-01-27;XPLG11;102.48
2026-01-28;AXIA3;55.50
2026-01-28;AXIA7;54.18
2026-01-28;B3SA3;16.51
2026-01-28;BBAS3;25.40
2026-01-28;BBDC3;18.68
2026-01-28;BBDC4;21.72
2026-01-28;BTLG11;102.53
2026-01-28;CMIN3;6.42
2026-01-28;CPLE3;13.49
2026-01-28;EGIE3;33.55
2026-01-28;FLRY3;17.10
2026-01-28;FRAS3;25.25
2026-01-28;GGBR3;20.19
2026-01-28;GGBR4;23.73
2026-01-28;GMAT3;5.04
2026-01-28;HAPV3;13.75
2026-01-28;HGLG11;157.35
2026-01-28;ISAE3;35.00
2026-01-28;ISAE4;28.36
2026-01-28;ITUB3;43.04
2026-01-28;ITUB4;46.34
2026-01-28;KNRI11;163.50
2026-01-28;LWSA3;5.00
2026-01-28;MXRF11;9.52
2026-01-28;PETR3;40.04
2026-01-28;PETR4;37.34
2026-01-28;PRIO3;50.50
2026-01-28;RAIL3;15.15
2026-01-28;RDOR3;44.15
2026-01-28;SANB11;37.50
2026-01-28;SANB3;18.49
2026-01-28;SANB4;19.00
2026-01-28;TAEE11;43.25
2026-01-28;TAEE3;14.39
2026-01-28;TAEE4;14.64
2026-01-28;TOTS3;47.35
2026-01-28;TUPY3;13.35
2026-01-28;VALE3;86.97
2026-01-28;VIVA3;27.50
2026-01-28;WEGE3;51.57
2026-01-28;XPLG11;102.80
2026-01-29;AXIA3;54.76
2026-01-29;AXIA7;53.05
2026-01-29;B3SA3;16.68
2026-01-29;BBAS3;25.50
2026-01-29;BBDC3;18.42
2026-01-29;BBDC4;21.44
2026-01-29;BTLG11;102.80
2026-01-29;CMIN3;6.13
2026-01-29;CPLE3;13.09
2026-01-29;EGIE3;33.53
2026-01-29;FLRY3;16.80
2026-01-29;FRAS3;24.80
2026-01-29;GGBR3;19.36
2026-01-29;GGBR4;22.74
2026-01-29;GMAT3;4.89
2026-01-29;HAPV3;13.43
2026-01-29;HGLG11;157.20
2026-01-29;ISAE3;34.37
2026-01-29;ISAE4;28.14
2026-01-29;ITUB3;42.98
2026-01-29;ITUB4;46.15
2026-01-29;KNRI11;163.19
2026-01-29;LWSA3;4.88
2026-01-29;MXRF11;9.57
2026-01-29;PETR3;40.30
2026-01-29;PETR4;37.70
2026-01-29;PRIO3;51.51
2026-01-29;RAIL3;14.88
2026-01-29;RDOR3;42.73
2026-01-29;SANB11;36.95
2026-01-29;SANB3;18.20
2026-01-29;SANB4;18.59
2026-01-29;TAEE11;42.63
2026-01-29;TAEE3;14.06
2026-01-29;TAEE4;14.45
2026-01-29;TOTS3;45.85
2026-01-29;TUPY3;13.02
2026-01-29;VALE3;87.41
2026-01-29;VIVA3;27.33
2026-01-29;WEGE3;52.07
2026-01-29;XPLG11;102.70
2026-01-30;AXIA3;54.37
2026-01-30;AXIA7;52.80
2026-01-30;B3SA3;16.15
2026-01-30;BBAS3;25.22
2026-01-30;BBDC3;18.32
2026-01-30;BBDC4;21.31
2026-01-30;BTLG11;102.61
2026-01-30;CMIN3;5.89
2026-01-30;CPLE3;13.18
2026-01-30;EGIE3;32.77
2026-01-30;FLRY3;16.62
2026-01-30;FRAS3;24.30
2026-01-30;GGBR3;19.00
2026-01-30;GGBR4;22.42
2026-01-30;GMAT3;4.81
2026-01-30;HAPV3;13.00
2026-01-30;HGLG11;157.50
2026-01-30;ISAE3;33.70
2026-01-30;ISAE4;27.86
2026-01-30;ITUB3;41.94
2026-01-30;ITUB4;45.50
2026-01-30;KNRI11;165.60
2026-01-30;LWSA3;4.89
2026-01-30;MXRF11;9.62
2026-01-30;PETR3;40.39
2026-01-30;PETR4;37.76
2026-01-30;PRIO3;50.99
2026-01-30;RAIL3;14.76
2026-01-30;RDOR3;42.39
2026-01-30;SANB11;36.32
2026-01-30;SANB3;17.95
2026-01-30;SANB4;18.37
2026-01-30;TAEE11;41.63
2026-01-30;TAEE3;13.94
2026-01-30;TAEE4;14.11
2026-01-30;TOTS3;44.57
2026-01-30;TUPY3;12.49
2026-01-30;VALE3;84.32
2026-01-30;VIVA3;28.18
2026-01-30;WEGE3;51.72
2026-01-30;XPLG11;103.99
2026-02-02;AXIA3;55.60
2026-02-02;AXIA7;54.00
2026-02-02;B3SA3;16.35
2026-02-02;BBAS3;25.30
2026-02-02;BBDC3;18.52
2026-02-02;BBDC4;21.58
2026-02-02;BTLG11;102.56
2026-02-02;CMIN3;5.99
2026-02-02;CPLE3;13.19
2026-02-02;EGIE3;33.51
2026-02-02;FLRY3;16.87
2026-02-02;FRAS3;24.37
2026-02-02;GGBR3;19.22
2026-02-02;GGBR4;22.59
2026-02-02;GMAT3;4.92
2026-02-02;HAPV3;12.74
2026-02-02;HGLG11;156.92
2026-02-02;ISAE3;34.33
2026-02-02;ISAE4;28.60
2026-02-02;ITUB3;42.73
2026-02-02;ITUB4;45.88
2026-02-02;KNRI11;161.72
2026-02-02;LWSA3;4.93
2026-02-02;MXRF11;9.50
2026-02-02;PETR3;39.59
2026-02-02;PETR4;37.24
2026-02-02;PRIO3;50.88
2026-02-02;RAIL3;14.75
2026-02-02;RDOR3;43.88
2026-02-02;SANB11;36.82
2026-02-02;SANB3;18.07
2026-02-02;SANB4;18.54
2026-02-02;TAEE11;42.27
2026-02-02;TAEE3;13.99
2026-02-02;TAEE4;14.17
2026-02-02;TOTS3;45.07
2026-02-02;TUPY3;12.33
2026-02-02;VALE3;84.82
2026-02-02;VIVA3;28.57
2026-02-02;WEGE3;51.95
2026-02-02;XPLG11;103.40
2026-02-03;AXIA3;56.74
2026-02-03;AXIA7;55.00
2026-02-03;B3SA3;16.45
2026-02-03;BBAS3;25.69
2026-02-03;BBDC3;18.60
2026-02-03;BBDC4;21.68
2026-02-03;BTLG11;102.79
2026-02-03;CMIN3;6.17
2026-02-03;CPLE3;13.54
2026-02-03;EGIE3;33.78
2026-02-03;FLRY3;16.95
2026-02-03;FRAS3;24.51
2026-02-03;GGBR3;19.55
2026-02-03;GGBR4;23.04
2026-02-03;GMAT3;5.02
2026-02-03;HAPV3;12.80
2026-02-03;HGLG11;157.11
2026-02-03;ISAE3;34.21
2026-02-03;ISAE4;29.10
2026-02-03;ITUB3;42.88
2026-02-03;ITUB4;46.14
2026-02-03;KNRI11;161.20
2026-02-03;LWSA3;4.81
2026-02-03;MXRF11;9.54
2026-02-03;PETR3;40.08
2026-02-03;PETR4;37.58
2026-02-03;PRIO3;51.50
2026-02-03;RAIL3;15.07
2026-02-03;RDOR3;42.64
2026-02-03;SANB11;35.94
2026-02-03;SANB3;17.73
2026-02-03;SANB4;18.06
2026-02-03;TAEE11;42.38
2026-02-03;TAEE3;13.94
2026-02-03;TAEE4;14.25
2026-02-03;TOTS3;43.60
2026-02-03;TUPY3;12.15
2026-02-03;VALE3;88.99
2026-02-03;VIVA3;28.82
2026-02-03;WEGE3;54.00
2026-02-03;XPLG11;103.21
2026-02-04;AXIA3;54.98
2026-02-04;AXIA7;53.08
2026-02-04;B3SA3;15.77
2026-02-04;BBAS3;25.10
2026-02-04;BBDC3;18.05
2026-02-04;BBDC4;20.98
2026-02-04;BTLG11;102.55
2026-02-04;CMIN3;6.07
2026-02-04;CPLE3;13.17
2026-02-04;EGIE3;33.25
2026-02-04;FLRY3;16.48
2026-02-04;FRAS3;23.85
2026-02-04;GGBR3;19.17
2026-02-04;GGBR4;22.40
2026-02-04;GMAT3;4.93
2026-02-04;HAPV3;12.46
2026-02-04;HGLG11;156.95
2026-02-04;ISAE3;33.51
2026-02-04;ISAE4;28.32
2026-02-04;ITUB3;41.57
2026-02-04;ITUB4;44.62
2026-02-04;KNRI11;162.68
2026-02-04;LWSA3;4.40
2026-02-04;MXRF11;9.53
2026-02-04;PETR3;39.85
2026-02-04;PETR4;37.52
2026-02-04;PRIO3;50.25
2026-02-04;RAIL3;15.27
2026-02-04;RDOR3;41.66
2026-02-04;SANB11;34.97
2026-02-04;SANB3;17.16
2026-02-04;SANB4;17.77
2026-02-04;TAEE11;41.48
2026-02-04;TAEE3;13.69
2026-02-04;TAEE4;13.97
2026-02-04;TOTS3;37.98
2026-02-04;TUPY3;11.90
2026-02-04;VALE3;89.43
2026-02-04;VIVA3;28.60
2026-02-04;WEGE3;51.40
2026-02-04;XPLG11;103.33
2026-02-05;AXIA3;56.90
2026-02-05;AXIA7;54.90
2026-02-05;B3SA3;16.26
2026-02-05;BBAS3;24.44
2026-02-05;BBDC3;18.17
2026-02-05;BBDC4;21.15
2026-02-05;BTLG11;102.50
2026-02-05;CMIN3;5.95
2026-02-05;CPLE3;13.34
2026-02-05;EGIE3;33.31
2026-02-05;FLRY3;16.84
2026-02-05;FRAS3;23.75
2026-02-05;GGBR3;18.65
2026-02-05;GGBR4;22.01
2026-02-05;GMAT3;4.95
2026-02-05;HAPV3;12.05
2026-02-05;HGLG11;156.91
2026-02-05;ISAE3;34.02
2026-02-05;ISAE4;29.11
2026-02-05;ITUB3;42.51
2026-02-05;ITUB4;45.52
2026-02-05;KNRI11;163.34
2026-02-05;LWSA3;4.37
2026-02-05;MXRF11;9.56
2026-02-05;PETR3;39.28
2026-02-05;PETR4;37.00
2026-02-05;PRIO3;49.15
2026-02-05;RAIL3;15.19
2026-02-05;RDOR3;41.61
2026-02-05;SANB11;34.55
2026-02-05;SANB3;16.99
2026-02-05;SANB4;17.45
2026-02-05;TAEE11;41.70
2026-02-05;TAEE3;13.76
2026-02-05;TAEE4;13.95
2026-02-05;TOTS3;37.47
2026-02-05;TUPY3;11.84
2026-02-05;VALE3;86.45
2026-02-05;VIVA3;29.11
2026-02-05;WEGE3;52.21
2026-02-05;XPLG11;103.31
2026-02-06;AXIA3;57.63
2026-02-06;AXIA7;55.64
2026-02-06;B3SA3;17.04
2026-02-06;BBAS3;24.33
2026-02-06;BBDC3;17.81
2026-02-06;BBDC4;20.61
2026-02-06;BTLG11;102.78
2026-02-06;CMIN3;5.89
2026-02-06;CPLE3;13.40
2026-02-06;EGIE3;33.35
2026-02-06;FLRY3;16.93
2026-02-06;FRAS3;23.64
2026-02-06;GGBR3;18.67
2026-02-06;GGBR4;21.97
2026-02-06;GMAT3;4.97
2026-02-06;HAPV3;11.77
2026-02-06;HGLG11;157.00
2026-02-06;ISAE3;34.76
2026-02-06;ISAE4;28.93
2026-02-06;ITUB3;43.44
2026-02-06;ITUB4;46.75
2026-02-06;KNRI11;164.85
2026-02-06;LWSA3;4.41
2026-02-06;MXRF11;9.58
2026-02-06;PETR3;38.87
2026-02-06;PETR4;36.65
2026-02-06;PRIO3;50.63
2026-02-06;RAIL3;15.25
2026-02-06;RDOR3;41.53
2026-02-06;SANB11;33.95
2026-02-06;SANB3;16.62
2026-02-06;SANB4;16.81
2026-02-06;TAEE11;41.51
2026-02-06;TAEE3;13.71
2026-02-06;TAEE4;13.89
2026-02-06;TOTS3;37.87
2026-02-06;TUPY3;11.79
2026-02-06;VALE3;85.63
2026-02-06;VIVA3;29.15
2026-02-06;WEGE3;51.85
2026-02-06;XPLG11;103.20
2026-02-09;AXIA3;58.63
2026-02-09;AXIA7;56.58
2026-02-09;B3SA3;17.62
2026-02-09;BBAS3;24.82
2026-02-09;BBDC3;18.06
2026-02-09;BBDC4;20.91
2026-02-09;BTLG11;102.47
2026-02-09;CMIN3;5.99
2026-02-09;CPLE3;13.72
2026-02-09;EGIE3;33.45
2026-02-09;FLRY3;16.94
2026-02-09;FRAS3;23.78
2026-02-09;GGBR3;18.99
2026-02-09;GGBR4;22.25
2026-02-09;GMAT3;4.97
2026-02-09;HAPV3;11.45
2026-02-09;HGLG11;157.04
2026-02-09;ISAE3;34.72
2026-02-09;ISAE4;29.46
2026-02-09;ITUB3;44.75
2026-02-09;ITUB4;48.31
2026-02-09;KNRI11;164.96
2026-02-09;LWSA3;4.53
2026-02-09;MXRF11;9.64
2026-02-09;PETR3;39.66
2026-02-09;PETR4;37.32
2026-02-09;PRIO3;51.05
2026-02-09;RAIL3;15.47
2026-02-09;RDOR3;42.16
2026-02-09;SANB11;35.98
2026-02-09;SANB3;17.92
2026-02-09;SANB4;17.96
2026-02-09;TAEE11;42.45
2026-02-09;TAEE3;13.87
2026-02-09;TAEE4;14.03
2026-02-09;TOTS3;38.80
2026-02-09;TUPY3;12.15
2026-02-09;VALE3;87.31
2026-02-09;VIVA3;28.94
2026-02-09;WEGE3;53.75
2026-02-09;XPLG11;102.89
2026-02-10;AXIA3;58.85
2026-02-10;AXIA7;56.80
2026-02-10;B3SA3;17.45
2026-02-10;BBAS3;24.80
2026-02-10;BBDC3;18.13
2026-02-10;BBDC4;20.92
2026-02-10;BTLG11;102.40
2026-02-10;CMIN3;5.75
2026-02-10;CPLE3;13.99
2026-02-10;EGIE3;33.78
2026-02-10;FLRY3;16.90
2026-02-10;FRAS3;23.90
2026-02-10;GGBR3;18.77
2026-02-10;GGBR4;22.15
2026-02-10;GMAT3;5.06
2026-02-10;HAPV3;11.33
2026-02-10;HGLG11;156.66
2026-02-10;ISAE3;34.88
2026-02-10;ISAE4;29.47
2026-02-10;ITUB3;44.89
2026-02-10;ITUB4;48.42
2026-02-10;KNRI11;164.40
2026-02-10;LWSA3;4.16
2026-02-10;MXRF11;9.60
2026-02-10;PETR3;39.86
2026-02-10;PETR4;37.35
2026-02-10;PRIO3;51.47
2026-02-10;RAIL3;15.90
2026-02-10;RDOR3;41.30
2026-02-10;SANB11;36.53
2026-02-10;SANB3;18.30
2026-02-10;SANB4;18.03
2026-02-10;TAEE11;42.58
2026-02-10;TAEE3;13.87
2026-02-10;TAEE4;14.15
2026-02-10;TOTS3;39.34
2026-02-10;TUPY3;12.01
2026-02-10;VALE3;87.05
2026-02-10;VIVA3;29.10
2026-02-10;WEGE3;52.40
2026-02-10;XPLG11;102.02
2026-02-11;AXIA3;59.55
2026-02-11;AXIA7;57.59
2026-02-11;B3SA3;17.29
2026-02-11;BBAS3;24.91
2026-02-11;BBDC3;18.59
2026-02-11;BBDC4;21.54
2026-02-11;BTLG11;102.66
2026-02-11;CMIN3;5.88
2026-02-11;CPLE3;14.16
2026-02-11;EGIE3;34.97
2026-02-11;FLRY3;17.15
2026-02-11;FRAS3;24.16
2026-02-11;GGBR3;19.33
2026-02-11;GGBR4;22.65
2026-02-11;GMAT3;5.21
2026-02-11;HAPV3;11.19
2026-02-11;HGLG11;156.78
2026-02-11;ISAE3;35.01
2026-02-11;ISAE4;30.10
2026-02-11;ITUB3;45.60
2026-02-11;ITUB4;49.37
2026-02-11;KNRI11;165.32
2026-02-11;LWSA3;4.10
2026-02-11;MXRF11;9.67
2026-02-11;PETR3;41.06
2026-02-11;PETR4;38.08
2026-02-11;PRIO3;53.60
2026-02-11;RAIL3;16.45
2026-02-11;RDOR3;42.15
2026-02-11;SANB11;37.07
2026-02-11;SANB3;18.26
2026-02-11;SANB4;18.45
2026-02-11;TAEE11;44.42
2026-02-11;TAEE3;14.55
2026-02-11;TAEE4;14.78
2026-02-11;TOTS3;38.65
2026-02-11;TUPY3;12.16
2026-02-11;VALE3;90.09
2026-02-11;VIVA3;29.75
2026-02-11;WEGE3;53.59
2026-02-11;XPLG11;102.59
2026-02-12;AXIA3;58.89
2026-02-12;AXIA7;56.62
2026-02-12;B3SA3;17.36
2026-02-12;BBAS3;26.03
2026-02-12;BBDC3;18.34
2026-02-12;BBDC4;21.23
2026-02-12;BTLG11;102.67
2026-02-12;CMIN3;5.56
2026-02-12;CPLE3;13.96
2026-02-12;EGIE3;34.13
2026-02-12;FLRY3;17.34
2026-02-12;FRAS3;23.98
2026-02-12;GGBR3;18.99
2026-02-12;GGBR4;22.19
2026-02-12;GMAT3;5.23
2026-02-12;HAPV3;10.72
2026-02-12;HGLG11;156.50
2026-02-12;ISAE3;34.97
2026-02-12;ISAE4;30.31
2026-02-12;ITUB3;44.92
2026-02-12;ITUB4;48.24
2026-02-12;KNRI11;164.03
2026-02-12;LWSA3;3.85
2026-02-12;MXRF11;9.67
2026-02-12;PETR3;39.79
2026-02-12;PETR4;37.11
2026-02-12;PRIO3;52.23
2026-02-12;RAIL3;16.29
2026-02-12;RDOR3;42.40
2026-02-12;SANB11;35.26
2026-02-12;SANB3;17.54
2026-02-12;SANB4;17.69
2026-02-12;TAEE11;43.87
2026-02-12;TAEE3;14.45
2026-02-12;TAEE4;14.79
2026-02-12;TOTS3;37.47
2026-02-12;TUPY3;11.97
2026-02-12;VALE3;89.23
2026-02-12;VIVA3;29.90
2026-02-12;WEGE3;54.03
2026-02-12;XPLG11;102.09
2026-02-13;AXIA3;58.43
2026-02-13;AXIA7;56.46
2026-02-13;B3SA3;17.46
2026-02-13;BBAS3;25.43
2026-02-13;BBDC3;18.14
2026-02-13;BBDC4;20.97
2026-02-13;BTLG11;102.99
2026-02-13;CMIN3;5.46
2026-02-13;CPLE3;13.97
2026-02-13;EGIE3;33.70
2026-02-13;FLRY3;17.52
2026-02-13;FRAS3;24.05
2026-02-13;GGBR3;18.51
2026-02-13;GGBR4;21.65
2026-02-13;GMAT3;5.41
2026-02-13;HAPV3;10.40
2026-02-13;HGLG11;156.88
2026-02-13;ISAE3;34.97
2026-02-13;ISAE4;29.60
2026-02-13;ITUB3;44.34
2026-02-13;ITUB4;47.77
2026-02-13;KNRI11;166.59
2026-02-13;LWSA3;3.66
2026-02-13;MXRF11;9.74
2026-02-13;PETR3;39.70
2026-02-13;PETR4;36.89
2026-02-13;PRIO3;52.56
2026-02-13;RAIL3;16.24
2026-02-13;RDOR3;42.66
2026-02-13;SANB11;34.50
2026-02-13;SANB3;16.93
2026-02-13;SANB4;17.36
2026-02-13;TAEE11;43.60
2026-02-13;TAEE3;14.36
2026-02-13;TAEE4;14.64
2026-02-13;TOTS3;38.03
2026-02-13;TUPY3;12.13
2026-02-13;VALE3;87.03
2026-02-13;VIVA3;29.80
2026-02-13;WEGE3;53.80
2026-02-13;XPLG11;102.18
2026-02-18;AXIA3;58.58
2026-02-18;AXIA7;56.32
2026-02-18;B3SA3;17.61
2026-02-18;BBAS3;25.82
2026-02-18;BBDC3;18.03
2026-02-18;BBDC4;20.91
2026-02-18;BTLG11;102.65
2026-02-18;CMIN3;5.33
2026-02-18;CPLE3;14.08
2026-02-18;EGIE3;33.27
2026-02-18;FLRY3;17.75
2026-02-18;FRAS3;24.34
2026-02-18;GGBR3;18.57
2026-02-18;GGBR4;21.62
2026-02-18;GMAT3;5.54
2026-02-18;HAPV3;10.12
2026-02-18;HGLG11;157.49
2026-02-18;ISAE3;35.20
2026-02-18;ISAE4;29.45
2026-02-18;ITUB3;44.90
2026-02-18;ITUB4;47.99
2026-02-18;KNRI11;165.95
2026-02-18;LWSA3;3.63
2026-02-18;MXRF11;9.83
2026-02-18;PETR3;40.14
2026-02-18;PETR4;37.19
2026-02-18;PRIO3;53.78
2026-02-18;RAIL3;16.10
2026-02-18;RDOR3;42.83
2026-02-18;SANB11;35.14
2026-02-18;SANB3;17.30
2026-02-18;SANB4;17.72
2026-02-18;TAEE11;43.68
2026-02-18;TAEE3;14.28
2026-02-18;TAEE4;14.49
2026-02-18;TOTS3;38.40
2026-02-18;TUPY3;12.14
2026-02-18;VALE3;83.92
2026-02-18;VIVA3;30.40
2026-02-18;WEGE3;53.39
2026-02-18;XPLG11;102.20
2026-02-19;AXIA3;61.18
2026-02-19;AXIA7;59.19
2026-02-19;B3SA3;17.75
2026-02-19;BBAS3;26.46
2026-02-19;BBDC3;18.36
2026-02-19;BBDC4;21.33
2026-02-19;BTLG11;102.55
2026-02-19;CMIN3;5.33
2026-02-19;CPLE3;14.28
2026-02-19;EGIE3;33.72
2026-02-19;FLRY3;17.95
2026-02-19;FRAS3;24.75
2026-02-19;GGBR3;18.49
2026-02-19;GGBR4;21.52
2026-02-19;GMAT3;5.58
2026-02-19;HAPV3;10.79
2026-02-19;HGLG11;157.00
2026-02-19;ISAE3;35.20
2026-02-19;ISAE4;29.71
2026-02-19;ITUB3;45.34
2026-02-19;ITUB4;48.55
2026-02-19;KNRI11;165.19
2026-02-19;LWSA3;3.61
2026-02-19;MXRF11;9.79
2026-02-19;PETR3;41.19
2026-02-19;PETR4;37.81
2026-02-19;PRIO3;54.93
2026-02-19;RAIL3;16.45
2026-02-19;RDOR3;44.64
2026-02-19;SANB11;35.59
2026-02-19;SANB3;17.67
2026-02-19;SANB4;17.94
2026-02-19;TAEE11;44.56
2026-02-19;TAEE3;14.68
2026-02-19;TAEE4;14.78
2026-02-19;TOTS3;38.95
2026-02-19;TUPY3;12.32
2026-02-19;VALE3;84.09
2026-02-19;VIVA3;31.34
2026-02-19;WEGE3;51.37
2026-02-19;XPLG11;101.89
2026-02-20;AXIA3;61.20
2026-02-20;AXIA7;59.42
2026-02-20;B3SA3;18.08
2026-02-20;BBAS3;26.99
2026-02-20;BBDC3;18.74
2026-02-20;BBDC4;21.76
2026-02-20;BTLG11;102.69
2026-02-20;CMIN3;5.33
2026-02-20;CPLE3;14.50
2026-02-20;EGIE3;33.64
2026-02-20;FLRY3;17.87
2026-02-20;FRAS3;24.05
2026-02-20;GGBR3;18.67
2026-02-20;GGBR4;21.64
2026-02-20;GMAT3;5.58
2026-02-20;HAPV3;10.50
2026-02-20;HGLG11;157.30
2026-02-20;ISAE3;35.27
2026-02-20;ISAE4;29.72
2026-02-20;ITUB3;46.06
2026-02-20;ITUB4;49.23
2026-02-20;KNRI11;165.06
2026-02-20;LWSA3;3.61
2026-02-20;MXRF11;9.79
2026-02-20;PETR3;40.94
2026-02-20;PETR4;37.97
2026-02-20;PRIO3;55.02
2026-02-20;RAIL3;16.51
2026-02-20;RDOR3;45.09
2026-02-20;SANB11;36.70
2026-02-20;SANB3;18.24
2026-02-20;SANB4;18.39
2026-02-20;TAEE11;45.01
2026-02-20;TAEE3;14.75
2026-02-20;TAEE4;14.96
2026-02-20;TOTS3;39.50
2026-02-20;TUPY3;12.63
2026-02-20;VALE3;86.81
2026-02-20;VIVA3;30.75
2026-02-20;WEGE3;51.99
2026-02-20;XPLG11;102.18
2026-02-23;AXIA3;60.53
2026-02-23;AXIA7;58.65
2026-02-23;B3SA3;17.86
2026-02-23;BBAS3;26.83
2026-02-23;BBDC3;18.38
2026-02-23;BBDC4;21.23
2026-02-23;BTLG11;102.60
2026-02-23;CMIN3;5.33
2026-02-23;CPLE3;14.40
2026-02-23;EGIE3;33.66
2026-02-23;FLRY3;17.55
2026-02-23;FRAS3;24.02
2026-02-23;GGBR3;18.73
2026-02-23;GGBR4;21.61
2026-02-23;GMAT3;5.63
2026-02-23;HAPV3;9.97
2026-02-23;HGLG11;157.45
2026-02-23;ISAE3;34.91
2026-02-23;ISAE4;29.46
2026-02-23;ITUB3;44.20
2026-02-23;ITUB4;47.45
2026-02-23;KNRI11;165.24
2026-02-23;LWSA3;3.45
2026-02-23;MXRF11;9.80
2026-02-23;PETR3;41.74
2026-02-23;PETR4;38.59
2026-02-23;PRIO3;53.73
2026-02-23;RAIL3;16.69
2026-02-23;RDOR3;43.56
2026-02-23;SANB11;34.61
2026-02-23;SANB3;17.40
2026-02-23;SANB4;17.43
2026-02-23;TAEE11;45.03
2026-02-23;TAEE3;14.91
2026-02-23;TAEE4;15.12
2026-02-23;TOTS3;38.33
2026-02-23;TUPY3;12.79
2026-02-23;VALE3;87.39
2026-02-23;VIVA3;30.25
2026-02-23;WEGE3;51.97
2026-02-23;XPLG11;101.85
2026-02-24;AXIA3;61.38
2026-02-24;AXIA7;59.34
2026-02-24;B3SA3;18.22
2026-02-24;BBAS3;27.12
2026-02-24;BBDC3;18.58
2026-02-24;BBDC4;21.40
2026-02-24;BTLG11;102.60
2026-02-24;CMIN3;5.41
2026-02-24;CPLE3;14.87
2026-02-24;EGIE3;34.18
2026-02-24;FLRY3;17.60
2026-02-24;FRAS3;24.23
2026-02-24;GGBR3;18.52
2026-02-24;GGBR4;21.13
2026-02-24;GMAT3;5.86
2026-02-24;HAPV3;10.49
2026-02-24;HGLG11;157.43
2026-02-24;ISAE3;35.27
2026-02-24;ISAE4;29.96
2026-02-24;ITUB3;44.91
2026-02-24;ITUB4;48.17
2026-02-24;KNRI11;165.59
2026-02-24;LWSA3;3.55
2026-02-24;MXRF11;9.81
2026-02-24;PETR3;42.69
2026-02-24;PETR4;39.57
2026-02-24;PRIO3;54.68
2026-02-24;RAIL3;17.16
2026-02-24;RDOR3;43.47
2026-02-24;SANB11;35.79
2026-02-24;SANB3;17.78
2026-02-24;SANB4;17.80
2026-02-24;TAEE11;45.00
2026-02-24;TAEE3;14.86
2026-02-24;TAEE4;15.03
2026-02-24;TOTS3;38.36
2026-02-24;TUPY3;13.44
2026-02-24;VALE3;87.73
2026-02-24;VIVA3;31.90
2026-02-24;WEGE3;51.41
2026-02-24;XPLG11;102.00
2026-02-25;AXIA3;62.03
2026-02-25;AXIA7;60.22
2026-02-25;B3SA3;18.14
2026-02-25;BBAS3;27.58
2026-02-25;BBDC3;18.40
2026-02-25;BBDC4;21.17
2026-02-25;BTLG11;102.90
2026-02-25;CMIN3;5.48
2026-02-25;CPLE3;14.87
2026-02-25;EGIE3;33.41
2026-02-25;FLRY3;17.57
2026-02-25;FRAS3;24.50
2026-02-25;GGBR3;18.69
2026-02-25;GGBR4;21.41
2026-02-25;GMAT3;5.78
2026-02-25;HAPV3;10.26
2026-02-25;HGLG11;157.62
2026-02-25;ISAE3;35.21
2026-02-25;ISAE4;28.63
2026-02-25;ITUB3;44.38
2026-02-25;ITUB4;47.79
2026-02-25;KNRI11;165.80
2026-02-25;LWSA3;3.53
2026-02-25;MXRF11;9.83
2026-02-25;PETR3;42.81
2026-02-25;PETR4;39.57
2026-02-25;PRIO3;53.63
2026-02-25;RAIL3;16.67
2026-02-25;RDOR3;43.52
2026-02-25;SANB11;34.38
2026-02-25;SANB3;17.26
2026-02-25;SANB4;17.27
2026-02-25;TAEE11;44.02
2026-02-25;TAEE3;14.61
2026-02-25;TAEE4;14.77
2026-02-25;TOTS3;37.88
2026-02-25;TUPY3;13.12
2026-02-25;VALE3;89.97
2026-02-25;VIVA3;32.00
2026-02-25;WEGE3;50.28
2026-02-25;XPLG11;102.00
2026-02-26;AXIA3;62.92
2026-02-26;AXIA7;61.01
2026-02-26;B3SA3;17.95
2026-02-26;BBAS3;27.28
2026-02-26;BBDC3;18.25
2026-02-26;BBDC4;20.98
2026-02-26;BTLG11;102.87
2026-02-26;CMIN3;5.51
2026-02-26;CPLE3;14.95
2026-02-26;EGIE3;33.81
2026-02-26;FLRY3;17.24
2026-02-26;FRAS3;24.57
2026-02-26;GGBR3;18.13
2026-02-26;GGBR4;21.08
2026-02-26;GMAT3;5.80
2026-02-26;HAPV3;10.75
2026-02-26;HGLG11;157.70
2026-02-26;ISAE3;35.10
2026-02-26;ISAE4;29.08
2026-02-26;ITUB3;44.54
2026-02-26;ITUB4;47.67
2026-02-26;KNRI11;166.30
2026-02-26;LWSA3;3.64
2026-02-26;MXRF11;9.90
2026-02-26;PETR3;42.75
2026-02-26;PETR4;39.61
2026-02-26;PRIO3;52.34
2026-02-26;RAIL3;16.63
2026-02-26;RDOR3;41.55
2026-02-26;SANB11;34.43
2026-02-26;SANB3;16.90
2026-02-26;SANB4;17.39
2026-02-26;TAEE11;44.65
2026-02-26;TAEE3;14.59
2026-02-26;TAEE4;14.75
2026-02-26;TOTS3;38.16
2026-02-26;TUPY3;13.77
2026-02-26;VALE3;89.21
2026-02-26;VIVA3;32.35
2026-02-26;WEGE3;49.38
2026-02-26;XPLG11;102.07
2026-02-27;AXIA3;61.27
2026-02-27;AXIA7;59.04
2026-02-27;B3SA3;17.90
2026-02-27;BBAS3;26.95
2026-02-27;BBDC3;18.37
2026-02-27;BBDC4;21.15
2026-02-27;BTLG11;103.70
2026-02-27;CMIN3;5.44
2026-02-27;CPLE3;14.66
2026-02-27;EGIE3;33.68
2026-02-27;FLRY3;16.82
2026-02-27;FRAS3;24.46
2026-02-27;GGBR3;17.86
2026-02-27;GGBR4;20.99
2026-02-27;GMAT3;5.72
2026-02-27;HAPV3;10.49
2026-02-27;HGLG11;158.97
2026-02-27;ISAE3;34.29
2026-02-27;ISAE4;28.46
2026-02-27;ITUB3;43.58
2026-02-27;ITUB4;46.78
2026-02-27;KNRI11;168.55
2026-02-27;LWSA3;3.59
2026-02-27;MXRF11;9.99
2026-02-27;PETR3;42.73
2026-02-27;PETR4;39.33
2026-02-27;PRIO3;54.49
2026-02-27;RAIL3;15.97
2026-02-27;RDOR3;40.30
2026-02-27;SANB11;33.50
2026-02-27;SANB3;16.50
2026-02-27;SANB4;16.96
2026-02-27;TAEE11;44.18
2026-02-27;TAEE3;14.59
2026-02-27;TAEE4;14.75
2026-02-27;TOTS3;37.84
2026-02-27;TUPY3;13.53
2026-02-27;VALE3;88.47
2026-02-27;VIVA3;31.15
2026-02-27;WEGE3;49.70
2026-02-27;XPLG11;103.12
2026-03-02;AXIA3;62.36
2026-03-02;AXIA7;60.36
2026-03-02;B3SA3;18.49
2026-03-02;BBAS3;26.95
2026-03-02;BBDC3;18.29
2026-03-02;BBDC4;21.23
2026-03-02;BTLG11;103.10
2026-03-02;CMIN3;5.46
2026-03-02;CPLE3;14.73
2026-03-02;EGIE3;33.31
2026-03-02;FLRY3;16.90
2026-03-02;FRAS3;24.60
2026-03-02;GGBR3;17.80
2026-03-02;GGBR4;20.80
2026-03-02;GMAT3;5.66
2026-03-02;HAPV3;10.36
2026-03-02;HGLG11;158.44
2026-03-02;ISAE3;34.39
2026-03-02;ISAE4;28.57
2026-03-02;ITUB3;43.10
2026-03-02;ITUB4;45.92
2026-03-02;KNRI11;167.28
2026-03-02;LWSA3;3.53
2026-03-02;MXRF11;9.81
2026-03-02;PETR3;44.71
2026-03-02;PETR4;41.13
2026-03-02;PRIO3;57.28
2026-03-02;RAIL3;15.75
2026-03-02;RDOR3;39.70
2026-03-02;SANB11;33.52
2026-03-02;SANB3;16.71
2026-03-02;SANB4;16.98
2026-03-02;TAEE11;43.59
2026-03-02;TAEE3;14.56
2026-03-02;TAEE4;14.63
2026-03-02;TOTS3;37.33
2026-03-02;TUPY3;13.20
2026-03-02;VALE3;88.16
2026-03-02;VIVA3;30.83
2026-03-02;WEGE3;48.69
2026-03-02;XPLG11;102.02
2026-03-03;AXIA3;59.49
2026-03-03;AXIA7;57.58
2026-03-03;B3SA3;17.54
2026-03-03;BBAS3;25.77
2026-03-03;BBDC3;17.51
2026-03-03;BBDC4;20.20
2026-03-03;BTLG11;103.32
2026-03-03;CMIN3;5.26
2026-03-03;CPLE3;14.38
2026-03-03;EGIE3;32.26
2026-03-03;FLRY3;16.42
2026-03-03;FRAS3;24.22
2026-03-03;GGBR3;17.10
2026-03-03;GGBR4;19.75
2026-03-03;GMAT3;5.44
2026-03-03;HAPV3;10.01
2026-03-03;HGLG11;158.15
2026-03-03;ISAE3;33.14
2026-03-03;ISAE4;27.91
2026-03-03;ITUB3;41.88
2026-03-03;ITUB4;44.38
2026-03-03;KNRI11;164.75
2026-03-03;LWSA3;3.42
2026-03-03;MXRF11;9.66
2026-03-03;PETR3;44.38
2026-03-03;PETR4;40.95
2026-03-03;PRIO3;55.12
2026-03-03;RAIL3;15.47
2026-03-03;RDOR3;38.65
2026-03-03;SANB11;32.70
2026-03-03;SANB3;15.92
2026-03-03;SANB4;16.48
2026-03-03;TAEE11;42.20
2026-03-03;TAEE3;13.90
2026-03-03;TAEE4;14.19
2026-03-03;TOTS3;36.61
2026-03-03;TUPY3;12.41
2026-03-03;VALE3;84.48
2026-03-03;VIVA3;30.83
2026-03-03;WEGE3;47.40
2026-03-03;XPLG11;101.53
2026-03-04;AXIA3;61.34
2026-03-04;AXIA7;59.33
2026-03-04;B3SA3;18.16
2026-03-04;BBAS3;25.94
2026-03-04;BBDC3;17.70
2026-03-04;BBDC4;20.49
2026-03-04;BTLG11;104.02
2026-03-04;CMIN3;5.35
2026-03-04;CPLE3;14.95
2026-03-04;EGIE3;33.01
2026-03-04;FLRY3;16.58
2026-03-04;FRAS3;24.36
2026-03-04;GGBR3;17.32
2026-03-04;GGBR4;19.86
2026-03-04;GMAT3;5.41
2026-03-04;HAPV3;9.96
2026-03-04;HGLG11;157.97
2026-03-04;ISAE3;33.11
2026-03-04;ISAE4;28.44
2026-03-04;ITUB3;42.34
2026-03-04;ITUB4;45.01
2026-03-04;KNRI11;166.45
2026-03-04;LWSA3;3.78
2026-03-04;MXRF11;9.66
2026-03-04;PETR3;44.06
2026-03-04;PETR4;40.50
2026-03-04;PRIO3;55.52
2026-03-04;RAIL3;15.72
2026-03-04;RDOR3;39.32
2026-03-04;SANB11;33.42
2026-03-04;SANB3;16.40
2026-03-04;SANB4;16.98
2026-03-04;TAEE11;43.19
2026-03-04;TAEE3;14.21
2026-03-04;TAEE4;14.41
2026-03-04;TOTS3;37.10
2026-03-04;TUPY3;12.83
2026-03-04;VALE3;84.09
2026-03-04;VIVA3;31.35
2026-03-04;WEGE3;47.34
2026-03-04;XPLG11;101.87
2026-03-05;AXIA3;59.27
2026-03-05;AXIA7;57.02
2026-03-05;B3SA3;17.56
2026-03-05;BBAS3;25.00
2026-03-05;BBDC3;17.14
2026-03-05;BBDC4;19.83
2026-03-05;BTLG11;103.80
2026-03-05;CMIN3;5.16
2026-03-05;CPLE3;14.59
2026-03-05;EGIE3;31.81
2026-03-05;FLRY3;16.03
2026-03-05;FRAS3;23.99
2026-03-05;GGBR3;16.88
2026-03-05;GGBR4;19.32
2026-03-05;GMAT3;5.18
2026-03-05;HAPV3;9.60
2026-03-05;HGLG11;158.00
2026-03-05;ISAE3;32.60
2026-03-05;ISAE4;27.83
2026-03-05;ITUB3;41.01
2026-03-05;ITUB4;43.51
2026-03-05;KNRI11;165.00
2026-03-05;LWSA3;3.66
2026-03-05;MXRF11;9.69
2026-03-05;PETR3;43.97
2026-03-05;PETR4;40.69
2026-03-05;PRIO3;56.96
2026-03-05;RAIL3;15.62
2026-03-05;RDOR3;38.13
2026-03-05;SANB11;32.33
2026-03-05;SANB3;16.09
2026-03-05;SANB4;16.30
2026-03-05;TAEE11;42.42
2026-03-05;TAEE3;14.08
2026-03-05;TAEE4;14.28
2026-03-05;TOTS3;36.78
2026-03-05;TUPY3;12.71
2026-03-05;VALE3;81.29
2026-03-05;VIVA3;30.30
2026-03-05;WEGE3;46.71
2026-03-05;XPLG11;102.21
2026-03-06;AXIA3;58.99
2026-03-06;AXIA7;57.20
2026-03-06;B3SA3;17.24
2026-03-06;BBAS3;24.75
2026-03-06;BBDC3;16.83
2026-03-06;BBDC4;19.55
2026-03-06;BTLG11;104.00
2026-03-06;CMIN3;5.14
2026-03-06;CPLE3;14.45
2026-03-06;EGIE3;32.13
2026-03-06;FLRY3;16.02
2026-03-06;FRAS3;23.70
2026-03-06;GGBR3;16.43
2026-03-06;GGBR4;18.90
2026-03-06;GMAT3;5.25
2026-03-06;HAPV3;9.58
2026-03-06;HGLG11;158.33
2026-03-06;ISAE3;32.50
2026-03-06;ISAE4;27.89
2026-03-06;ITUB3;40.81
2026-03-06;ITUB4;42.93
2026-03-06;KNRI11;167.67
2026-03-06;LWSA3;3.67
2026-03-06;MXRF11;9.76
2026-03-06;PETR3;45.78
2026-03-06;PETR4;42.11
2026-03-06;PRIO3;59.39
2026-03-06;RAIL3;15.48
2026-03-06;RDOR3;38.41
2026-03-06;SANB11;31.52
2026-03-06;SANB3;15.62
2026-03-06;SANB4;15.93
2026-03-06;TAEE11;42.67
2026-03-06;TAEE3;14.20
2026-03-06;TAEE4;14.33
2026-03-06;TOTS3;36.07
2026-03-06;TUPY3;12.62
2026-03-06;VALE3;78.86
2026-03-06;VIVA3;29.99
2026-03-06;WEGE3;46.62
2026-03-06;XPLG11;102.78
2026-03-09;AXIA3;59.59
2026-03-09;AXIA7;57.63
2026-03-09;B3SA3;17.32
2026-03-09;BBAS3;24.70
2026-03-09;BBDC3;16.84
2026-03-09;BBDC4;19.55
2026-03-09;BTLG11;102.94
2026-03-09;CMIN3;5.20
2026-03-09;CPLE3;14.53
2026-03-09;EGIE3;32.38
2026-03-09;FLRY3;15.92
2026-03-09;FRAS3;23.96
2026-03-09;GGBR3;16.43
2026-03-09;GGBR4;18.75
2026-03-09;GMAT3;5.23
2026-03-09;HAPV3;9.42
2026-03-09;HGLG11;157.91
2026-03-09;ISAE3;32.00
2026-03-09;ISAE4;28.23
2026-03-09;ITUB3;41.06
2026-03-09;ITUB4;43.16
2026-03-09;KNRI11;166.01
2026-03-09;LWSA3;3.84
2026-03-09;MXRF11;9.69
2026-03-09;PETR3;46.75
2026-03-09;PETR4;43.16
2026-03-09;PRIO3;59.70
2026-03-09;RAIL3;15.94
2026-03-09;RDOR3;38.56
2026-03-09;SANB11;31.61
2026-03-09;SANB3;15.41
2026-03-09;SANB4;15.96
2026-03-09;TAEE11;42.81
2026-03-09;TAEE3;14.06
2026-03-09;TAEE4;14.39
2026-03-09;TOTS3;36.64
2026-03-09;TUPY3;12.75
2026-03-09;VALE3;79.26
2026-03-09;VIVA3;29.00
2026-03-09;WEGE3;46.58
2026-03-09;XPLG11;102.21
2026-03-10;AXIA3;60.70
2026-03-10;AXIA7;58.53
2026-03-10;B3SA3;18.11
2026-03-10;BBAS3;25.14
2026-03-10;BBDC3;17.18
2026-03-10;BBDC4;20.03
2026-03-10;BTLG11;103.27
2026-03-10;CMIN3;5.21
2026-03-10;CPLE3;14.86
2026-03-10;EGIE3;32.60
2026-03-10;FLRY3;16.27
2026-03-10;FRAS3;24.17
2026-03-10;GGBR3;16.35
2026-03-10;GGBR4;18.85
2026-03-10;GMAT3;5.31
2026-03-10;HAPV3;9.52
2026-03-10;HGLG11;158.00
2026-03-10;ISAE3;32.00
2026-03-10;ISAE4;28.43
2026-03-10;ITUB3;41.68
2026-03-10;ITUB4;43.80
2026-03-10;KNRI11;165.68
2026-03-10;LWSA3;3.98
2026-03-10;MXRF11;9.70
2026-03-10;PETR3;46.66
2026-03-10;PETR4;42.93
2026-03-10;PRIO3;58.90
2026-03-10;RAIL3;17.05
2026-03-10;RDOR3;38.76
2026-03-10;SANB11;32.25
2026-03-10;SANB3;16.03
2026-03-10;SANB4;16.22
2026-03-10;TAEE11;42.76
2026-03-10;TAEE3;14.06
2026-03-10;TAEE4;14.37
2026-03-10;TOTS3;37.13
2026-03-10;TUPY3;12.95
2026-03-10;VALE3;80.56
2026-03-10;VIVA3;28.76
2026-03-10;WEGE3;47.19
2026-03-10;XPLG11;102.15
2026-03-11;AXIA3;60.48
2026-03-11;AXIA7;58.73
2026-03-11;B3SA3;17.99
2026-03-11;BBAS3;25.34
2026-03-11;BBDC3;17.13
2026-03-11;BBDC4;19.94
2026-03-11;BTLG11;103.62
2026-03-11;CMIN3;5.19
2026-03-11;CPLE3;14.69
2026-03-11;EGIE3;32.37
2026-03-11;FLRY3;16.25
2026-03-11;FRAS3;23.94
2026-03-11;GGBR3;16.30
2026-03-11;GGBR4;18.67
2026-03-11;GMAT3;5.20
2026-03-11;HAPV3;9.58
2026-03-11;HGLG11;158.00
2026-03-11;ISAE3;32.23
2026-03-11;ISAE4;28.32
2026-03-11;ITUB3;41.91
2026-03-11;ITUB4;43.89
2026-03-11;KNRI11;165.33
2026-03-11;LWSA3;4.06
2026-03-11;MXRF11;9.67
2026-03-11;PETR3;48.94
2026-03-11;PETR4;44.80
2026-03-11;PRIO3;59.35
2026-03-11;RAIL3;17.10
2026-03-11;RDOR3;38.43
2026-03-11;SANB11;32.00
2026-03-11;SANB3;15.93
2026-03-11;SANB4;16.26
2026-03-11;TAEE11;42.82
2026-03-11;TAEE3;14.12
2026-03-11;TAEE4;14.44
2026-03-11;TOTS3;37.57
2026-03-11;TUPY3;13.09
2026-03-11;VALE3;79.85
2026-03-11;VIVA3;28.42
2026-03-11;WEGE3;46.88
2026-03-11;XPLG11;102.13
2026-03-12;AXIA3;58.18
2026-03-12;AXIA7;56.06
2026-03-12;B3SA3;17.14
2026-03-12;BBAS3;24.23
2026-03-12;BBDC3;16.68
2026-03-12;BBDC4;19.39
2026-03-12;BTLG11;103.95
2026-03-12;CMIN3;4.99
2026-03-12;CPLE3;14.17
2026-03-12;EGIE3;31.60
2026-03-12;FLRY3;15.66
2026-03-12;FRAS3;22.25
2026-03-12;GGBR3;15.74
2026-03-12;GGBR4;18.03
2026-03-12;GMAT3;5.02
2026-03-12;HAPV3;9.24
2026-03-12;HGLG11;156.99
2026-03-12;ISAE3;32.70
2026-03-12;ISAE4;27.76
2026-03-12;ITUB3;41.33
2026-03-12;ITUB4;42.69
2026-03-12;KNRI11;165.01
2026-03-12;LWSA3;3.86
2026-03-12;MXRF11;9.65
2026-03-12;PETR3;49.65
2026-03-12;PETR4;45.00
2026-03-12;PRIO3;59.50
2026-03-12;RAIL3;16.48
2026-03-12;RDOR3;37.26
2026-03-12;SANB11;30.58
2026-03-12;SANB3;15.08
2026-03-12;SANB4;15.53
2026-03-12;TAEE11;42.11
2026-03-12;TAEE3;13.88
2026-03-12;TAEE4;14.19
2026-03-12;TOTS3;36.11
2026-03-12;TUPY3;12.76
2026-03-12;VALE3;79.24
2026-03-12;VIVA3;26.37
2026-03-12;WEGE3;45.82
2026-03-12;XPLG11;101.93
2026-03-13;AXIA3;58.00
2026-03-13;AXIA7;55.93
2026-03-13;B3SA3;16.88
2026-03-13;BBAS3;23.81
2026-03-13;BBDC3;16.42
2026-03-13;BBDC4;18.99
2026-03-13;BTLG11;104.01
2026-03-13;CMIN3;4.84
2026-03-13;CPLE3;14.09
2026-03-13;EGIE3;31.55
2026-03-13;FLRY3;15.39
2026-03-13;FRAS3;21.20
2026-03-13;GGBR3;15.64
2026-03-13;GGBR4;17.73
2026-03-13;GMAT3;5.13
2026-03-13;HAPV3;8.67
2026-03-13;HGLG11;156.83
2026-03-13;ISAE3;32.85
2026-03-13;ISAE4;27.68
2026-03-13;ITUB3;41.03
2026-03-13;ITUB4;42.40
2026-03-13;KNRI11;165.25
2026-03-13;LWSA3;3.71
2026-03-13;MXRF11;9.70
2026-03-13;PETR3;49.38
2026-03-13;PETR4;44.67
2026-03-13;PRIO3;57.80
2026-03-13;RAIL3;16.26
2026-03-13;RDOR3;36.60
2026-03-13;SANB11;30.22
2026-03-13;SANB3;14.98
2026-03-13;SANB4;15.34
2026-03-13;TAEE11;42.20
2026-03-13;TAEE3;13.85
2026-03-13;TAEE4;14.17
2026-03-13;TOTS3;34.59
2026-03-13;TUPY3;12.32
2026-03-13;VALE3;78.30
2026-03-13;VIVA3;25.00
2026-03-13;WEGE3;46.21
2026-03-13;XPLG11;102.03
2026-03-16;AXIA3;58.91
2026-03-16;AXIA7;56.91
2026-03-16;B3SA3;17.35
2026-03-16;BBAS3;23.90
2026-03-16;BBDC3;16.42
2026-03-16;BBDC4;19.00
2026-03-16;BTLG11;103.87
2026-03-16;CMIN3;4.90
2026-03-16;CPLE3;14.40
2026-03-16;EGIE3;31.98
2026-03-16;FLRY3;15.55
2026-03-16;FRAS3;21.20
2026-03-16;GGBR3;16.00
2026-03-16;GGBR4;17.80
2026-03-16;GMAT3;5.02
2026-03-16;HAPV3;8.88
2026-03-16;HGLG11;156.51
2026-03-16;ISAE3;32.76
2026-03-16;ISAE4;28.21
2026-03-16;ITUB3;41.64
2026-03-16;ITUB4;43.00
2026-03-16;KNRI11;164.73
2026-03-16;LWSA3;3.75
2026-03-16;MXRF11;9.69
2026-03-16;PETR3;50.12
2026-03-16;PETR4;45.58
2026-03-16;PRIO3;59.80
2026-03-16;RAIL3;16.40
2026-03-16;RDOR3;37.04
2026-03-16;SANB11;30.46
2026-03-16;SANB3;15.03
2026-03-16;SANB4;15.44
2026-03-16;TAEE11;42.63
2026-03-16;TAEE3;14.01
2026-03-16;TAEE4;14.35
2026-03-16;TOTS3;35.12
2026-03-16;TUPY3;12.00
2026-03-16;VALE3;78.84
2026-03-16;VIVA3;25.30
2026-03-16;WEGE3;45.97
2026-03-16;XPLG11;101.67
2026-03-17;AXIA3;57.76
2026-03-17;AXIA7;55.60
2026-03-17;B3SA3;17.60
2026-03-17;BBAS3;23.67
2026-03-17;BBDC3;16.32
2026-03-17;BBDC4;18.85
2026-03-17;BTLG11;103.78
2026-03-17;CMIN3;4.92
2026-03-17;CPLE3;14.40
2026-03-17;EGIE3;31.88
2026-03-17;FLRY3;15.49
2026-03-17;FRAS3;21.39
2026-03-17;GGBR3;15.78
2026-03-17;GGBR4;17.66
2026-03-17;GMAT3;4.96
2026-03-17;HAPV3;8.62
2026-03-17;HGLG11;156.16
2026-03-17;ISAE3;32.70
2026-03-17;ISAE4;28.22
2026-03-17;ITUB3;41.60
2026-03-17;ITUB4;42.71
2026-03-17;KNRI11;164.68
2026-03-17;LWSA3;3.71
2026-03-17;MXRF11;9.71
2026-03-17;PETR3;50.73
2026-03-17;PETR4;46.38
2026-03-17;PRIO3;62.69
2026-03-17;RAIL3;16.31
2026-03-17;RDOR3;37.17
2026-03-17;SANB11;30.10
2026-03-17;SANB3;15.05
2026-03-17;SANB4;15.31
2026-03-17;TAEE11;42.32
2026-03-17;TAEE3;13.97
2026-03-17;TAEE4;14.35
2026-03-17;TOTS3;34.68
2026-03-17;TUPY3;11.94
2026-03-17;VALE3;78.96
2026-03-17;VIVA3;25.08
2026-03-17;WEGE3;46.20
2026-03-17;XPLG11;101.71
2026-03-18;AXIA3;57.60
2026-03-18;AXIA7;55.47
2026-03-18;B3SA3;17.12
2026-03-18;BBAS3;23.41
2026-03-18;BBDC3;16.08
2026-03-18;BBDC4;18.63
2026-03-18;BTLG11;103.80
2026-03-18;CMIN3;4.81
2026-03-18;CPLE3;15.20
2026-03-18;EGIE3;31.60
2026-03-18;FLRY3;15.34
2026-03-18;FRAS3;21.21
2026-03-18;GGBR3;15.71
2026-03-18;GGBR4;17.39
2026-03-18;GMAT3;4.85
2026-03-18;HAPV3;8.21
2026-03-18;HGLG11;155.60
2026-03-18;ISAE3;32.61
2026-03-18;ISAE4;28.04
2026-03-18;ITUB3;41.14
2026-03-18;ITUB4;42.28
2026-03-18;KNRI11;164.00
2026-03-18;LWSA3;3.68
2026-03-18;MXRF11;9.72
2026-03-18;PETR3;51.63
2026-03-18;PETR4;47.00
2026-03-18;PRIO3;66.03
2026-03-18;RAIL3;16.08
2026-03-18;RDOR3;37.02
2026-03-18;SANB11;29.65
2026-03-18;SANB3;14.68
2026-03-18;SANB4;15.09
2026-03-18;TAEE11;41.85
2026-03-18;TAEE3;13.74
2026-03-18;TAEE4;14.06
2026-03-18;TOTS3;33.78
2026-03-18;TUPY3;11.92
2026-03-18;VALE3;77.13
2026-03-18;VIVA3;24.69
2026-03-18;WEGE3;46.16
2026-03-18;XPLG11;101.66
2026-03-19;AXIA3;57.82
2026-03-19;AXIA7;55.84
2026-03-19;B3SA3;16.92
2026-03-19;BBAS3;23.51
2026-03-19;BBDC3;16.11
2026-03-19;BBDC4;18.64
2026-03-19;BTLG11;103.57
2026-03-19;CMIN3;4.84
2026-03-19;CPLE3;15.47
2026-03-19;EGIE3;32.09
2026-03-19;FLRY3;15.34
2026-03-19;FRAS3;21.08
2026-03-19;GGBR3;15.83
2026-03-19;GGBR4;17.49
2026-03-19;GMAT3;4.15
2026-03-19;HAPV3;9.44
2026-03-19;HGLG11;156.03
2026-03-19;ISAE3;32.60
2026-03-19;ISAE4;28.07
2026-03-19;ITUB3;41.48
2026-03-19;ITUB4;42.58
2026-03-19;KNRI11;164.43
2026-03-19;LWSA3;3.74
2026-03-19;MXRF11;9.73
2026-03-19;PETR3;51.57
2026-03-19;PETR4;46.78
2026-03-19;PRIO3;65.82
2026-03-19;RAIL3;16.19
2026-03-19;RDOR3;37.17
2026-03-19;SANB11;29.99
2026-03-19;SANB3;14.92
2026-03-19;SANB4;15.11
2026-03-19;TAEE11;42.13
2026-03-19;TAEE3;13.86
2026-03-19;TAEE4;14.09
2026-03-19;TOTS3;34.15
2026-03-19;TUPY3;11.50
2026-03-19;VALE3;76.63
2026-03-19;VIVA3;25.04
2026-03-19;WEGE3;46.59
2026-03-19;XPLG11;101.40
2026-03-20;AXIA3;55.65
2026-03-20;AXIA7;53.30
2026-03-20;B3SA3;16.19
2026-03-20;BBAS3;23.27
2026-03-20;BBDC3;15.81
2026-03-20;BBDC4;18.33
2026-03-20;BTLG11;103.17
2026-03-20;CMIN3;4.75
2026-03-20;CPLE3;14.83
2026-03-20;EGIE3;31.31
2026-03-20;FLRY3;14.91
2026-03-20;FRAS3;20.85
2026-03-20;GGBR3;15.74
2026-03-20;GGBR4;17.45
2026-03-20;GMAT3;4.15
2026-03-20;HAPV3;8.96
2026-03-20;HGLG11;155.60
2026-03-20;ISAE3;32.50
2026-03-20;ISAE4;27.24
2026-03-20;ITUB3;40.49
2026-03-20;ITUB4;41.55
2026-03-20;KNRI11;163.22
2026-03-20;LWSA3;3.63
2026-03-20;MXRF11;9.77
2026-03-20;PETR3;50.34
2026-03-20;PETR4;45.67
2026-03-20;PRIO3;67.89
2026-03-20;RAIL3;16.12
2026-03-20;RDOR3;37.23
2026-03-20;SANB11;29.25
2026-03-20;SANB3;14.45
2026-03-20;SANB4;14.83
2026-03-20;TAEE11;40.83
2026-03-20;TAEE3;13.49
2026-03-20;TAEE4;13.78
2026-03-20;TOTS3;33.96
2026-03-20;TUPY3;11.42
2026-03-20;VALE3;75.55
2026-03-20;VIVA3;25.59
2026-03-20;WEGE3;45.96
2026-03-20;XPLG11;101.75
2026-03-23;AXIA3;58.27
2026-03-23;AXIA7;56.50
2026-03-23;B3SA3;17.26
2026-03-23;BBAS3;23.96
2026-03-23;BBDC3;16.44
2026-03-23;BBDC4;19.00
2026-03-23;BTLG11;103.44
2026-03-23;CMIN3;4.89
2026-03-23;CPLE3;15.36
2026-03-23;EGIE3;32.05
2026-03-23;FLRY3;15.56
2026-03-23;FRAS3;21.71
2026-03-23;GGBR3;16.40
2026-03-23;GGBR4;18.00
2026-03-23;GMAT3;4.48
2026-03-23;HAPV3;9.44
2026-03-23;HGLG11;156.32
2026-03-23;ISAE3;35.00
2026-03-23;ISAE4;28.37
2026-03-23;ITUB3;41.78
2026-03-23;ITUB4;42.78
2026-03-23;KNRI11;164.93
2026-03-23;LWSA3;3.84
2026-03-23;MXRF11;9.74
2026-03-23;PETR3;50.68
2026-03-23;PETR4;46.03
2026-03-23;PRIO3;65.96
2026-03-23;RAIL3;16.85
2026-03-23;RDOR3;38.90
2026-03-23;SANB11;30.16
2026-03-23;SANB3;15.00
2026-03-23;SANB4;15.25
2026-03-23;TAEE11;42.46
2026-03-23;TAEE3;13.90
2026-03-23;TAEE4;14.30
2026-03-23;TOTS3;35.05
2026-03-23;TUPY3;12.31
2026-03-23;VALE3;77.49
2026-03-23;VIVA3;26.64
2026-03-23;WEGE3;47.25
2026-03-23;XPLG11;100.92
2026-03-24;AXIA3;57.65
2026-03-24;AXIA7;55.56
2026-03-24;B3SA3;17.38
2026-03-24;BBAS3;23.65
2026-03-24;BBDC3;16.30
2026-03-24;BBDC4;18.94
2026-03-24;BTLG11;103.80
2026-03-24;CMIN3;5.03
2026-03-24;CPLE3;15.27
2026-03-24;EGIE3;31.71
2026-03-24;FLRY3;15.40
2026-03-24;FRAS3;21.44
2026-03-24;GGBR3;16.27
2026-03-24;GGBR4;18.24
2026-03-24;GMAT3;4.42
2026-03-24;HAPV3;9.60
2026-03-24;HGLG11;156.00
2026-03-24;ISAE3;34.93
2026-03-24;ISAE4;28.31
2026-03-24;ITUB3;41.37
2026-03-24;ITUB4;42.54
2026-03-24;KNRI11;164.13
2026-03-24;LWSA3;3.76
2026-03-24;MXRF11;9.71
2026-03-24;PETR3;51.95
2026-03-24;PETR4;47.27
2026-03-24;PRIO3;67.63
2026-03-24;RAIL3;16.52
2026-03-24;RDOR3;38.82
2026-03-24;SANB11;29.97
2026-03-24;SANB3;14.90
2026-03-24;SANB4;15.06
2026-03-24;TAEE11;41.99
2026-03-24;TAEE3;13.85
2026-03-24;TAEE4;14.15
2026-03-24;TOTS3;34.99
2026-03-24;TUPY3;12.06
2026-03-24;VALE3;78.10
2026-03-24;VIVA3;26.42
2026-03-24;WEGE3;47.45
2026-03-24;XPLG11;101.14
2026-03-25;AXIA3;58.74
2026-03-25;AXIA7;56.94
2026-03-25;B3SA3;18.00
2026-03-25;BBAS3;23.86
2026-03-25;BBDC3;16.69
2026-03-25;BBDC4;19.28
2026-03-25;BTLG11;103.70
2026-03-25;CMIN3;4.99
2026-03-25;CPLE3;15.36
2026-03-25;EGIE3;32.45
2026-03-25;FLRY3;15.73
2026-03-25;FRAS3;21.70
2026-03-25;GGBR3;16.55
2026-03-25;GGBR4;18.46
2026-03-25;GMAT3;4.62
2026-03-25;HAPV3;10.05
2026-03-25;HGLG11;155.94
2026-03-25;ISAE3;34.13
2026-03-25;ISAE4;28.78
2026-03-25;ITUB3;41.99
2026-03-25;ITUB4;43.10
2026-03-25;KNRI11;166.39
2026-03-25;LWSA3;3.85
2026-03-25;MXRF11;9.80
2026-03-25;PETR3;52.24
2026-03-25;PETR4;47.50
2026-03-25;PRIO3;67.28
2026-03-25;RAIL3;16.61
2026-03-25;RDOR3;39.42
2026-03-25;SANB11;30.12
2026-03-25;SANB3;14.92
2026-03-25;SANB4;15.24
2026-03-25;TAEE11;42.65
2026-03-25;TAEE3;13.93
2026-03-25;TAEE4;14.37
2026-03-25;TOTS3;35.19
2026-03-25;TUPY3;12.07
2026-03-25;VALE3;79.55
2026-03-25;VIVA3;27.58
2026-03-25;WEGE3;48.18
2026-03-25;XPLG11;101.00
2026-03-26;AXIA3;56.93
2026-03-26;AXIA7;54.62
2026-03-26;B3SA3;17.77
2026-03-26;BBAS3;23.06
2026-03-26;BBDC3;16.47
2026-03-26;BBDC4;18.82
2026-03-26;BTLG11;103.50
2026-03-26;CMIN3;4.91
2026-03-26;CPLE3;15.18
2026-03-26;EGIE3;31.69
2026-03-26;FLRY3;15.45
2026-03-26;FRAS3;21.57
2026-03-26;GGBR3;16.81
2026-03-26;GGBR4;18.43
2026-03-26;GMAT3;4.69
2026-03-26;HAPV3;9.94
2026-03-26;HGLG11;156.34
2026-03-26;ISAE3;34.50
2026-03-26;ISAE4;28.59
2026-03-26;ITUB3;40.75
2026-03-26;ITUB4;41.94
2026-03-26;KNRI11;165.56
2026-03-26;LWSA3;3.83
2026-03-26;MXRF11;9.81
2026-03-26;PETR3;53.37
2026-03-26;PETR4;48.02
2026-03-26;PRIO3;68.76
2026-03-26;RAIL3;16.00
2026-03-26;RDOR3;38.38
2026-03-26;SANB11;29.61
2026-03-26;SANB3;14.68
2026-03-26;SANB4;14.97
2026-03-26;TAEE11;41.81
2026-03-26;TAEE3;13.75
2026-03-26;TAEE4;14.15
2026-03-26;TOTS3;34.63
2026-03-26;TUPY3;12.06
2026-03-26;VALE3;78.91
2026-03-26;VIVA3;26.79
2026-03-26;WEGE3;47.52
2026-03-26;XPLG11;100.97
2026-03-27;AXIA3;55.97
2026-03-27;AXIA7;53.97
2026-03-27;B3SA3;17.21
2026-03-27;BBAS3;22.66
2026-03-27;BBDC3;16.23
2026-03-27;BBDC4;18.52
2026-03-27;BTLG11;103.60
2026-03-27;CMIN3;4.85
2026-03-27;CPLE3;14.98
2026-03-27;EGIE3;31.54
2026-03-27;FLRY3;15.40
2026-03-27;FRAS3;21.30
2026-03-27;GGBR3;16.76
2026-03-27;GGBR4;18.13
2026-03-27;GMAT3;4.53
2026-03-27;HAPV3;9.69
2026-03-27;HGLG11;157.56
2026-03-27;ISAE3;34.21
2026-03-27;ISAE4;27.97
2026-03-27;ITUB3;40.71
2026-03-27;ITUB4;41.45
2026-03-27;KNRI11;167.37
2026-03-27;LWSA3;3.65
2026-03-27;MXRF11;9.92
2026-03-27;PETR3;54.30
2026-03-27;PETR4;49.41
2026-03-27;PRIO3;70.82
2026-03-27;RAIL3;15.73
2026-03-27;RDOR3;37.71
2026-03-27;SANB11;29.31
2026-03-27;SANB3;14.31
2026-03-27;SANB4;15.05
2026-03-27;TAEE11;41.11
2026-03-27;TAEE3;13.67
2026-03-27;TAEE4;13.93
2026-03-27;TOTS3;34.25
2026-03-27;TUPY3;12.27
2026-03-27;VALE3;79.00
2026-03-27;VIVA3;25.75
2026-03-27;WEGE3;47.41
2026-03-27;XPLG11;101.00
2026-03-30;AXIA3;56.28
2026-03-30;AXIA7;54.20
2026-03-30;B3SA3;17.04
2026-03-30;BBAS3;22.40
2026-03-30;BBDC3;16.24
2026-03-30;BBDC4;18.47
2026-03-30;BTLG11;103.12
2026-03-30;CMIN3;4.86
2026-03-30;CPLE3;15.02
2026-03-30;EGIE3;31.90
2026-03-30;FLRY3;15.68
2026-03-30;FRAS3;21.56
2026-03-30;GGBR3;16.93
2026-03-30;GGBR4;18.36
2026-03-30;GMAT3;4.50
2026-03-30;HAPV3;9.93
2026-03-30;HGLG11;155.90
2026-03-30;ISAE3;34.27
2026-03-30;ISAE4;28.26
2026-03-30;ITUB3;41.23
2026-03-30;ITUB4;41.60
2026-03-30;KNRI11;167.37
2026-03-30;LWSA3;3.60
2026-03-30;MXRF11;9.87
2026-03-30;PETR3;54.65
2026-03-30;PETR4;49.67
2026-03-30;PRIO3;72.10
2026-03-30;RAIL3;15.60
2026-03-30;RDOR3;37.85
2026-03-30;SANB11;29.52
2026-03-30;SANB3;14.38
2026-03-30;SANB4;15.02
2026-03-30;TAEE11;41.61
2026-03-30;TAEE3;13.70
2026-03-30;TAEE4;13.88
2026-03-30;TOTS3;34.02
2026-03-30;TUPY3;12.78
2026-03-30;VALE3;79.50
2026-03-30;VIVA3;25.20
2026-03-30;WEGE3;49.05
2026-03-30;XPLG11;101.14
2026-03-31;AXIA3;58.56
2026-03-31;AXIA7;56.64
2026-03-31;B3SA3;18.40
2026-03-31;BBAS3;23.00
2026-03-31;BBDC3;16.71
2026-03-31;BBDC4;19.17
2026-03-31;BTLG11;103.35
2026-03-31;CMIN3;4.95
2026-03-31;CPLE3;15.43
2026-03-31;EGIE3;32.83
2026-03-31;FLRY3;15.93
2026-03-31;FRAS3;22.67
2026-03-31;GGBR3;17.69
2026-03-31;GGBR4;19.00
2026-03-31;GMAT3;4.70
2026-03-31;HAPV3;10.10
2026-03-31;HGLG11;156.14
2026-03-31;ISAE3;34.39
2026-03-31;ISAE4;29.09
2026-03-31;ITUB3;42.82
2026-03-31;ITUB4;43.48
2026-03-31;KNRI11;167.98
2026-03-31;LWSA3;3.80
2026-03-31;MXRF11;9.92
2026-03-31;PETR3;53.91
2026-03-31;PETR4;48.67
2026-03-31;PRIO3;66.21
2026-03-31;RAIL3;16.25
2026-03-31;RDOR3;38.97
2026-03-31;SANB11;30.64
2026-03-31;SANB3;14.83
2026-03-31;SANB4;15.70
2026-03-31;TAEE11;43.01
2026-03-31;TAEE3;14.10
2026-03-31;TAEE4;14.50
2026-03-31;TOTS3;34.94
2026-03-31;TUPY3;13.47
2026-03-31;VALE3;82.48
2026-03-31;VIVA3;25.91
2026-03-31;WEGE3;51.01
2026-03-31;XPLG11;100.59
2026-04-01;AXIA3;59.48
2026-04-01;AXIA7;57.44
2026-04-01;B3SA3;18.52
2026-04-01;BBAS3;23.63
2026-04-01;BBDC3;16.97
2026-04-01;BBDC4;19.43
2026-04-01;BTLG11;103.89
2026-04-01;CMIN3;4.95
2026-04-01;CPLE3;15.83
2026-04-01;EGIE3;32.88
2026-04-01;FLRY3;16.03
2026-04-01;FRAS3;22.29
2026-04-01;GGBR3;18.45
2026-04-01;GGBR4;19.72
2026-04-01;GMAT3;4.66
2026-04-01;HAPV3;10.48
2026-04-01;HGLG11;156.00
2026-04-01;ISAE3;34.38
2026-04-01;ISAE4;28.83
2026-04-01;ITUB3;43.20
2026-04-01;ITUB4;43.83
2026-04-01;KNRI11;165.69
2026-04-01;LWSA3;3.87
2026-04-01;MXRF11;9.73
2026-04-01;PETR3;51.93
2026-04-01;PETR4;47.37
2026-04-01;PRIO3;64.13
2026-04-01;RAIL3;16.18
2026-04-01;RDOR3;39.44
2026-04-01;SANB11;31.20
2026-04-01;SANB3;15.42
2026-04-01;SANB4;15.85
2026-04-01;TAEE11;42.79
2026-04-01;TAEE3;14.14
2026-04-01;TAEE4;14.38
2026-04-01;TOTS3;34.91
2026-04-01;TUPY3;13.37
2026-04-01;VALE3;83.00
2026-04-01;VIVA3;26.54
2026-04-01;WEGE3;51.01
2026-04-01;XPLG11;100.12
2026-04-02;AXIA3;59.28
2026-04-02;AXIA7;57.33
2026-04-02;B3SA3;18.59
2026-04-02;BBAS3;23.39
2026-04-02;BBDC3;16.76
2026-04-02;BBDC4;19.12
2026-04-02;BTLG11;104.01
2026-04-02;CMIN3;4.92
2026-04-02;CPLE3;15.92
2026-04-02;EGIE3;33.28
2026-04-02;FLRY3;15.88
2026-04-02;FRAS3;22.15
2026-04-02;GGBR3;18.45
2026-04-02;GGBR4;19.81
2026-04-02;GMAT3;4.60
2026-04-02;HAPV3;10.62
2026-04-02;HGLG11;156.16
2026-04-02;ISAE3;34.30
2026-04-02;ISAE4;28.83
2026-04-02;ITUB3;42.65
2026-04-02;ITUB4;43.30
2026-04-02;KNRI11;166.79
2026-04-02;LWSA3;3.86
2026-04-02;MXRF11;9.76
2026-04-02;PETR3;53.10
2026-04-02;PETR4;48.15
2026-04-02;PRIO3;67.77
2026-04-02;RAIL3;16.10
2026-04-02;RDOR3;39.78
2026-04-02;SANB11;31.23
2026-04-02;SANB3;15.30
2026-04-02;SANB4;15.91
2026-04-02;TAEE11;42.83
2026-04-02;TAEE3;14.07
2026-04-02;TAEE4;14.41
2026-04-02;TOTS3;34.99
2026-04-02;TUPY3;12.90
2026-04-02;VALE3;83.55
2026-04-02;VIVA3;26.30
2026-04-02;WEGE3;50.31
2026-04-02;XPLG11;100.59
2026-04-06;AXIA3;58.95
2026-04-06;AXIA7;56.99
2026-04-06;B3SA3;18.43
2026-04-06;BBAS3;23.43
2026-04-06;BBDC3;16.81
2026-04-06;BBDC4;19.33
2026-04-06;BTLG11;103.85
2026-04-06;CMIN3;4.88
2026-04-06;CPLE3;15.82
2026-04-06;EGIE3;33.30
2026-04-06;FLRY3;15.92
2026-04-06;FRAS3;21.95
2026-04-06;GGBR3;18.20
2026-04-06;GGBR4;19.62
2026-04-06;GMAT3;4.57
2026-04-06;HAPV3;10.68
2026-04-06;HGLG11;156.90
2026-04-06;ISAE3;34.89
2026-04-06;ISAE4;29.02
2026-04-06;ITUB3;42.92
2026-04-06;ITUB4;43.49
2026-04-06;KNRI11;167.00
2026-04-06;LWSA3;3.77
2026-04-06;MXRF11;9.77
2026-04-06;PETR3;53.71
2026-04-06;PETR4;48.94
2026-04-06;PRIO3;67.30
2026-04-06;RAIL3;15.93
2026-04-06;RDOR3;39.73
2026-04-06;SANB11;31.06
2026-04-06;SANB3;15.20
2026-04-06;SANB4;15.83
2026-04-06;TAEE11;42.94
2026-04-06;TAEE3;14.20
2026-04-06;TAEE4;14.35
2026-04-06;TOTS3;35.10
2026-04-06;TUPY3;12.83
2026-04-06;VALE3;83.09
2026-04-06;VIVA3;26.03
2026-04-06;WEGE3;50.62
2026-04-06;XPLG11;100.09
2026-04-07;AXIA3;59.47
2026-04-07;AXIA7;57.35
2026-04-07;B3SA3;18.05
2026-04-07;BBAS3;23.44
2026-04-07;BBDC3;16.68
2026-04-07;BBDC4;19.21
2026-04-07;BTLG11;103.70
2026-04-07;CMIN3;4.89
2026-04-07;CPLE3;15.80
2026-04-07;EGIE3;33.14
2026-04-07;FLRY3;15.91
2026-04-07;FRAS3;21.74
2026-04-07;GGBR3;18.17
2026-04-07;GGBR4;19.70
2026-04-07;GMAT3;4.49
2026-04-07;HAPV3;10.26
2026-04-07;HGLG11;156.39
2026-04-07;ISAE3;34.89
2026-04-07;ISAE4;29.08
2026-04-07;ITUB3;43.26
2026-04-07;ITUB4;43.46
2026-04-07;KNRI11;166.74
2026-04-07;LWSA3;3.82
2026-04-07;MXRF11;9.75
2026-04-07;PETR3;53.56
2026-04-07;PETR4;48.51
2026-04-07;PRIO3;67.82
2026-04-07;RAIL3;16.40
2026-04-07;RDOR3;39.92
2026-04-07;SANB11;30.76
2026-04-07;SANB3;15.05
2026-04-07;SANB4;15.58
2026-04-07;TAEE11;42.87
2026-04-07;TAEE3;14.09
2026-04-07;TAEE4;14.40
2026-04-07;TOTS3;34.70
2026-04-07;TUPY3;12.79
2026-04-07;VALE3;83.69
2026-04-07;VIVA3;25.80
2026-04-07;WEGE3;50.65
2026-04-07;XPLG11;99.92
2026-04-08;AXIA3;61.99
2026-04-08;AXIA7;60.08
2026-04-08;B3SA3;18.71
2026-04-08;BBAS3;24.49
2026-04-08;BBDC3;17.35
2026-04-08;BBDC4;20.17
2026-04-08;BTLG11;103.98
2026-04-08;CMIN3;5.09
2026-04-08;CPLE3;16.23
2026-04-08;EGIE3;34.20
2026-04-08;FLRY3;16.13
2026-04-08;FRAS3;21.75
2026-04-08;GGBR3;18.32
2026-04-08;GGBR4;20.44
2026-04-08;GMAT3;4.62
2026-04-08;HAPV3;11.19
2026-04-08;HGLG11;156.50
2026-04-08;ISAE3;35.00
2026-04-08;ISAE4;30.06
2026-04-08;ITUB3;44.75
2026-04-08;ITUB4;44.98
2026-04-08;KNRI11;168.00
2026-04-08;LWSA3;3.99
2026-04-08;MXRF11;9.72
2026-04-08;PETR3;51.19
2026-04-08;PETR4;46.61
2026-04-08;PRIO3;64.10
2026-04-08;RAIL3;16.14
2026-04-08;RDOR3;40.61
2026-04-08;SANB11;31.41
2026-04-08;SANB3;15.64
2026-04-08;SANB4;15.82
2026-04-08;TAEE11;44.11
2026-04-08;TAEE3;14.57
2026-04-08;TAEE4;14.83
2026-04-08;TOTS3;35.58
2026-04-08;TUPY3;13.06
2026-04-08;VALE3;85.59
2026-04-08;VIVA3;27.44
2026-04-08;WEGE3;52.77
2026-04-08;XPLG11;100.05
2026-04-09;AXIA3;64.35
2026-04-09;AXIA7;62.09
2026-04-09;B3SA3;19.16
2026-04-09;BBAS3;24.72
2026-04-09;BBDC3;17.57
2026-04-09;BBDC4;20.29
2026-04-09;BTLG11;103.99
2026-04-09;CMIN3;5.08
2026-04-09;CPLE3;16.54
2026-04-09;EGIE3;34.46
2026-04-09;FLRY3;16.78
2026-04-09;FRAS3;22.11
2026-04-09;GGBR3;18.54
2026-04-09;GGBR4;21.33
2026-04-09;GMAT3;4.67
2026-04-09;HAPV3;11.72
2026-04-09;HGLG11;156.69
2026-04-09;ISAE3;34.86
2026-04-09;ISAE4;30.65
2026-04-09;ITUB3;45.85
2026-04-09;ITUB4;45.75
2026-04-09;KNRI11;168.00
2026-04-09;LWSA3;3.79
2026-04-09;MXRF11;9.73
2026-04-09;PETR3;52.69
2026-04-09;PETR4;47.90
2026-04-09;PRIO3;65.45
2026-04-09;RAIL3;16.12
2026-04-09;RDOR3;40.99
2026-04-09;SANB11;31.98
2026-04-09;SANB3;15.78
2026-04-09;SANB4;16.21
2026-04-09;TAEE11;44.90
2026-04-09;TAEE3;14.75
2026-04-09;TAEE4;15.04
2026-04-09;TOTS3;34.44
2026-04-09;TUPY3;13.70
2026-04-09;VALE3;84.69
2026-04-09;VIVA3;27.98
2026-04-09;WEGE3;52.50
2026-04-09;XPLG11;100.01
2026-04-10;AXIA3;65.33
2026-04-10;AXIA7;63.07
2026-04-10;B3SA3;19.51
2026-04-10;BBAS3;24.73
2026-04-10;BBDC3;17.67
2026-04-10;BBDC4;20.44
2026-04-10;BTLG11;104.35
2026-04-10;CMIN3;5.02
2026-04-10;CPLE3;16.66
2026-04-10;EGIE3;36.06
2026-04-10;FLRY3;16.92
2026-04-10;FRAS3;21.86
2026-04-10;GGBR3;18.30
2026-04-10;GGBR4;21.29
2026-04-10;GMAT3;4.57
2026-04-10;HAPV3;13.25
2026-04-10;HGLG11;157.50
2026-04-10;ISAE3;34.65
2026-04-10;ISAE4;30.75
2026-04-10;ITUB3;45.93
2026-04-10;ITUB4;46.07
2026-04-10;KNRI11;169.69
2026-04-10;LWSA3;3.79
2026-04-10;MXRF11;9.79
2026-04-10;PETR3;54.00
2026-04-10;PETR4;49.03
2026-04-10;PRIO3;67.65
2026-04-10;RAIL3;16.43
2026-04-10;RDOR3;41.40
2026-04-10;SANB11;32.12
2026-04-10;SANB3;15.88
2026-04-10;SANB4;16.30
2026-04-10;TAEE11;45.22
2026-04-10;TAEE3;14.90
2026-04-10;TAEE4;15.16
2026-04-10;TOTS3;33.84
2026-04-10;TUPY3;14.63
2026-04-10;VALE3;85.59
2026-04-10;VIVA3;27.26
2026-04-10;WEGE3;52.88
2026-04-10;XPLG11;100.04
2026-04-13;AXIA3;65.57
2026-04-13;AXIA7;63.33
2026-04-13;B3SA3;19.26
2026-04-13;BBAS3;24.75
2026-04-13;BBDC3;17.86
2026-04-13;BBDC4;20.59
2026-04-13;BTLG11;103.99
2026-04-13;CMIN3;5.00
2026-04-13;CPLE3;16.73
2026-04-13;EGIE3;37.24
2026-04-13;FLRY3;17.26
2026-04-13;FRAS3;22.15
2026-04-13;GGBR3;18.05
2026-04-13;GGBR4;21.12
2026-04-13;GMAT3;4.71
2026-04-13;HAPV3;13.07
2026-04-13;HGLG11;157.08
2026-04-13;ISAE3;35.05
2026-04-13;ISAE4;31.06
2026-04-13;ITUB3;45.90
2026-04-13;ITUB4;45.83
2026-04-13;KNRI11;169.39
2026-04-13;LWSA3;3.96
2026-04-13;MXRF11;9.79
2026-04-13;PETR3;54.96
2026-04-13;PETR4;49.78
2026-04-13;PRIO3;66.80
2026-04-13;RAIL3;16.24
2026-04-13;RDOR3;41.67
2026-04-13;SANB11;32.03
2026-04-13;SANB3;15.88
2026-04-13;SANB4;16.40
2026-04-13;TAEE11;45.16
2026-04-13;TAEE3;14.90
2026-04-13;TAEE4;15.15
2026-04-13;TOTS3;34.49
2026-04-13;TUPY3;15.13
2026-04-13;VALE3;87.36
2026-04-13;VIVA3;26.85
2026-04-13;WEGE3;52.04
2026-04-13;XPLG11;99.80
2026-04-14;AXIA3;67.15
2026-04-14;AXIA7;64.94
2026-04-14;B3SA3;19.68
2026-04-14;BBAS3;25.38
2026-04-14;BBDC3;18.02
2026-04-14;BBDC4;20.78
2026-04-14;BTLG11;103.90
2026-04-14;CMIN3;5.07
2026-04-14;CPLE3;16.93
2026-04-14;EGIE3;37.95
2026-04-14;FLRY3;17.68
2026-04-14;FRAS3;22.38
2026-04-14;GGBR3;18.36
2026-04-14;GGBR4;21.60
2026-04-14;GMAT3;4.82
2026-04-14;HAPV3;13.05
2026-04-14;HGLG11;157.28
2026-04-14;ISAE3;34.50
2026-04-14;ISAE4;31.53
2026-04-14;ITUB3;46.38
2026-04-14;ITUB4;46.53
2026-04-14;KNRI11;168.73
2026-04-14;LWSA3;3.94
2026-04-14;MXRF11;9.85
2026-04-14;PETR3;52.52
2026-04-14;PETR4;47.88
2026-04-14;PRIO3;65.08
2026-04-14;RAIL3;16.92
2026-04-14;RDOR3;42.41
2026-04-14;SANB11;32.07
2026-04-14;SANB3;15.77
2026-04-14;SANB4;16.30
2026-04-14;TAEE11;45.40
2026-04-14;TAEE3;14.95
2026-04-14;TAEE4;15.23
2026-04-14;TOTS3;34.80
2026-04-14;TUPY3;15.38
2026-04-14;VALE3;88.30
2026-04-14;VIVA3;27.10
2026-04-14;WEGE3;51.90
2026-04-14;XPLG11;100.00
2026-04-15;AXIA3;66.27
2026-04-15;AXIA7;64.06
2026-04-15;B3SA3;19.84
2026-04-15;BBAS3;24.40
2026-04-15;BBDC3;17.99
2026-04-15;BBDC4;20.80
2026-04-15;BTLG11;104.00
2026-04-15;CMIN3;5.01
2026-04-15;CPLE3;16.83
2026-04-15;EGIE3;38.41
2026-04-15;FLRY3;17.05
2026-04-15;FRAS3;22.34
2026-04-15;GGBR3;18.34
2026-04-15;GGBR4;21.80
2026-04-15;GMAT3;4.84
2026-04-15;HAPV3;12.65
2026-04-15;HGLG11;157.26
2026-04-15;ISAE3;35.23
2026-04-15;ISAE4;31.77
2026-04-15;ITUB3;46.75
2026-04-15;ITUB4;47.04
2026-04-15;KNRI11;168.85
2026-04-15;LWSA3;4.15
2026-04-15;MXRF11;9.86
2026-04-15;PETR3;51.50
2026-04-15;PETR4;46.89
2026-04-15;PRIO3;63.19
2026-04-15;RAIL3;16.96
2026-04-15;RDOR3;40.00
2026-04-15;SANB11;31.68
2026-04-15;SANB3;15.76
2026-04-15;SANB4;15.95
2026-04-15;TAEE11;45.57
2026-04-15;TAEE3;14.88
2026-04-15;TAEE4;15.21
2026-04-15;TOTS3;35.28
2026-04-15;TUPY3;15.31
2026-04-15;VALE3;88.44
2026-04-15;VIVA3;27.57
2026-04-15;WEGE3;49.96
2026-04-15;XPLG11;100.44
2026-04-16;AXIA3;65.56
2026-04-16;AXIA7;62.89
2026-04-16;B3SA3;19.78
2026-04-16;BBAS3;24.28
2026-04-16;BBDC3;18.12
2026-04-16;BBDC4;20.85
2026-04-16;BTLG11;104.02
2026-04-16;CMIN3;4.96
2026-04-16;CPLE3;16.80
2026-04-16;EGIE3;38.19
2026-04-16;FLRY3;17.09
2026-04-16;FRAS3;22.05
2026-04-16;GGBR3;18.45
2026-04-16;GGBR4;21.53
2026-04-16;GMAT3;4.60
2026-04-16;HAPV3;12.35
2026-04-16;HGLG11;157.00
2026-04-16;ISAE3;34.30
2026-04-16;ISAE4;31.34
2026-04-16;ITUB3;46.86
2026-04-16;ITUB4;46.98
2026-04-16;KNRI11;169.34
2026-04-16;LWSA3;4.10
2026-04-16;MXRF11;9.88
2026-04-16;PETR3;53.66
2026-04-16;PETR4;48.58
2026-04-16;PRIO3;64.25
2026-04-16;RAIL3;16.59
2026-04-16;RDOR3;39.25
2026-04-16;SANB11;31.45
2026-04-16;SANB3;15.55
2026-04-16;SANB4;15.89
2026-04-16;TAEE11;44.30
2026-04-16;TAEE3;14.64
2026-04-16;TAEE4;14.93
2026-04-16;TOTS3;34.77
2026-04-16;TUPY3;15.10
2026-04-16;VALE3;87.44
2026-04-16;VIVA3;27.50
2026-04-16;WEGE3;48.40
2026-04-16;XPLG11;100.50
2026-04-17;AXIA3;63.49
2026-04-17;AXIA7;61.20
2026-04-17;B3SA3;19.43
2026-04-17;BBAS3;24.40
2026-04-17;BBDC3;18.30
2026-04-17;BBDC4;21.26
2026-04-17;BTLG11;104.08
2026-04-17;CMIN3;4.98
2026-04-17;CPLE3;16.66
2026-04-17;EGIE3;37.51
2026-04-17;FLRY3;16.65
2026-04-17;FRAS3;22.01
2026-04-17;GGBR3;18.71
2026-04-17;GGBR4;21.54
2026-04-17;GMAT3;4.61
2026-04-17;HAPV3;12.23
2026-04-17;HGLG11;157.54
2026-04-17;ISAE3;34.38
2026-04-17;ISAE4;31.03
2026-04-17;ITUB3;46.83
2026-04-17;ITUB4;46.80
2026-04-17;KNRI11;171.10
2026-04-17;LWSA3;4.19
2026-04-17;MXRF11;9.87
2026-04-17;PETR3;50.81
2026-04-17;PETR4;46.22
2026-04-17;PRIO3;61.66
2026-04-17;RAIL3;16.55
2026-04-17;RDOR3;40.03
2026-04-17;SANB11;31.59
2026-04-17;SANB3;15.64
2026-04-17;SANB4;15.98
2026-04-17;TAEE11;45.01
2026-04-17;TAEE3;14.72
2026-04-17;TAEE4;15.11
2026-04-17;TOTS3;35.44
2026-04-17;TUPY3;15.62
2026-04-17;VALE3;89.75
2026-04-17;VIVA3;27.67
2026-04-17;WEGE3;48.65
2026-04-17;XPLG11;101.68
2026-04-20;AXIA3;63.93
2026-04-20;AXIA7;61.20
2026-04-20;B3SA3;19.25
2026-04-20;BBAS3;24.28
2026-04-20;BBDC3;18.06
2026-04-20;BBDC4;21.03
2026-04-20;BTLG11;104.00
2026-04-20;CMIN3;5.04
2026-04-20;CPLE3;16.90
2026-04-20;EGIE3;37.42
2026-04-20;FLRY3;16.68
2026-04-20;FRAS3;22.15
2026-04-20;GGBR3;18.30
2026-04-20;GGBR4;21.44
2026-04-20;GMAT3;4.66
2026-04-20;HAPV3;12.38
2026-04-20;HGLG11;157.90
2026-04-20;ISAE3;34.40
2026-04-20;ISAE4;30.83
2026-04-20;ITUB3;46.33
2026-04-20;ITUB4;46.37
2026-04-20;KNRI11;170.72
2026-04-20;LWSA3;4.15
2026-04-20;MXRF11;9.95
2026-04-20;PETR3;51.74
2026-04-20;PETR4;47.02
2026-04-20;PRIO3;61.63
2026-04-20;RAIL3;16.47
2026-04-20;RDOR3;39.44
2026-04-20;SANB11;31.60
2026-04-20;SANB3;15.71
2026-04-20;SANB4;15.90
2026-04-20;TAEE11;45.86
2026-04-20;TAEE3;14.95
2026-04-20;TAEE4;15.29
2026-04-20;TOTS3;34.87
2026-04-20;TUPY3;15.85
2026-04-20;VALE3;88.73
2026-04-20;VIVA3;27.51
2026-04-20;WEGE3;48.48
2026-04-20;XPLG11;101.71
2026-04-22;AXIA3;63.08
2026-04-22;AXIA7;60.20
2026-04-22;B3SA3;19.07
2026-04-22;BBAS3;23.40
2026-04-22;BBDC3;17.58
2026-04-22;BBDC4;20.41
2026-04-22;BTLG11;104.00
2026-04-22;CMIN3;4.94
2026-04-22;CPLE3;16.71
2026-04-22;EGIE3;36.73
2026-04-22;FLRY3;16.50
2026-04-22;FRAS3;22.00
2026-04-22;GGBR3;18.55
2026-04-22;GGBR4;21.72
2026-04-22;GMAT3;4.57
2026-04-22;HAPV3;12.65
2026-04-22;HGLG11;157.00
2026-04-22;ISAE3;34.45
2026-04-22;ISAE4;30.47
2026-04-22;ITUB3;44.97
2026-04-22;ITUB4;45.03
2026-04-22;KNRI11;169.63
2026-04-22;LWSA3;4.17
2026-04-22;MXRF11;9.92
2026-04-22;PETR3;52.70
2026-04-22;PETR4;47.67
2026-04-22;PRIO3;62.70
2026-04-22;RAIL3;16.23
2026-04-22;RDOR3;38.64
2026-04-22;SANB11;30.11
2026-04-22;SANB3;14.99
2026-04-22;SANB4;15.12
2026-04-22;TAEE11;45.22
2026-04-22;TAEE3;14.85
2026-04-22;TAEE4;15.32
2026-04-22;TOTS3;33.81
2026-04-22;TUPY3;15.24
2026-04-22;VALE3;87.22
2026-04-22;VIVA3;27.12
2026-04-22;WEGE3;47.40
2026-04-22;XPLG11;101.44
2026-04-23;AXIA3;63.28
2026-04-23;AXIA7;60.44
2026-04-23;B3SA3;19.03
2026-04-23;BBAS3;23.00
2026-04-23;BBDC3;17.21
2026-04-23;BBDC4;19.97
2026-04-23;BTLG11;103.45
2026-04-23;CMIN3;4.80
2026-04-23;CPLE3;16.81
2026-04-23;EGIE3;36.94
2026-04-23;FLRY3;16.32
2026-04-23;FRAS3;21.75
2026-04-23;GGBR3;18.43
2026-04-23;GGBR4;21.68
2026-04-23;GMAT3;4.52
2026-04-23;HAPV3;13.30
2026-04-23;HGLG11;156.89
2026-04-23;ISAE3;34.54
2026-04-23;ISAE4;30.02
2026-04-23;ITUB3;43.87
2026-04-23;ITUB4;44.18
2026-04-23;KNRI11;167.57
2026-04-23;LWSA3;4.01
2026-04-23;MXRF11;9.95
2026-04-23;PETR3;52.75
2026-04-23;PETR4;47.77
2026-04-23;PRIO3;62.72
2026-04-23;RAIL3;15.92
2026-04-23;RDOR3;37.86
2026-04-23;SANB11;29.86
2026-04-23;SANB3;14.82
2026-04-23;SANB4;15.05
2026-04-23;TAEE11;44.66
2026-04-23;TAEE3;14.60
2026-04-23;TAEE4;15.03
2026-04-23;TOTS3;32.62
2026-04-23;TUPY3;15.21
2026-04-23;VALE3;85.97
2026-04-23;VIVA3;26.30
2026-04-23;WEGE3;48.28
2026-04-23;XPLG11;101.00
2026-04-24;AXIA3;62.87
2026-04-24;AXIA7;60.11
2026-04-24;B3SA3;18.98
2026-04-24;BBAS3;22.70
2026-04-24;BBDC3;17.11
2026-04-24;BBDC4;19.92
2026-04-24;BTLG11;103.18
2026-04-24;CMIN3;4.74
2026-04-24;CPLE3;16.59
2026-04-24;EGIE3;36.67
2026-04-24;FLRY3;16.21
2026-04-24;FRAS3;21.48
2026-04-24;GGBR3;18.42
2026-04-24;GGBR4;21.77
2026-04-24;GMAT3;4.85
2026-04-24;HAPV3;14.09
2026-04-24;HGLG11;158.01
2026-04-24;ISAE3;34.61
2026-04-24;ISAE4;29.49
2026-04-24;ITUB3;44.32
2026-04-24;ITUB4;44.37
2026-04-24;KNRI11;167.11
2026-04-24;LWSA3;3.99
2026-04-24;MXRF11;9.93
2026-04-24;PETR3;52.24
2026-04-24;PETR4;47.16
2026-04-24;PRIO3;62.63
2026-04-24;RAIL3;15.82
2026-04-24;RDOR3;38.71
2026-04-24;SANB11;29.68
2026-04-24;SANB3;14.69
2026-04-24;SANB4;14.97
2026-04-24;TAEE11;44.11
2026-04-24;TAEE3;14.55
2026-04-24;TAEE4;14.87
2026-04-24;TOTS3;32.07
2026-04-24;TUPY3;14.39
2026-04-24;VALE3;85.87
2026-04-24;VIVA3;26.14
2026-04-24;WEGE3;47.80
2026-04-24;XPLG11;101.10
2026-04-27;AXIA3;62.45
2026-04-27;AXIA7;59.83
2026-04-27;B3SA3;18.72
2026-04-27;BBAS3;22.51
2026-04-27;BBDC3;16.97
2026-04-27;BBDC4;19.73
2026-04-27;BTLG11;103.53
2026-04-27;CMIN3;4.76
2026-04-27;CPLE3;16.30
2026-04-27;EGIE3;36.20
2026-04-27;FLRY3;15.99
2026-04-27;FRAS3;21.19
2026-04-27;GGBR3;18.58
2026-04-27;GGBR4;21.66
2026-04-27;GMAT3;4.55
2026-04-27;HAPV3;13.15
2026-04-27;HGLG11;156.98
2026-04-27;ISAE3;34.70
2026-04-27;ISAE4;29.21
2026-04-27;ITUB3;43.79
2026-04-27;ITUB4;43.99
2026-04-27;KNRI11;164.50
2026-04-27;LWSA3;3.77
2026-04-27;MXRF11;9.87
2026-04-27;PETR3;52.42
2026-04-27;PETR4;47.37
2026-04-27;PRIO3;64.35
2026-04-27;RAIL3;15.60
2026-04-27;RDOR3;38.43
2026-04-27;SANB11;29.67
2026-04-27;SANB3;14.70
2026-04-27;SANB4;15.05
2026-04-27;TAEE11;43.61
2026-04-27;TAEE3;14.26
2026-04-27;TAEE4;14.67
2026-04-27;TOTS3;31.33
2026-04-27;TUPY3;13.83
2026-04-27;VALE3;85.50
2026-04-27;VIVA3;25.46
2026-04-27;WEGE3;48.19
2026-04-27;XPLG11;100.89
2026-04-28;AXIA3;62.08
2026-04-28;AXIA7;59.30
2026-04-28;B3SA3;18.53
2026-04-28;BBAS3;22.54
2026-04-28;BBDC3;16.87
2026-04-28;BBDC4;19.57
2026-04-28;BTLG11;103.59
2026-04-28;CMIN3;4.67
2026-04-28;CPLE3;16.13
2026-04-28;EGIE3;35.14
2026-04-28;FLRY3;15.92
2026-04-28;FRAS3;21.49
2026-04-28;GGBR3;19.36
2026-04-28;GGBR4;22.56
2026-04-28;GMAT3;4.45
2026-04-28;HAPV3;12.04
2026-04-28;HGLG11;156.99
2026-04-28;ISAE3;34.40
2026-04-28;ISAE4;29.17
2026-04-28;ITUB3;43.88
2026-04-28;ITUB4;44.10
2026-04-28;KNRI11;167.94
2026-04-28;LWSA3;3.82
2026-04-28;MXRF11;9.90
2026-04-28;PETR3;52.80
2026-04-28;PETR4;47.52
2026-04-28;PRIO3;64.40
2026-04-28;RAIL3;15.59
2026-04-28;RDOR3;38.43
2026-04-28;SANB11;29.42
2026-04-28;SANB3;14.43
2026-04-28;SANB4;14.90
2026-04-28;TAEE11;43.14
2026-04-28;TAEE3;14.19
2026-04-28;TAEE4;14.55
2026-04-28;TOTS3;31.59
2026-04-28;TUPY3;13.64
2026-04-28;VALE3;84.39
2026-04-28;VIVA3;24.90
2026-04-28;WEGE3;47.29
2026-04-28;XPLG11;100.94
2026-04-29;AXIA3;60.50
2026-04-29;AXIA7;57.63
2026-04-29;B3SA3;17.88
2026-04-29;BBAS3;21.71
2026-04-29;BBDC3;16.52
2026-04-29;BBDC4;19.11
2026-04-29;BTLG11;103.38
2026-04-29;CMIN3;4.59
2026-04-29;CPLE3;15.77
2026-04-29;EGIE3;34.65
2026-04-29;FLRY3;16.03
2026-04-29;FRAS3;21.35
2026-04-29;GGBR3;19.19
2026-04-29;GGBR4;22.46
2026-04-29;GMAT3;4.30
2026-04-29;HAPV3;11.75
2026-04-29;HGLG11;156.10
2026-04-29;ISAE3;34.21
2026-04-29;ISAE4;28.73
2026-04-29;ITUB3;42.69
2026-04-29;ITUB4;42.87
2026-04-29;KNRI11;168.15
2026-04-29;LWSA3;3.73
2026-04-29;MXRF11;9.85
2026-04-29;PETR3;54.47
2026-04-29;PETR4;48.96
2026-04-29;PRIO3;66.38
2026-04-29;RAIL3;15.47
2026-04-29;RDOR3;37.74
2026-04-29;SANB11;28.64
2026-04-29;SANB3;14.08
2026-04-29;SANB4;14.67
2026-04-29;TAEE11;42.57
2026-04-29;TAEE3;14.03
2026-04-29;TAEE4;14.30
2026-04-29;TOTS3;31.20
2026-04-29;TUPY3;13.52
2026-04-29;VALE3;79.44
2026-04-29;VIVA3;24.95
2026-04-29;WEGE3;44.10
2026-04-29;XPLG11;100.64
2026-04-30;AXIA3;62.05
2026-04-30;AXIA7;59.95
2026-04-30;B3SA3;18.03
2026-04-30;BBAS3;22.21
2026-04-30;BBDC3;16.72
2026-04-30;BBDC4;19.32
2026-04-30;BTLG11;103.60
2026-04-30;CMIN3;4.67
2026-04-30;CPLE3;15.90
2026-04-30;EGIE3;35.31
2026-04-30;FLRY3;16.08
2026-04-30;FRAS3;21.62
2026-04-30;GGBR3;19.42
2026-04-30;GGBR4;22.61
2026-04-30;GMAT3;4.34
2026-04-30;HAPV3;12.39
2026-04-30;HGLG11;156.40
2026-04-30;ISAE3;34.80
2026-04-30;ISAE4;29.51
2026-04-30;ITUB3;43.55
2026-04-30;ITUB4;43.19
2026-04-30;KNRI11;167.88
2026-04-30;LWSA3;3.79
2026-04-30;MXRF11;9.92
2026-04-30;PETR3;54.73
2026-04-30;PETR4;49.08
2026-04-30;PRIO3;66.41
2026-04-30;RAIL3;15.73
2026-04-30;RDOR3;38.37
2026-04-30;SANB11;29.04
2026-04-30;SANB3;14.24
2026-04-30;SANB4;14.77
2026-04-30;TAEE11;42.52
2026-04-30;TAEE3;13.98
2026-04-30;TAEE4;14.28
2026-04-30;TOTS3;31.86
2026-04-30;TUPY3;14.02
2026-04-30;VALE3;81.18
2026-04-30;VIVA3;25.81
2026-04-30;WEGE3;44.86
2026-04-30;XPLG11;100.75
2026-05-04;AXIA3;61.89
2026-05-04;AXIA7;58.90
2026-05-04;B3SA3;17.87
2026-05-04;BBAS3;21.91
2026-05-04;BBDC3;16.37
2026-05-04;BBDC4;18.91
2026-05-04;BTLG11;103.35
2026-05-04;CMIN3;4.59
2026-05-04;CPLE3;15.87
2026-05-04;EGIE3;35.15
2026-05-04;FLRY3;16.29
2026-05-04;FRAS3;21.48
2026-05-04;GGBR3;19.28
2026-05-04;GGBR4;22.65
2026-05-04;GMAT3;4.38
2026-05-04;HAPV3;11.50
2026-05-04;HGLG11;155.99
2026-05-04;ISAE3;34.66
2026-05-04;ISAE4;29.32
2026-05-04;ITUB3;42.40
2026-05-04;ITUB4;42.40
2026-05-04;KNRI11;166.08
2026-05-04;LWSA3;3.83
2026-05-04;MXRF11;9.72
2026-05-04;PETR3;54.29
2026-05-04;PETR4;49.34
2026-05-04;PRIO3;70.16
2026-05-04;RAIL3;16.24
2026-05-04;RDOR3;37.90
2026-05-04;SANB11;28.56
2026-05-04;SANB3;14.07
2026-05-04;SANB4;14.61
2026-05-04;TAEE11;41.50
2026-05-04;TAEE3;13.62
2026-05-04;TAEE4;13.97
2026-05-04;TOTS3;32.54
2026-05-04;TUPY3;14.14
2026-05-04;VALE3;78.66
2026-05-04;VIVA3;25.86
2026-05-04;WEGE3;44.36
2026-05-04;XPLG11;100.09
2026-05-05;AXIA3;62.06
2026-05-05;AXIA7;59.11
2026-05-05;B3SA3;18.01
2026-05-05;BBAS3;21.92
2026-05-05;BBDC3;16.53
2026-05-05;BBDC4;19.19
2026-05-05;BTLG11;103.11
2026-05-05;CMIN3;4.60
2026-05-05;CPLE3;15.90
2026-05-05;EGIE3;34.04
2026-05-05;FLRY3;16.38
2026-05-05;FRAS3;21.60
2026-05-05;GGBR3;20.08
2026-05-05;GGBR4;23.75
2026-05-05;GMAT3;4.45
2026-05-05;HAPV3;11.71
2026-05-05;HGLG11;155.41
2026-05-05;ISAE3;34.68
2026-05-05;ISAE4;29.27
2026-05-05;ITUB3;42.25
2026-05-05;ITUB4;42.46
2026-05-05;KNRI11;164.11
2026-05-05;LWSA3;3.92
2026-05-05;MXRF11;9.80
2026-05-05;PETR3;53.54
2026-05-05;PETR4;48.66
2026-05-05;PRIO3;69.50
2026-05-05;RAIL3;16.29
2026-05-05;RDOR3;38.73
2026-05-05;SANB11;28.77
2026-05-05;SANB3;14.11
2026-05-05;SANB4;14.68
2026-05-05;TAEE11;41.39
2026-05-05;TAEE3;13.60
2026-05-05;TAEE4;14.02
2026-05-05;TOTS3;32.93
2026-05-05;TUPY3;14.37
2026-05-05;VALE3;78.39
2026-05-05;VIVA3;26.65
2026-05-05;WEGE3;43.54
2026-05-05;XPLG11;99.81
2026-05-06;AXIA3;61.80
2026-05-06;AXIA7;59.21
2026-05-06;B3SA3;18.36
2026-05-06;BBAS3;22.07
2026-05-06;BBDC3;16.64
2026-05-06;BBDC4;19.27
2026-05-06;BTLG11;103.60
2026-05-06;CMIN3;4.81
2026-05-06;CPLE3;15.75
2026-05-06;EGIE3;33.82
2026-05-06;FLRY3;16.83
2026-05-06;FRAS3;22.19
2026-05-06;GGBR3;20.73
2026-05-06;GGBR4;24.36
2026-05-06;GMAT3;4.53
2026-05-06;HAPV3;11.91
2026-05-06;HGLG11;156.22
2026-05-06;ISAE3;35.25
2026-05-06;ISAE4;30.51
2026-05-06;ITUB3;41.92
2026-05-06;ITUB4;41.78
2026-05-06;KNRI11;168.80
2026-05-06;LWSA3;4.00
2026-05-06;MXRF11;9.95
2026-05-06;PETR3;51.52
2026-05-06;PETR4;47.27
2026-05-06;PRIO3;66.54
2026-05-06;RAIL3;16.69
2026-05-06;RDOR3;40.35
2026-05-06;SANB11;29.33
2026-05-06;SANB3;14.44
2026-05-06;SANB4;14.94
2026-05-06;TAEE11;42.22
2026-05-06;TAEE3;13.82
2026-05-06;TAEE4;14.28
2026-05-06;TOTS3;33.10
2026-05-06;TUPY3;14.69
2026-05-06;VALE3;81.23
2026-05-06;VIVA3;28.27
2026-05-06;WEGE3;44.94
2026-05-06;XPLG11;100.09
2026-05-07;AXIA3;58.12
2026-05-07;AXIA7;55.80
2026-05-07;B3SA3;17.78
2026-05-07;BBAS3;21.69
2026-05-07;BBDC3;16.10
2026-05-07;BBDC4;18.52
2026-05-07;BTLG11;103.05
2026-05-07;CMIN3;4.75
2026-05-07;CPLE3;15.29
2026-05-07;EGIE3;33.87
2026-05-07;FLRY3;16.25
2026-05-07;FRAS3;21.91
2026-05-07;GGBR3;20.42
2026-05-07;GGBR4;23.77
2026-05-07;GMAT3;4.57
2026-05-07;HAPV3;11.85
2026-05-07;HGLG11;155.98
2026-05-07;ISAE3;34.52
2026-05-07;ISAE4;29.82
2026-05-07;ITUB3;40.78
2026-05-07;ITUB4;40.79
2026-05-07;KNRI11;168.17
2026-05-07;LWSA3;4.09
2026-05-07;MXRF11;9.94
2026-05-07;PETR3;50.55
2026-05-07;PETR4;46.22
2026-05-07;PRIO3;64.40
2026-05-07;RAIL3;16.29
2026-05-07;RDOR3;37.74
2026-05-07;SANB11;28.42
2026-05-07;SANB3;14.03
2026-05-07;SANB4;14.54
2026-05-07;TAEE11;40.84
2026-05-07;TAEE3;13.49
2026-05-07;TAEE4;13.80
2026-05-07;TOTS3;36.23
2026-05-07;TUPY3;14.48
2026-05-07;VALE3;80.07
2026-05-07;VIVA3;27.76
2026-05-07;WEGE3;44.31
2026-05-07;XPLG11;99.92
2026-05-08;AXIA3;58.75
2026-05-08;AXIA7;56.72
2026-05-08;B3SA3;17.93
2026-05-08;BBAS3;21.80
2026-05-08;BBDC3;16.15
2026-05-08;BBDC4;18.59
2026-05-08;BTLG11;103.75
2026-05-08;CMIN3;4.81
2026-05-08;CPLE3;15.47
2026-05-08;EGIE3;34.29
2026-05-08;FLRY3;16.58
2026-05-08;FRAS3;22.20
2026-05-08;GGBR3;20.79
2026-05-08;GGBR4;23.88
2026-05-08;GMAT3;4.59
2026-05-08;HAPV3;11.81
2026-05-08;HGLG11;156.05
2026-05-08;ISAE3;34.56
2026-05-08;ISAE4;30.37
2026-05-08;ITUB3;41.39
2026-05-08;ITUB4;41.26
2026-05-08;KNRI11;167.88
2026-05-08;LWSA3;3.91
2026-05-08;MXRF11;9.93
2026-05-08;PETR3;50.11
2026-05-08;PETR4;45.67
2026-05-08;PRIO3;63.27
2026-05-08;RAIL3;16.93
2026-05-08;RDOR3;38.31
2026-05-08;SANB11;28.55
2026-05-08;SANB3;13.96
2026-05-08;SANB4;14.60
2026-05-08;TAEE11;40.96
2026-05-08;TAEE3;13.50
2026-05-08;TAEE4;13.87
2026-05-08;TOTS3;35.21
2026-05-08;TUPY3;14.59
2026-05-08;VALE3;81.49
2026-05-08;VIVA3;24.77
2026-05-08;WEGE3;45.52
2026-05-08;XPLG11;99.97
2026-05-11;AXIA3;57.10
2026-05-11;AXIA7;55.09
2026-05-11;B3SA3;17.59
2026-05-11;BBAS3;21.54
2026-05-11;BBDC3;15.78
2026-05-11;BBDC4;18.09
2026-05-11;BTLG11;103.10
2026-05-11;CMIN3;4.89
2026-05-11;CPLE3;15.07
2026-05-11;EGIE3;33.65
2026-05-11;FLRY3;16.34
2026-05-11;FRAS3;22.15
2026-05-11;GGBR3;20.54
2026-05-11;GGBR4;23.70
2026-05-11;GMAT3;4.39
2026-05-11;HAPV3;11.44
2026-05-11;HGLG11;155.50
2026-05-11;ISAE3;34.15
2026-05-11;ISAE4;30.08
2026-05-11;ITUB3;40.46
2026-05-11;ITUB4;40.33
2026-05-11;KNRI11;162.40
2026-05-11;LWSA3;3.87
2026-05-11;MXRF11;9.88
2026-05-11;PETR3;50.81
2026-05-11;PETR4;46.43
2026-05-11;PRIO3;63.63
2026-05-11;RAIL3;16.18
2026-05-11;RDOR3;35.97
2026-05-11;SANB11;27.83
2026-05-11;SANB3;13.64
2026-05-11;SANB4;14.28
2026-05-11;TAEE11;41.40
2026-05-11;TAEE3;13.63
2026-05-11;TAEE4;13.90
2026-05-11;TOTS3;33.50
2026-05-11;TUPY3;14.41
2026-05-11;VALE3;83.45
2026-05-11;VIVA3;24.00
2026-05-11;WEGE3;44.16
2026-05-11;XPLG11;99.27
2026-05-12;AXIA3;57.35
2026-05-12;AXIA7;55.40
2026-05-12;B3SA3;17.30
2026-05-12;BBAS3;21.32
2026-05-12;BBDC3;15.64
2026-05-12;BBDC4;17.96
2026-05-12;BTLG11;102.99
2026-05-12;CMIN3;4.97
2026-05-12;CPLE3;15.00
2026-05-12;EGIE3;33.16
2026-05-12;FLRY3;16.25
2026-05-12;FRAS3;22.17
2026-05-12;GGBR3;20.15
2026-05-12;GGBR4;23.62
2026-05-12;GMAT3;4.32
2026-05-12;HAPV3;12.50
2026-05-12;HGLG11;155.05
2026-05-12;ISAE3;33.32
2026-05-12;ISAE4;29.74
2026-05-12;ITUB3;40.15
2026-05-12;ITUB4;39.87
2026-05-12;KNRI11;162.00
2026-05-12;LWSA3;3.87
2026-05-12;MXRF11;9.89
2026-05-12;PETR3;50.22
2026-05-12;PETR4;45.68
2026-05-12;PRIO3;64.63
2026-05-12;RAIL3;15.75
2026-05-12;RDOR3;35.98
2026-05-12;SANB11;27.65
2026-05-12;SANB3;13.53
2026-05-12;SANB4;14.19
2026-05-12;TAEE11;39.77
2026-05-12;TAEE3;13.12
2026-05-12;TAEE4;13.35
2026-05-12;TOTS3;33.04
2026-05-12;TUPY3;13.97
2026-05-12;VALE3;83.25
2026-05-12;VIVA3;23.68
2026-05-12;WEGE3;43.39
2026-05-12;XPLG11;99.18
2026-05-13;AXIA3;54.94
2026-05-13;AXIA7;53.03
2026-05-13;B3SA3;16.64
2026-05-13;BBAS3;20.76
2026-05-13;BBDC3;15.40
2026-05-13;BBDC4;17.65
2026-05-13;BTLG11;102.80
2026-05-13;CMIN3;4.82
2026-05-13;CPLE3;14.56
2026-05-13;EGIE3;32.85
2026-05-13;FLRY3;15.90
2026-05-13;FRAS3;22.02
2026-05-13;GGBR3;20.16
2026-05-13;GGBR4;23.49
2026-05-13;GMAT3;4.10
2026-05-13;HAPV3;12.74
2026-05-13;HGLG11;154.85
2026-05-13;ISAE3;32.82
2026-05-13;ISAE4;28.81
2026-05-13;ITUB3;39.97
2026-05-13;ITUB4;39.63
2026-05-13;KNRI11;160.00
2026-05-13;LWSA3;3.65
2026-05-13;MXRF11;9.80
2026-05-13;PETR3;48.98
2026-05-13;PETR4;44.57
2026-05-13;PRIO3;65.45
2026-05-13;RAIL3;15.29
2026-05-13;RDOR3;34.78
2026-05-13;SANB11;27.02
2026-05-13;SANB3;13.22
2026-05-13;SANB4;13.92
2026-05-13;TAEE11;38.66
2026-05-13;TAEE3;12.75
2026-05-13;TAEE4;12.98
2026-05-13;TOTS3;31.67
2026-05-13;TUPY3;13.53
2026-05-13;VALE3;84.30
2026-05-13;VIVA3;22.60
2026-05-13;WEGE3;43.31
2026-05-13;XPLG11;98.80
2026-05-14;AXIA3;55.35
2026-05-14;AXIA7;53.41
2026-05-14;B3SA3;16.93
2026-05-14;BBAS3;20.76
2026-05-14;BBDC3;15.54
2026-05-14;BBDC4;17.84
2026-05-14;BTLG11;103.11
2026-05-14;CMIN3;4.77
2026-05-14;CPLE3;14.93
2026-05-14;EGIE3;32.50
2026-05-14;FLRY3;15.96
2026-05-14;FRAS3;22.30
2026-05-14;GGBR3;20.31
2026-05-14;GGBR4;23.58
2026-05-14;GMAT3;4.29
2026-05-14;HAPV3;13.26
2026-05-14;HGLG11;155.20
2026-05-14;ISAE3;33.97
2026-05-14;ISAE4;28.89
2026-05-14;ITUB3;40.81
2026-05-14;ITUB4;40.40
2026-05-14;KNRI11;159.60
2026-05-14;LWSA3;3.69
2026-05-14;MXRF11;9.92
2026-05-14;PETR3;49.38
2026-05-14;PETR4;45.00
2026-05-14;PRIO3;67.29
2026-05-14;RAIL3;15.27
2026-05-14;RDOR3;34.75
2026-05-14;SANB11;27.14
2026-05-14;SANB3;13.20
2026-05-14;SANB4;14.00
2026-05-14;TAEE11;38.61
2026-05-14;TAEE3;12.76
2026-05-14;TAEE4;12.94
2026-05-14;TOTS3;31.60
2026-05-14;TUPY3;13.67
2026-05-14;VALE3;82.87
2026-05-14;VIVA3;23.00
2026-05-14;WEGE3;43.72
2026-05-14;XPLG11;99.15
2026-05-15;AXIA3;54.67
2026-05-15;AXIA7;52.87
2026-05-15;B3SA3;16.70
2026-05-15;BBAS3;20.70
2026-05-15;BBDC3;15.36
2026-05-15;BBDC4;17.69
2026-05-15;BTLG11;103.40
2026-05-15;CMIN3;4.72
2026-05-15;CPLE3;14.85
2026-05-15;EGIE3;32.57
2026-05-15;FLRY3;15.60
2026-05-15;FRAS3;22.08
2026-05-15;GGBR3;19.67
2026-05-15;GGBR4;23.34
2026-05-15;GMAT3;4.34
2026-05-15;HAPV3;12.45
2026-05-15;HGLG11;155.50
2026-05-15;ISAE3;33.81
2026-05-15;ISAE4;28.54
2026-05-15;ITUB3;40.26
2026-05-15;ITUB4;39.70
2026-05-15;KNRI11;160.00
2026-05-15;LWSA3;3.74
2026-05-15;MXRF11;9.92
2026-05-15;PETR3;50.45
2026-05-15;PETR4;45.47
2026-05-15;PRIO3;68.80
2026-05-15;RAIL3;14.97
2026-05-15;RDOR3;34.84
2026-05-15;SANB11;26.92
2026-05-15;SANB3;13.08
2026-05-15;SANB4;13.95
2026-05-15;TAEE11;38.29
2026-05-15;TAEE3;12.75
2026-05-15;TAEE4;12.94
2026-05-15;TOTS3;31.14
2026-05-15;TUPY3;13.12
2026-05-15;VALE3;83.50
2026-05-15;VIVA3;22.94
2026-05-15;WEGE3;43.13
2026-05-15;XPLG11;99.20
2026-05-18;AXIA3;54.31
2026-05-18;AXIA7;52.41
2026-05-18;B3SA3;16.72
2026-05-18;BBAS3;20.42
2026-05-18;BBDC3;15.34
2026-05-18;BBDC4;17.66
2026-05-18;BTLG11;102.67
2026-05-18;CMIN3;4.28
2026-05-18;CPLE3;14.85
2026-05-18;EGIE3;32.33
2026-05-18;FLRY3;15.62
2026-05-18;FRAS3;21.50
2026-05-18;GGBR3;20.02
2026-05-18;GGBR4;23.26
2026-05-18;GMAT3;4.23
2026-05-18;HAPV3;12.83
2026-05-18;HGLG11;155.24
2026-05-18;ISAE3;33.76
2026-05-18;ISAE4;28.34
2026-05-18;ITUB3;40.09
2026-05-18;ITUB4;39.62
2026-05-18;KNRI11;158.90
2026-05-18;LWSA3;3.70
2026-05-18;MXRF11;9.85
2026-05-18;PETR3;51.79
2026-05-18;PETR4;46.44
2026-05-18;PRIO3;68.82
2026-05-18;RAIL3;14.90
2026-05-18;RDOR3;34.77
2026-05-18;SANB11;26.85
2026-05-18;SANB3;13.04
2026-05-18;SANB4;13.94
2026-05-18;TAEE11;38.55
2026-05-18;TAEE3;12.80
2026-05-18;TAEE4;13.01
2026-05-18;TOTS3;31.46
2026-05-18;TUPY3;13.27
2026-05-18;VALE3;81.83
2026-05-18;VIVA3;22.80
2026-05-18;WEGE3;42.34
2026-05-18;XPLG11;98.71
2026-05-19;AXIA3;53.82
2026-05-19;AXIA7;51.84
2026-05-19;B3SA3;15.89
2026-05-19;BBAS3;20.23
2026-05-19;BBDC3;15.13
2026-05-19;BBDC4;17.39
2026-05-19;BTLG11;102.70
2026-05-19;CMIN3;4.08
2026-05-19;CPLE3;14.70
2026-05-19;EGIE3;31.77
2026-05-19;FLRY3;15.32
2026-05-19;FRAS3;21.23
2026-05-19;GGBR3;19.85
2026-05-19;GGBR4;23.02
2026-05-19;GMAT3;4.13
2026-05-19;HAPV3;12.71
2026-05-19;HGLG11;154.05
2026-05-19;ISAE3;34.00
2026-05-19;ISAE4;27.94
2026-05-19;ITUB3;39.40
2026-05-19;ITUB4;38.78
2026-05-19;KNRI11;157.75
2026-05-19;LWSA3;3.63
2026-05-19;MXRF11;9.82
2026-05-19;PETR3;51.67
2026-05-19;PETR4;46.09
2026-05-19;PRIO3;69.32
2026-05-19;RAIL3;14.61
2026-05-19;RDOR3;34.10
2026-05-19;SANB11;26.75
2026-05-19;SANB3;12.84
2026-05-19;SANB4;13.84
2026-05-19;TAEE11;38.05
2026-05-19;TAEE3;12.70
2026-05-19;TAEE4;12.86
2026-05-19;TOTS3;30.64
2026-05-19;TUPY3;13.03
2026-05-19;VALE3;81.02
2026-05-19;VIVA3;22.29
2026-05-19;WEGE3;41.82
2026-05-19;XPLG11;98.23
2026-05-20;AXIA3;55.00
2026-05-20;AXIA7;53.06
2026-05-20;B3SA3;16.79
2026-05-20;BBAS3;20.70
2026-05-20;BBDC3;15.49
2026-05-20;BBDC4;17.86
2026-05-20;BTLG11;102.97
2026-05-20;CMIN3;4.50
2026-05-20;CPLE3;15.12
2026-05-20;EGIE3;32.36
2026-05-20;FLRY3;15.80
2026-05-20;FRAS3;21.55
2026-05-20;GGBR3;20.08
2026-05-20;GGBR4;23.47
2026-05-20;GMAT3;4.42
2026-05-20;HAPV3;13.27
2026-05-20;HGLG11;154.80
2026-05-20;ISAE3;33.50
2026-05-20;ISAE4;28.64
2026-05-20;ITUB3;40.47
2026-05-20;ITUB4;39.67
2026-05-20;KNRI11;159.80
2026-05-20;LWSA3;3.75
2026-05-20;MXRF11;9.90
2026-05-20;PETR3;49.68
2026-05-20;PETR4;44.60
2026-05-20;PRIO3;68.63
2026-05-20;RAIL3;15.02
2026-05-20;RDOR3;34.99
2026-05-20;SANB11;27.45
2026-05-20;SANB3;13.29
2026-05-20;SANB4;14.28
2026-05-20;TAEE11;38.56
2026-05-20;TAEE3;12.78
2026-05-20;TAEE4;12.95
2026-05-20;TOTS3;32.10
2026-05-20;TUPY3;13.40
2026-05-20;VALE3;82.00
2026-05-20;VIVA3;22.66
2026-05-20;WEGE3;42.58
2026-05-20;XPLG11;98.01
2026-05-21;AXIA3;54.68
2026-05-21;AXIA7;52.71
2026-05-21;B3SA3;17.02
2026-05-21;BBAS3;20.82
2026-05-21;BBDC3;15.57
2026-05-21;BBDC4;17.90
2026-05-21;BTLG11;103.20
2026-05-21;CMIN3;4.43
2026-05-21;CPLE3;14.90
2026-05-21;EGIE3;32.34
2026-05-21;FLRY3;15.69
2026-05-21;FRAS3;21.77
2026-05-21;GGBR3;20.23
2026-05-21;GGBR4;23.50
2026-05-21;GMAT3;4.43
2026-05-21;HAPV3;12.34
2026-05-21;HGLG11;154.75
2026-05-21;ISAE3;34.17
2026-05-21;ISAE4;28.41
2026-05-21;ITUB3;40.73
2026-05-21;ITUB4;40.12
2026-05-21;KNRI11;159.92
2026-05-21;LWSA3;3.67
2026-05-21;MXRF11;9.91
2026-05-21;PETR3;50.30
2026-05-21;PETR4;44.95
2026-05-21;PRIO3;68.00
2026-05-21;RAIL3;14.67
2026-05-21;RDOR3;34.59
2026-05-21;SANB11;27.59
2026-05-21;SANB3;13.25
2026-05-21;SANB4;14.38
2026-05-21;TAEE11;38.42
2026-05-21;TAEE3;12.80
2026-05-21;TAEE4;12.90
2026-05-21;TOTS3;32.27
2026-05-21;TUPY3;13.16
2026-05-21;VALE3;82.63
2026-05-21;VIVA3;22.32
2026-05-21;WEGE3;42.47
2026-05-21;XPLG11;97.49
2026-05-22;AXIA3;54.00
2026-05-22;AXIA7;52.15
2026-05-22;B3SA3;16.66
2026-05-22;BBAS3;20.94
2026-05-22;BBDC3;15.42
2026-05-22;BBDC4;17.62
2026-05-22;BTLG11;103.50
2026-05-22;CMIN3;4.48
2026-05-22;CPLE3;14.73
2026-05-22;EGIE3;32.31
2026-05-22;FLRY3;15.69
2026-05-22;FRAS3;21.73
2026-05-22;GGBR3;20.39
2026-05-22;GGBR4;24.01
2026-05-22;GMAT3;4.39
2026-05-22;HAPV3;12.05
2026-05-22;HGLG11;155.30
2026-05-22;ISAE3;34.00
2026-05-22;ISAE4;28.20
2026-05-22;ITUB3;40.26
2026-05-22;ITUB4;39.43
2026-05-22;KNRI11;158.75
2026-05-22;LWSA3;3.66
2026-05-22;MXRF11;9.91
2026-05-22;PETR3;50.15
2026-05-22;PETR4;44.48
2026-05-22;PRIO3;68.40
2026-05-22;RAIL3;14.21
2026-05-22;RDOR3;34.07
2026-05-22;SANB11;27.10
2026-05-22;SANB3;13.05
2026-05-22;SANB4;14.07
2026-05-22;TAEE11;38.73
2026-05-22;TAEE3;12.82
2026-05-22;TAEE4;13.03
2026-05-22;TOTS3;31.49
2026-05-22;TUPY3;13.06
2026-05-22;VALE3;83.10
2026-05-22;VIVA3;22.19
2026-05-22;WEGE3;42.73
2026-05-22;XPLG11;97.47
2026-05-25;AXIA3;54.40
2026-05-25;AXIA7;52.70
2026-05-25;B3SA3;17.26
2026-05-25;BBAS3;21.65
2026-05-25;BBDC3;15.64
2026-05-25;BBDC4;18.07
2026-05-25;BTLG11;103.49
2026-05-25;CMIN3;4.49
2026-05-25;CPLE3;14.87
2026-05-25;EGIE3;32.58
2026-05-25;FLRY3;15.92
2026-05-25;FRAS3;22.50
2026-05-25;GGBR3;20.43
2026-05-25;GGBR4;24.18
2026-05-25;GMAT3;4.45
2026-05-25;HAPV3;12.40
2026-05-25;HGLG11;155.20
2026-05-25;ISAE3;33.65
2026-05-25;ISAE4;28.10
2026-05-25;ITUB3;40.90
2026-05-25;ITUB4;40.32
2026-05-25;KNRI11;160.31
2026-05-25;LWSA3;3.78
2026-05-25;MXRF11;9.97
2026-05-25;PETR3;48.69
2026-05-25;PETR4;43.40
2026-05-25;PRIO3;64.31
2026-05-25;RAIL3;14.36
2026-05-25;RDOR3;34.51
2026-05-25;SANB11;27.64
2026-05-25;SANB3;13.40
2026-05-25;SANB4;14.23
2026-05-25;TAEE11;39.51
2026-05-25;TAEE3;13.10
2026-05-25;TAEE4;13.23
2026-05-25;TOTS3;31.90
2026-05-25;TUPY3;13.22
2026-05-25;VALE3;83.59
2026-05-25;VIVA3;22.73
2026-05-25;WEGE3;43.31
2026-05-25;XPLG11;97.60
2026-05-26;AXIA3;53.51
2026-05-26;AXIA7;51.75
2026-05-26;B3SA3;16.94
2026-05-26;BBAS3;21.11
2026-05-26;BBDC3;15.58
2026-05-26;BBDC4;17.84
2026-05-26;BTLG11;102.59
2026-05-26;CMIN3;4.51
2026-05-26;CPLE3;14.78
2026-05-26;EGIE3;32.25
2026-05-26;FLRY3;16.05
2026-05-26;FRAS3;22.17
2026-05-26;GGBR3;20.05
2026-05-26;GGBR4;23.61
2026-05-26;GMAT3;4.28
2026-05-26;HAPV3;12.60
2026-05-26;HGLG11;154.70
2026-05-26;ISAE3;33.56
2026-05-26;ISAE4;27.78
2026-05-26;ITUB3;40.76
2026-05-26;ITUB4;40.06
2026-05-26;KNRI11;164.52
2026-05-26;LWSA3;3.59
2026-05-26;MXRF11;9.96
2026-05-26;PETR3;48.89
2026-05-26;PETR4;43.44
2026-05-26;PRIO3;64.75
2026-05-26;RAIL3;14.25
2026-05-26;RDOR3;35.00
2026-05-26;SANB11;27.32
2026-05-26;SANB3;13.23
2026-05-26;SANB4;14.09
2026-05-26;TAEE11;39.00
2026-05-26;TAEE3;12.99
2026-05-26;TAEE4;13.17
2026-05-26;TOTS3;31.48
2026-05-26;TUPY3;12.65
2026-05-26;VALE3;83.07
2026-05-26;VIVA3;22.27
2026-05-26;WEGE3;43.44
2026-05-26;XPLG11;97.30
2026-05-27;AXIA3;52.57
2026-05-27;AXIA7;51.00
2026-05-27;B3SA3;16.48
2026-05-27;BBAS3;21.07
2026-05-27;BBDC3;15.64
2026-05-27;BBDC4;18.00
2026-05-27;BTLG11;103.09
2026-05-27;CMIN3;4.63
2026-05-27;CPLE3;14.64
2026-05-27;EGIE3;32.63
2026-05-27;FLRY3;15.98
2026-05-27;FRAS3;22.06
2026-05-27;GGBR3;20.43
2026-05-27;GGBR4;23.74
2026-05-27;GMAT3;4.26
2026-05-27;HAPV3;12.40
2026-05-27;HGLG11;154.96
2026-05-27;ISAE3;33.57
2026-05-27;ISAE4;27.38
2026-05-27;ITUB3;40.80
2026-05-27;ITUB4;40.32
2026-05-27;KNRI11;162.03
2026-05-27;LWSA3;3.57
2026-05-27;MXRF11;9.91
2026-05-27;PETR3;48.10
2026-05-27;PETR4;42.82
2026-05-27;PRIO3;62.98
2026-05-27;RAIL3;14.05
2026-05-27;RDOR3;34.40
2026-05-27;SANB11;27.47
2026-05-27;SANB3;13.27
2026-05-27;SANB4;14.25
2026-05-27;TAEE11;39.37
2026-05-27;TAEE3;13.09
2026-05-27;TAEE4;13.27
2026-05-27;TOTS3;31.08
2026-05-27;TUPY3;12.90
2026-05-27;VALE3;83.45
2026-05-27;VIVA3;22.18
2026-05-27;WEGE3;43.45
2026-05-27;XPLG11;97.17
2026-05-28;AXIA3;52.70
2026-05-28;AXIA7;50.85
2026-05-28;B3SA3;16.50
2026-05-28;BBAS3;20.61
2026-05-28;BBDC3;15.59
2026-05-28;BBDC4;17.90
2026-05-28;BTLG11;102.98
2026-05-28;CMIN3;4.70
2026-05-28;CPLE3;14.45
2026-05-28;EGIE3;32.32
2026-05-28;FLRY3;15.74
2026-05-28;FRAS3;22.00
2026-05-28;GGBR3;20.19
2026-05-28;GGBR4;23.50
2026-05-28;GMAT3;4.14
2026-05-28;HAPV3;12.48
2026-05-28;HGLG11;155.03
2026-05-28;ISAE3;34.20
2026-05-28;ISAE4;27.09
2026-05-28;ITUB3;40.28
2026-05-28;ITUB4;40.00
2026-05-28;KNRI11;162.33
2026-05-28;LWSA3;3.65
2026-05-28;MXRF11;9.95
2026-05-28;PETR3;47.54
2026-05-28;PETR4;42.51
2026-05-28;PRIO3;62.97
2026-05-28;RAIL3;13.85
2026-05-28;RDOR3;34.47
2026-05-28;SANB11;27.22
2026-05-28;SANB3;13.20
2026-05-28;SANB4;14.13
2026-05-28;TAEE11;39.22
2026-05-28;TAEE3;13.00
2026-05-28;TAEE4;13.18
2026-05-28;TOTS3;31.75
2026-05-28;TUPY3;12.83
2026-05-28;VALE3;83.96
2026-05-28;VIVA3;22.15
2026-05-28;WEGE3;43.72
2026-05-28;XPLG11;96.80
2026-05-29;AXIA3;52.43
2026-05-29;AXIA7;50.35
2026-05-29;B3SA3;16.50
2026-05-29;BBAS3;20.30
2026-05-29;BBDC3;15.50
2026-05-29;BBDC4;17.70
2026-05-29;BTLG11;103.60
2026-05-29;CMIN3;4.66
2026-05-29;CPLE3;14.56
2026-05-29;EGIE3;33.10
2026-05-29;FLRY3;15.39
2026-05-29;FRAS3;21.80
2026-05-29;GGBR3;19.21
2026-05-29;GGBR4;22.77
2026-05-29;GMAT3;4.27
2026-05-29;HAPV3;12.15
2026-05-29;HGLG11;155.71
2026-05-29;ISAE3;33.90
2026-05-29;ISAE4;27.03
2026-05-29;ITUB3;40.06
2026-05-29;ITUB4;40.04
2026-05-29;KNRI11;162.53
2026-05-29;LWSA3;3.73
2026-05-29;MXRF11;9.98
2026-05-29;PETR3;46.73
2026-05-29;PETR4;42.00
2026-05-29;PRIO3;62.25
2026-05-29;RAIL3;13.72
2026-05-29;RDOR3;34.02
2026-05-29;SANB11;27.16
2026-05-29;SANB3;13.23
2026-05-29;SANB4;14.19
2026-05-29;TAEE11;39.16
2026-05-29;TAEE3;13.01
2026-05-29;TAEE4;13.21
2026-05-29;TOTS3;33.07
2026-05-29;TUPY3;12.80
2026-05-29;VALE3;82.82
2026-05-29;VIVA3;21.84
2026-05-29;WEGE3;44.10
2026-05-29;XPLG11;97.00
2026-06-01;AXIA3;51.15
2026-06-01;AXIA7;49.40
2026-06-01;B3SA3;16.25
2026-06-01;BBAS3;20.08
2026-06-01;BBDC3;15.29
2026-06-01;BBDC4;17.50
2026-06-01;BTLG11;103.92
2026-06-01;CMIN3;4.54
2026-06-01;CPLE3;14.41
2026-06-01;EGIE3;32.80
2026-06-01;FLRY3;15.31
2026-06-01;FRAS3;21.60
2026-06-01;GGBR3;19.91
2026-06-01;GGBR4;23.14
2026-06-01;GMAT3;4.14
2026-06-01;HAPV3;12.20
2026-06-01;HGLG11;154.65
2026-06-01;ISAE3;33.60
2026-06-01;ISAE4;26.86
2026-06-01;ITUB3;40.06
2026-06-01;ITUB4;39.36
2026-06-01;KNRI11;158.01
2026-06-01;LWSA3;3.85
2026-06-01;MXRF11;9.85
2026-06-01;PETR3;47.34
2026-06-01;PETR4;42.37
2026-06-01;PRIO3;62.82
2026-06-01;RAIL3;13.92
2026-06-01;RDOR3;33.87
2026-06-01;SANB11;27.21
2026-06-01;SANB3;13.16
2026-06-01;SANB4;14.00
2026-06-01;TAEE11;38.90
2026-06-01;TAEE3;13.03
2026-06-01;TAEE4;13.08
2026-06-01;TOTS3;34.50
2026-06-01;TUPY3;12.79
2026-06-01;VALE3;81.70
2026-06-01;VIVA3;21.55
2026-06-01;WEGE3;43.00
2026-06-01;XPLG11;95.90
2026-06-02;AXIA3;52.36
2026-06-02;AXIA7;50.60
2026-06-02;B3SA3;16.28
2026-06-02;BBAS3;19.89
2026-06-02;BBDC3;15.43
2026-06-02;BBDC4;17.75
2026-06-02;BTLG11;102.95
2026-06-02;CMIN3;4.78
2026-06-02;CPLE3;14.65
2026-06-02;EGIE3;33.94
2026-06-02;FLRY3;15.33
2026-06-02;FRAS3;21.81
2026-06-02;GGBR3;20.95
2026-06-02;GGBR4;24.65
2026-06-02;GMAT3;4.21
2026-06-02;HAPV3;12.23
2026-06-02;HGLG11;154.12
2026-06-02;ISAE3;33.80
2026-06-02;ISAE4;27.50
2026-06-02;ITUB3;40.14
2026-06-02;ITUB4;39.56
2026-06-02;KNRI11;157.03
2026-06-02;LWSA3;3.75
2026-06-02;MXRF11;9.84
2026-06-02;PETR3;46.47
2026-06-02;PETR4;41.57
2026-06-02;PRIO3;61.98
2026-06-02;RAIL3;14.19
2026-06-02;RDOR3;34.25
2026-06-02;SANB11;27.36
2026-06-02;SANB3;13.18
2026-06-02;SANB4;14.15
2026-06-02;TAEE11;39.25
2026-06-02;TAEE3;13.10
2026-06-02;TAEE4;13.21
2026-06-02;TOTS3;34.41
2026-06-02;TUPY3;12.99
2026-06-02;VALE3;85.00
2026-06-02;VIVA3;21.40
2026-06-02;WEGE3;42.00
2026-06-02;XPLG11;94.80
2026-06-03;AXIA3;50.75
2026-06-03;AXIA7;49.29
2026-06-03;B3SA3;15.52
2026-06-03;BBAS3;19.53
2026-06-03;BBDC3;15.11
2026-06-03;BBDC4;17.37
2026-06-03;BTLG11;102.97
2026-06-03;CMIN3;4.50
2026-06-03;CPLE3;14.41
2026-06-03;EGIE3;34.09
2026-06-03;FLRY3;14.70
2026-06-03;FRAS3;21.75
2026-06-03;GGBR3;20.64
2026-06-03;GGBR4;24.13
2026-06-03;GMAT3;4.20
2026-06-03;HAPV3;11.22
2026-06-03;HGLG11;153.97
2026-06-03;ISAE3;33.57
2026-06-03;ISAE4;27.18
2026-06-03;ITUB3;39.90
2026-06-03;ITUB4;38.72
2026-06-03;KNRI11;155.06
2026-06-03;LWSA3;3.62
2026-06-03;MXRF11;9.80
2026-06-03;PETR3;45.95
2026-06-03;PETR4;41.25
2026-06-03;PRIO3;62.59
2026-06-03;RAIL3;13.89
2026-06-03;RDOR3;33.11
2026-06-03;SANB11;26.72
2026-06-03;SANB3;12.97
2026-06-03;SANB4;13.88
2026-06-03;TAEE11;38.79
2026-06-03;TAEE3;12.98
2026-06-03;TAEE4;13.12
2026-06-03;TOTS3;33.62
2026-06-03;TUPY3;12.34
2026-06-03;VALE3;81.79
2026-06-03;VIVA3;20.50
2026-06-03;WEGE3;41.78
2026-06-03;XPLG11;93.87
2026-06-05;AXIA3;50.76
2026-06-05;AXIA7;49.04
2026-06-05;B3SA3;15.41
2026-06-05;BBAS3;19.17
2026-06-05;BBDC3;15.13
2026-06-05;BBDC4;17.47
2026-06-05;BTLG11;103.35
2026-06-05;CMIN3;4.37
2026-06-05;CPLE3;14.44
2026-06-05;EGIE3;33.73
2026-06-05;FLRY3;14.75
2026-06-05;FRAS3;21.70
2026-06-05;GGBR3;20.00
2026-06-05;GGBR4;23.48
2026-06-05;GMAT3;4.08
2026-06-05;HAPV3;10.94
2026-06-05;HGLG11;154.95
2026-06-05;ISAE3;33.77
2026-06-05;ISAE4;26.95
2026-06-05;ITUB3;40.46
2026-06-05;ITUB4;38.83
2026-06-05;KNRI11;156.60
2026-06-05;LWSA3;3.65
2026-06-05;MXRF11;9.80
2026-06-05;PETR3;45.71
2026-06-05;PETR4;40.89
2026-06-05;PRIO3;61.12
2026-06-05;RAIL3;13.94
2026-06-05;RDOR3;32.76
2026-06-05;SANB11;26.73
2026-06-05;SANB3;12.99
2026-06-05;SANB4;13.98
2026-06-05;TAEE11;38.60
2026-06-05;TAEE3;12.82
2026-06-05;TAEE4;12.98
2026-06-05;TOTS3;33.10
2026-06-05;TUPY3;12.58
2026-06-05;VALE3;78.70
2026-06-05;VIVA3;20.42
2026-06-05;WEGE3;42.46
2026-06-05;XPLG11;94.28
2026-06-08;AXIA3;50.52
2026-06-08;AXIA7;48.82
2026-06-08;B3SA3;15.22
2026-06-08;BBAS3;19.10
2026-06-08;BBDC3;14.97
2026-06-08;BBDC4;17.20
2026-06-08;BTLG11;102.68
2026-06-08;CMIN3;4.31
2026-06-08;CPLE3;14.40
2026-06-08;EGIE3;33.42
2026-06-08;FLRY3;14.61
2026-06-08;FRAS3;21.79
2026-06-08;GGBR3;20.29
2026-06-08;GGBR4;23.68
2026-06-08;GMAT3;4.06
2026-06-08;HAPV3;10.89
2026-06-08;HGLG11;153.20
2026-06-08;ISAE3;33.61
2026-06-08;ISAE4;26.79
2026-06-08;ITUB3;40.18
2026-06-08;ITUB4;38.52
2026-06-08;KNRI11;153.00
2026-06-08;LWSA3;3.67
2026-06-08;MXRF11;9.73
2026-06-08;PETR3;46.04
2026-06-08;PETR4;41.22
2026-06-08;PRIO3;62.54
2026-06-08;RAIL3;13.52
2026-06-08;RDOR3;32.72
2026-06-08;SANB11;26.78
2026-06-08;SANB3;13.03
2026-06-08;SANB4;13.91
2026-06-08;TAEE11;38.82
2026-06-08;TAEE3;12.87
2026-06-08;TAEE4;13.03
2026-06-08;TOTS3;32.36
2026-06-08;TUPY3;13.10
2026-06-08;VALE3;78.07
2026-06-08;VIVA3;20.50
2026-06-08;WEGE3;44.00
2026-06-08;XPLG11;93.55
2026-06-09;AXIA3;50.46
2026-06-09;AXIA7;48.73
2026-06-09;B3SA3;15.39
2026-06-09;BBAS3;19.11
2026-06-09;BBDC3;15.14
2026-06-09;BBDC4;17.43
2026-06-09;BTLG11;102.18
2026-06-09;CMIN3;4.35
2026-06-09;CPLE3;14.58
2026-06-09;EGIE3;33.83
2026-06-09;FLRY3;15.21
2026-06-09;FRAS3;22.60
2026-06-09;GGBR3;20.06
2026-06-09;GGBR4;23.47
2026-06-09;GMAT3;4.02
2026-06-09;HAPV3;11.38
2026-06-09;HGLG11;151.83
2026-06-09;ISAE3;33.50
2026-06-09;ISAE4;27.36
2026-06-09;ITUB3;41.27
2026-06-09;ITUB4;39.22
2026-06-09;KNRI11;153.00
2026-06-09;LWSA3;3.83
2026-06-09;MXRF11;9.70
2026-06-09;PETR3;46.12
2026-06-09;PETR4;41.17
2026-06-09;PRIO3;61.80
2026-06-09;RAIL3;13.49
2026-06-09;RDOR3;33.34
2026-06-09;SANB11;27.17
2026-06-09;SANB3;13.06
2026-06-09;SANB4;14.21
2026-06-09;TAEE11;39.24
2026-06-09;TAEE3;12.94
2026-06-09;TAEE4;13.05
2026-06-09;TOTS3;30.79
2026-06-09;TUPY3;13.55
2026-06-09;VALE3;78.50
2026-06-09;VIVA3;21.00
2026-06-09;WEGE3;43.33
2026-06-09;XPLG11;93.55
2026-06-10;AXIA3;50.53
2026-06-10;AXIA7;48.85
2026-06-10;B3SA3;15.12
2026-06-10;BBAS3;19.00
2026-06-10;BBDC3;15.06
2026-06-10;BBDC4;17.26
2026-06-10;BTLG11;102.03
2026-06-10;CMIN3;4.32
2026-06-10;CPLE3;14.28
2026-06-10;EGIE3;33.24
2026-06-10;FLRY3;14.82
2026-06-10;FRAS3;22.39
2026-06-10;GGBR3;19.99
2026-06-10;GGBR4;23.43
2026-06-10;GMAT3;3.91
2026-06-10;HAPV3;11.41
2026-06-10;HGLG11;150.60
2026-06-10;ISAE3;32.90
2026-06-10;ISAE4;26.87
2026-06-10;ITUB3;41.96
2026-06-10;ITUB4;39.36
2026-06-10;KNRI11;150.69
2026-06-10;LWSA3;3.72
2026-06-10;MXRF11;9.64
2026-06-10;PETR3;46.81
2026-06-10;PETR4;41.65
2026-06-10;PRIO3;62.88
2026-06-10;RAIL3;13.30
2026-06-10;RDOR3;32.50
2026-06-10;SANB11;27.00
2026-06-10;SANB3;13.12
2026-06-10;SANB4;14.01
2026-06-10;TAEE11;38.99
2026-06-10;TAEE3;12.98
2026-06-10;TAEE4;13.01
2026-06-10;TOTS3;28.63
2026-06-10;TUPY3;13.00
2026-06-10;VALE3;77.70
2026-06-10;VIVA3;20.73
2026-06-10;WEGE3;42.39
2026-06-10;XPLG11;91.40
2026-06-11;AXIA3;52.27
2026-06-11;AXIA7;50.87
2026-06-11;B3SA3;15.44
2026-06-11;BBAS3;19.41
2026-06-11;BBDC3;15.42
2026-06-11;BBDC4;17.68
2026-06-11;BTLG11;102.79
2026-06-11;CMIN3;4.34
2026-06-11;CPLE3;14.50
2026-06-11;EGIE3;34.54
2026-06-11;FLRY3;15.16
2026-06-11;FRAS3;22.84
2026-06-11;GGBR3;20.33
2026-06-11;GGBR4;23.82
2026-06-11;GMAT3;4.12
2026-06-11;HAPV3;11.59
2026-06-11;HGLG11;150.52
2026-06-11;ISAE3;33.30
2026-06-11;ISAE4;27.41
2026-06-11;ITUB3;42.57
2026-06-11;ITUB4;40.50
2026-06-11;KNRI11;153.80
2026-06-11;LWSA3;3.79
2026-06-11;MXRF11;9.71
2026-06-11;PETR3;46.80
2026-06-11;PETR4;41.76
2026-06-11;PRIO3;62.05
2026-06-11;RAIL3;13.49
2026-06-11;RDOR3;34.04
2026-06-11;SANB11;27.17
2026-06-11;SANB3;13.09
2026-06-11;SANB4;14.09
2026-06-11;TAEE11;39.70
2026-06-11;TAEE3;13.15
2026-06-11;TAEE4;13.22
2026-06-11;TOTS3;30.04
2026-06-11;TUPY3;13.24
2026-06-11;VALE3;78.80
2026-06-11;VIVA3;21.21
2026-06-11;WEGE3;42.35
2026-06-11;XPLG11;92.06
2026-06-12;AXIA3;52.00
2026-06-12;AXIA7;50.36
2026-06-12;B3SA3;15.23
2026-06-12;BBAS3;19.46
2026-06-12;BBDC3;15.50
2026-06-12;BBDC4;17.80
2026-06-12;BTLG11;102.95
2026-06-12;CMIN3;4.30
2026-06-12;CPLE3;14.61
2026-06-12;EGIE3;35.21
2026-06-12;FLRY3;15.18
2026-06-12;FRAS3;22.80
2026-06-12;GGBR3;20.67
2026-06-12;GGBR4;23.88
2026-06-12;GMAT3;3.96
2026-06-12;HAPV3;11.40
2026-06-12;HGLG11;151.40
2026-06-12;ISAE3;31.41
2026-06-12;ISAE4;27.33
2026-06-12;ITUB3;41.88
2026-06-12;ITUB4;40.60
2026-06-12;KNRI11;153.35
2026-06-12;LWSA3;3.80
2026-06-12;MXRF11;9.66
2026-06-12;PETR3;46.19
2026-06-12;PETR4;41.18
2026-06-12;PRIO3;61.34
2026-06-12;RAIL3;13.36
2026-06-12;RDOR3;34.08
2026-06-12;SANB11;27.13
2026-06-12;SANB3;13.19
2026-06-12;SANB4;14.18
2026-06-12;TAEE11;39.69
2026-06-12;TAEE3;13.12
2026-06-12;TAEE4;13.32
2026-06-12;TOTS3;29.80
2026-06-12;TUPY3;14.33
2026-06-12;VALE3;79.17
2026-06-12;VIVA3;21.33
2026-06-12;WEGE3;42.61
2026-06-12;XPLG11;92.20
2026-06-15;AXIA3;53.00
2026-06-15;AXIA7;51.63
2026-06-15;B3SA3;15.14
2026-06-15;BBAS3;19.39
2026-06-15;BBDC3;15.41
2026-06-15;BBDC4;17.65
2026-06-15;BTLG11;102.95
2026-06-15;CMIN3;4.39
2026-06-15;CPLE3;14.75
2026-06-15;EGIE3;35.32
2026-06-15;FLRY3;14.98
2026-06-15;FRAS3;22.25
2026-06-15;GGBR3;19.94
2026-06-15;GGBR4;23.36
2026-06-15;GMAT3;3.95
2026-06-15;HAPV3;11.42
2026-06-15;HGLG11;151.94
2026-06-15;ISAE3;30.63
2026-06-15;ISAE4;27.62
2026-06-15;ITUB3;41.65
2026-06-15;ITUB4;40.40
2026-06-15;KNRI11;157.08
2026-06-15;LWSA3;3.81
2026-06-15;MXRF11;9.71
2026-06-15;PETR3;43.74
2026-06-15;PETR4;39.06
2026-06-15;PRIO3;57.10
2026-06-15;RAIL3;13.27
2026-06-15;RDOR3;33.80
2026-06-15;SANB11;27.09
2026-06-15;SANB3;13.06
2026-06-15;SANB4;13.96
2026-06-15;TAEE11;39.51
2026-06-15;TAEE3;13.48
2026-06-15;TAEE4;13.24
2026-06-15;TOTS3;29.44
2026-06-15;TUPY3;13.84
2026-06-15;VALE3;81.16
2026-06-15;VIVA3;21.59
2026-06-15;WEGE3;42.78
2026-06-15;XPLG11;92.95
2026-06-16;AXIA3;53.16
2026-06-16;AXIA7;51.68
2026-06-16;B3SA3;15.04
2026-06-16;BBAS3;19.40
2026-06-16;BBDC3;15.30
2026-06-16;BBDC4;17.66
2026-06-16;BTLG11;102.54
2026-06-16;CMIN3;4.35
2026-06-16;CPLE3;14.50
2026-06-16;EGIE3;34.33
2026-06-16;FLRY3;14.80
2026-06-16;FRAS3;22.15
2026-06-16;GGBR3;19.80
2026-06-16;GGBR4;23.29
2026-06-16;GMAT3;3.91
2026-06-16;HAPV3;11.21
2026-06-16;HGLG11;151.94
2026-06-16;ISAE3;30.63
2026-06-16;ISAE4;27.70
2026-06-16;ITUB3;41.94
2026-06-16;ITUB4;40.45
2026-06-16;KNRI11;156.21
2026-06-16;LWSA3;3.79
2026-06-16;MXRF11;9.71
2026-06-16;PETR3;43.32
2026-06-16;PETR4;38.54
2026-06-16;PRIO3;56.85
2026-06-16;RAIL3;13.03
2026-06-16;RDOR3;34.08
2026-06-16;SANB11;27.09
2026-06-16;SANB3;13.11
2026-06-16;SANB4;13.99
2026-06-16;TAEE11;39.40
2026-06-16;TAEE3;13.32
2026-06-16;TAEE4;13.27
2026-06-16;TOTS3;28.62
2026-06-16;TUPY3;13.50
2026-06-16;VALE3;81.44
2026-06-16;VIVA3;21.00
2026-06-16;WEGE3;42.83
2026-06-16;XPLG11;92.60
2026-06-17;AXIA3;52.39
2026-06-17;AXIA7;50.80
2026-06-17;B3SA3;14.61
2026-06-17;BBAS3;19.41
2026-06-17;BBDC3;15.31
2026-06-17;BBDC4;17.55
2026-06-17;BTLG11;102.57
2026-06-17;CMIN3;4.27
2026-06-17;CPLE3;14.30
2026-06-17;EGIE3;33.45
2026-06-17;FLRY3;14.69
2026-06-17;FRAS3;21.52
2026-06-17;GGBR3;19.50
2026-06-17;GGBR4;22.81
2026-06-17;GMAT3;3.84
2026-06-17;HAPV3;10.58
2026-06-17;HGLG11;151.51
2026-06-17;ISAE3;30.34
2026-06-17;ISAE4;27.11
2026-06-17;ITUB3;42.99
2026-06-17;ITUB4;40.80
2026-06-17;KNRI11;154.01
2026-06-17;LWSA3;3.67
2026-06-17;MXRF11;9.68
2026-06-17;PETR3;43.07
2026-06-17;PETR4;38.57
2026-06-17;PRIO3;56.74
2026-06-17;RAIL3;12.45
2026-06-17;RDOR3;33.12
2026-06-17;SANB11;27.08
2026-06-17;SANB3;13.09
2026-06-17;SANB4;14.04
2026-06-17;TAEE11;38.88
2026-06-17;TAEE3;12.89
2026-06-17;TAEE4;13.07
2026-06-17;TOTS3;27.93
2026-06-17;TUPY3;13.37
2026-06-17;VALE3;79.78
2026-06-17;VIVA3;20.72
2026-06-17;WEGE3;43.80
2026-06-17;XPLG11;91.78
2026-06-18;AXIA3;51.51
2026-06-18;AXIA7;50.12
2026-06-18;B3SA3;14.33
2026-06-18;BBAS3;19.53
2026-06-18;BBDC3;15.27
2026-06-18;BBDC4;17.47
2026-06-18;BTLG11;102.24
2026-06-18;CMIN3;4.21
2026-06-18;CPLE3;14.78
2026-06-18;EGIE3;33.88
2026-06-18;FLRY3;14.83
2026-06-18;FRAS3;21.35
2026-06-18;GGBR3;18.69
2026-06-18;GGBR4;21.65
2026-06-18;GMAT3;3.83
2026-06-18;HAPV3;10.58
2026-06-18;HGLG11;150.30
2026-06-18;ISAE3;31.71
2026-06-18;ISAE4;27.90
2026-06-18;ITUB3;42.53
2026-06-18;ITUB4;40.49
2026-06-18;KNRI11;151.65
2026-06-18;LWSA3;3.62
2026-06-18;MXRF11;9.69
2026-06-18;PETR3;43.13
2026-06-18;PETR4;38.85
2026-06-18;PRIO3;56.97
2026-06-18;RAIL3;12.33
2026-06-18;RDOR3;33.25
2026-06-18;SANB11;26.72
2026-06-18;SANB3;12.90
2026-06-18;SANB4;13.87
2026-06-18;TAEE11;39.45
2026-06-18;TAEE3;13.18
2026-06-18;TAEE4;13.30
2026-06-18;TOTS3;27.14
2026-06-18;TUPY3;13.73
2026-06-18;VALE3;79.94
2026-06-18;VIVA3;21.06
2026-06-18;WEGE3;45.81
2026-06-18;XPLG11;91.50
2026-06-19;AXIA3;51.81
2026-06-19;AXIA7;50.55
2026-06-19;B3SA3;14.41
2026-06-19;BBAS3;19.42
2026-06-19;BBDC3;15.16
2026-06-19;BBDC4;17.47
2026-06-19;BTLG11;102.74
2026-06-19;CMIN3;4.32
2026-06-19;CPLE3;14.56
2026-06-19;EGIE3;33.88
2026-06-19;FLRY3;14.93
2026-06-19;FRAS3;21.21
2026-06-19;GGBR3;18.40
2026-06-19;GGBR4;21.66
2026-06-19;GMAT3;3.90
2026-06-19;HAPV3;10.31
2026-06-19;HGLG11;150.50
2026-06-19;ISAE3;32.34
2026-06-19;ISAE4;27.65
2026-06-19;ITUB3;41.93
2026-06-19;ITUB4;39.87
2026-06-19;KNRI11;149.40
2026-06-19;LWSA3;3.75
2026-06-19;MXRF11;9.75
2026-06-19;PETR3;43.34
2026-06-19;PETR4;38.80
2026-06-19;PRIO3;57.20
2026-06-19;RAIL3;12.45
2026-06-19;RDOR3;33.60
2026-06-19;SANB11;26.88
2026-06-19;SANB3;12.80
2026-06-19;SANB4;13.80
2026-06-19;TAEE11;39.30
2026-06-19;TAEE3;12.92
2026-06-19;TAEE4;13.24
2026-06-19;TOTS3;27.10
2026-06-19;TUPY3;14.55
2026-06-19;VALE3;80.75
2026-06-19;VIVA3;20.85
2026-06-19;WEGE3;45.16
2026-06-19;XPLG11;89.05
2026-06-22;AXIA3;52.85
2026-06-22;AXIA7;51.40
2026-06-22;B3SA3;14.70
2026-06-22;BBAS3;19.58
2026-06-22;BBDC3;15.43
2026-06-22;BBDC4;17.68
2026-06-22;BTLG11;101.80
2026-06-22;CMIN3;4.30
2026-06-22;CPLE3;14.86
2026-06-22;EGIE3;34.22
2026-06-22;FLRY3;14.97
2026-06-22;FRAS3;20.31
2026-06-22;GGBR3;19.10
2026-06-22;GGBR4;21.90
2026-06-22;GMAT3;3.79
2026-06-22;HAPV3;10.61
2026-06-22;HGLG11;150.41
2026-06-22;ISAE3;32.31
2026-06-22;ISAE4;27.99
2026-06-22;ITUB3;42.95
2026-06-22;ITUB4;40.94
2026-06-22;KNRI11;149.31
2026-06-22;LWSA3;3.78
2026-06-22;MXRF11;9.67
2026-06-22;PETR3;43.64
2026-06-22;PETR4;39.17
2026-06-22;PRIO3;56.68
2026-06-22;RAIL3;12.47
2026-06-22;RDOR3;33.83
2026-06-22;SANB11;26.95
2026-06-22;SANB3;12.93
2026-06-22;SANB4;14.03
2026-06-22;TAEE11;39.92
2026-06-22;TAEE3;13.22
2026-06-22;TAEE4;13.60
2026-06-22;TOTS3;27.25
2026-06-22;TUPY3;14.45
2026-06-22;VALE3;80.91
2026-06-22;VIVA3;20.91
2026-06-22;WEGE3;45.25
2026-06-22;XPLG11;90.19
2026-06-23;AXIA3;54.22
2026-06-23;AXIA7;52.87
2026-06-23;B3SA3;14.72
2026-06-23;BBAS3;19.86
2026-06-23;BBDC3;15.54
2026-06-23;BBDC4;17.84
2026-06-23;BTLG11;101.85
2026-06-23;CMIN3;4.28
2026-06-23;CPLE3;14.99
2026-06-23;EGIE3;34.20
2026-06-23;FLRY3;15.07
2026-06-23;FRAS3;20.30
2026-06-23;GGBR3;18.47
2026-06-23;GGBR4;21.70
2026-06-23;GMAT3;3.84
2026-06-23;HAPV3;10.28
2026-06-23;HGLG11;150.10
2026-06-23;ISAE3;33.76
2026-06-23;ISAE4;27.85
2026-06-23;ITUB3;43.20
2026-06-23;ITUB4;41.05
2026-06-23;KNRI11;149.60
2026-06-23;LWSA3;3.76
2026-06-23;MXRF11;9.68
2026-06-23;PETR3;43.98
2026-06-23;PETR4;39.33
2026-06-23;PRIO3;56.10
2026-06-23;RAIL3;12.90
2026-06-23;RDOR3;34.34
2026-06-23;SANB11;26.75
2026-06-23;SANB3;12.86
2026-06-23;SANB4;13.91
2026-06-23;TAEE11;39.79
2026-06-23;TAEE3;13.26
2026-06-23;TAEE4;13.41
2026-06-23;TOTS3;27.55
2026-06-23;TUPY3;14.42
2026-06-23;VALE3;79.38
2026-06-23;VIVA3;21.88
2026-06-23;WEGE3;45.71
2026-06-23;XPLG11;90.15
2026-06-24;AXIA3;54.18
2026-06-24;AXIA7;52.99
2026-06-24;B3SA3;14.97
2026-06-24;BBAS3;19.73
2026-06-24;BBDC3;15.38
2026-06-24;BBDC4;17.65
2026-06-24;BTLG11;101.40
2026-06-24;CMIN3;4.27
2026-06-24;CPLE3;15.02
2026-06-24;EGIE3;33.60
2026-06-24;FLRY3;15.16
2026-06-24;FRAS3;20.52
2026-06-24;GGBR3;18.41
2026-06-24;GGBR4;21.38
2026-06-24;GMAT3;3.82
2026-06-24;HAPV3;10.17
2026-06-24;HGLG11;149.80
2026-06-24;ISAE3;33.50
2026-06-24;ISAE4;27.83
2026-06-24;ITUB3;43.30
2026-06-24;ITUB4;40.97
2026-06-24;KNRI11;149.11
2026-06-24;LWSA3;3.85
2026-06-24;MXRF11;9.68
2026-06-24;PETR3;42.80
2026-06-24;PETR4;38.29
2026-06-24;PRIO3;54.10
2026-06-24;RAIL3;12.98
2026-06-24;RDOR3;34.10
2026-06-24;SANB11;26.38
2026-06-24;SANB3;12.70
2026-06-24;SANB4;13.79
2026-06-24;TAEE11;39.72
2026-06-24;TAEE3;13.10
2026-06-24;TAEE4;13.27
2026-06-24;TOTS3;27.41
2026-06-24;TUPY3;14.26
2026-06-24;VALE3;77.73
2026-06-24;VIVA3;22.65
2026-06-24;WEGE3;46.61
2026-06-24;XPLG11;90.22
2026-06-25;AXIA3;55.06
2026-06-25;AXIA7;53.86
2026-06-25;B3SA3;14.61
2026-06-25;BBAS3;20.05
2026-06-25;BBDC3;15.36
2026-06-25;BBDC4;17.62
2026-06-25;BTLG11;102.33
2026-06-25;CMIN3;4.24
2026-06-25;CPLE3;15.07
2026-06-25;EGIE3;33.71
2026-06-25;FLRY3;15.45
2026-06-25;FRAS3;21.10
2026-06-25;GGBR3;18.61
2026-06-25;GGBR4;21.44
2026-06-25;GMAT3;3.83
2026-06-25;HAPV3;10.12
2026-06-25;HGLG11;150.40
2026-06-25;ISAE3;32.57
2026-06-25;ISAE4;28.05
2026-06-25;ITUB3;44.08
2026-06-25;ITUB4;41.70
2026-06-25;KNRI11;149.45
2026-06-25;LWSA3;3.94
2026-06-25;MXRF11;9.63
2026-06-25;PETR3;42.75
2026-06-25;PETR4;38.45
2026-06-25;PRIO3;53.94
2026-06-25;RAIL3;13.45
2026-06-25;RDOR3;34.55
2026-06-25;SANB11;26.20
2026-06-25;SANB3;12.56
2026-06-25;SANB4;13.73
2026-06-25;TAEE11;39.88
2026-06-25;TAEE3;13.27
2026-06-25;TAEE4;13.35
2026-06-25;TOTS3;27.16
2026-06-25;TUPY3;14.91
2026-06-25;VALE3;78.66
2026-06-25;VIVA3;23.08
2026-06-25;WEGE3;46.50
2026-06-25;XPLG11;90.69
2026-06-26;AXIA3;55.62
2026-06-26;AXIA7;54.42
2026-06-26;B3SA3;14.92
2026-06-26;BBAS3;20.34
2026-06-26;BBDC3;15.64
2026-06-26;BBDC4;17.92
2026-06-26;BTLG11;102.24
2026-06-26;CMIN3;4.25
2026-06-26;CPLE3;15.26
2026-06-26;EGIE3;34.16
2026-06-26;FLRY3;15.61
2026-06-26;FRAS3;21.21
2026-06-26;GGBR3;18.46
2026-06-26;GGBR4;21.42
2026-06-26;GMAT3;3.87
2026-06-26;HAPV3;10.24
2026-06-26;HGLG11;150.30
2026-06-26;ISAE3;33.84
2026-06-26;ISAE4;28.20
2026-06-26;ITUB3;44.38
2026-06-26;ITUB4;42.24
2026-06-26;KNRI11;149.50
2026-06-26;LWSA3;4.15
2026-06-26;MXRF11;9.74
2026-06-26;PETR3;42.25
2026-06-26;PETR4;38.06
2026-06-26;PRIO3;53.29
2026-06-26;RAIL3;13.69
2026-06-26;RDOR3;34.71
2026-06-26;SANB11;26.35
2026-06-26;SANB3;12.63
2026-06-26;SANB4;13.83
2026-06-26;TAEE11;39.72
2026-06-26;TAEE3;13.18
2026-06-26;TAEE4;13.33
2026-06-26;TOTS3;28.69
2026-06-26;TUPY3;15.55
2026-06-26;VALE3;78.15
2026-06-26;VIVA3;23.54
2026-06-26;WEGE3;46.90
2026-06-26;XPLG11;91.94
2026-06-29;AXIA3;55.11
2026-06-29;AXIA7;54.06
2026-06-29;B3SA3;14.71
2026-06-29;BBAS3;20.26
2026-06-29;BBDC3;15.81
2026-06-29;BBDC4;18.17
2026-06-29;BTLG11;102.50
2026-06-29;CMIN3;4.16
2026-06-29;CPLE3;15.21
2026-06-29;EGIE3;34.18
2026-06-29;FLRY3;15.58
2026-06-29;FRAS3;21.30
2026-06-29;GGBR3;18.30
2026-06-29;GGBR4;21.29
2026-06-29;GMAT3;3.83
2026-06-29;HAPV3;10.35
2026-06-29;HGLG11;151.55
2026-06-29;ISAE3;33.30
2026-06-29;ISAE4;28.25
2026-06-29;ITUB3;44.37
2026-06-29;ITUB4;42.41
2026-06-29;KNRI11;152.72
2026-06-29;LWSA3;4.11
2026-06-29;MXRF11;9.72
2026-06-29;PETR3;42.31
2026-06-29;PETR4;38.14
2026-06-29;PRIO3;53.15
2026-06-29;RAIL3;13.61
2026-06-29;RDOR3;34.68
2026-06-29;SANB11;26.82
2026-06-29;SANB3;12.84
2026-06-29;SANB4;13.92
2026-06-29;TAEE11;40.12
2026-06-29;TAEE3;13.24
2026-06-29;TAEE4;13.46
2026-06-29;TOTS3;28.50
2026-06-29;TUPY3;15.17
2026-06-29;VALE3;78.13
2026-06-29;VIVA3;23.00
2026-06-29;WEGE3;46.79
2026-06-29;XPLG11;92.00
2026-06-30;AXIA3;54.38
2026-06-30;AXIA7;53.01
2026-06-30;B3SA3;14.53
2026-06-30;BBAS3;19.91
2026-06-30;BBDC3;15.77
2026-06-30;BBDC4;18.10
2026-06-30;BTLG11;102.33
2026-06-30;CMIN3;4.18
2026-06-30;CPLE3;15.02
2026-06-30;EGIE3;34.83
2026-06-30;FLRY3;15.40
2026-06-30;FRAS3;20.65
2026-06-30;GGBR3;17.84
2026-06-30;GGBR4;20.78
2026-06-30;GMAT3;3.67
2026-06-30;HAPV3;10.21
2026-06-30;HGLG11;151.00
2026-06-30;ISAE3;33.30
2026-06-30;ISAE4;28.11
2026-06-30;ITUB3;44.27
2026-06-30;ITUB4;42.18
2026-06-30;KNRI11;153.81
2026-06-30;LWSA3;3.97
2026-06-30;MXRF11;9.81
2026-06-30;PETR3;41.78
2026-06-30;PETR4;37.80
2026-06-30;PRIO3;52.15
2026-06-30;RAIL3;13.43
2026-06-30;RDOR3;34.71
2026-06-30;SANB11;26.80
2026-06-30;SANB3;12.84
2026-06-30;SANB4;13.93
2026-06-30;TAEE11;39.78
2026-06-30;TAEE3;13.18
2026-06-30;TAEE4;13.40
2026-06-30;TOTS3;28.70
2026-06-30;TUPY3;14.79
2026-06-30;VALE3;77.88
2026-06-30;VIVA3;22.88
2026-06-30;WEGE3;46.91
2026-06-30;XPLG11;93.79
2026-07-01;AXIA3;53.97
2026-07-01;AXIA7;52.80
2026-07-01;B3SA3;14.40
2026-07-01;BBAS3;19.73
2026-07-01;BBDC3;15.74
2026-07-01;BBDC4;18.12
2026-07-01;BTLG11;102.33
2026-07-01;CMIN3;4.14
2026-07-01;CPLE3;15.00
2026-07-01;EGIE3;32.69
2026-07-01;FLRY3;15.48
2026-07-01;FRAS3;20.45
2026-07-01;GGBR3;18.12
2026-07-01;GGBR4;20.89
2026-07-01;GMAT3;3.57
2026-07-01;HAPV3;10.55
2026-07-01;HGLG11;148.90
2026-07-01;ISAE3;33.03
2026-07-01;ISAE4;28.42
2026-07-01;ITUB3;44.54
2026-07-01;ITUB4;42.44
2026-07-01;KNRI11;154.95
2026-07-01;LWSA3;4.12
2026-07-01;MXRF11;9.69
2026-07-01;PETR3;41.57
2026-07-01;PETR4;37.83
2026-07-01;PRIO3;52.40
2026-07-01;RAIL3;13.17
2026-07-01;RDOR3;35.02
2026-07-01;SANB11;26.66
2026-07-01;SANB3;12.90
2026-07-01;SANB4;13.81
2026-07-01;TAEE11;39.85
2026-07-01;TAEE3;13.10
2026-07-01;TAEE4;13.38
2026-07-01;TOTS3;28.98
2026-07-01;TUPY3;14.80
2026-07-01;VALE3;77.97
2026-07-01;VIVA3;22.52
2026-07-01;WEGE3;46.26
2026-07-01;XPLG11;92.44
2026-07-02;AXIA3;54.25
2026-07-02;AXIA7;53.10
2026-07-02;B3SA3;14.61
2026-07-02;BBAS3;20.00
2026-07-02;BBDC3;15.85
2026-07-02;BBDC4;18.16
2026-07-02;BTLG11;102.55
2026-07-02;CMIN3;4.25
2026-07-02;CPLE3;15.07
2026-07-02;EGIE3;32.36
2026-07-02;FLRY3;15.78
2026-07-02;FRAS3;20.45
2026-07-02;GGBR3;18.13
2026-07-02;GGBR4;21.15
2026-07-02;GMAT3;3.61
2026-07-02;HAPV3;10.41
2026-07-02;HGLG11;149.56
2026-07-02;ISAE3;32.00
2026-07-02;ISAE4;28.89
2026-07-02;ITUB3;44.54
2026-07-02;ITUB4;42.47
2026-07-02;KNRI11;156.31
2026-07-02;LWSA3;4.15
2026-07-02;MXRF11;9.68
2026-07-02;PETR3;42.10
2026-07-02;PETR4;37.96
2026-07-02;PRIO3;52.57
2026-07-02;RAIL3;13.45
2026-07-02;RDOR3;35.53
2026-07-02;SANB11;26.77
2026-07-02;SANB3;12.95
2026-07-02;SANB4;13.99
2026-07-02;TAEE11;40.89
2026-07-02;TAEE3;13.40
2026-07-02;TAEE4;13.55
2026-07-02;TOTS3;29.54
2026-07-02;TUPY3;14.88
2026-07-02;VALE3;78.24
2026-07-02;VIVA3;22.75
2026-07-02;WEGE3;46.26
2026-07-02;XPLG11;92.43
2026-07-03;AXIA3;53.97
2026-07-03;AXIA7;52.81
2026-07-03;B3SA3;14.76
2026-07-03;BBAS3;19.98
2026-07-03;BBDC3;15.88
2026-07-03;BBDC4;18.26
2026-07-03;BTLG11;102.59
2026-07-03;CMIN3;4.31
2026-07-03;CPLE3;15.06
2026-07-03;EGIE3;32.14
2026-07-03;FLRY3;15.72
2026-07-03;FRAS3;20.40
2026-07-03;GGBR3;18.30
2026-07-03;GGBR4;21.44
2026-07-03;GMAT3;3.75
2026-07-03;HAPV3;10.63
2026-07-03;HGLG11;150.30
2026-07-03;ISAE3;32.44
2026-07-03;ISAE4;27.65
2026-07-03;ITUB3;44.50
2026-07-03;ITUB4;42.74
2026-07-03;KNRI11;156.92
2026-07-03;LWSA3;4.16
2026-07-03;MXRF11;9.76
2026-07-03;PETR3;42.39
2026-07-03;PETR4;38.25
2026-07-03;PRIO3;52.96
2026-07-03;RAIL3;13.63
2026-07-03;RDOR3;35.75
2026-07-03;SANB11;26.95
2026-07-03;SANB3;12.92
2026-07-03;SANB4;14.06
2026-07-03;TAEE11;41.07
2026-07-03;TAEE3;13.53
2026-07-03;TAEE4;13.83
2026-07-03;TOTS3;30.00
2026-07-03;TUPY3;14.77
2026-07-03;VALE3;78.84
2026-07-03;VIVA3;22.77
2026-07-03;WEGE3;46.48
2026-07-03;XPLG11;92.32
2026-07-06;AXIA3;53.54
2026-07-06;AXIA7;52.34
2026-07-06;B3SA3;14.58
2026-07-06;BBAS3;19.77
2026-07-06;BBDC3;15.55
2026-07-06;BBDC4;17.92
2026-07-06;BTLG11;102.48
2026-07-06;CMIN3;4.33
2026-07-06;CPLE3;14.93
2026-07-06;EGIE3;32.14
2026-07-06;FLRY3;15.65
2026-07-06;FRAS3;19.91
2026-07-06;GGBR3;18.62
2026-07-06;GGBR4;21.84
2026-07-06;GMAT3;3.66
2026-07-06;HAPV3;10.38
2026-07-06;HGLG11;149.00
2026-07-06;ISAE3;32.44
2026-07-06;ISAE4;27.58
2026-07-06;ITUB3;44.51
2026-07-06;ITUB4;42.56
2026-07-06;KNRI11;155.29
2026-07-06;LWSA3;4.04
2026-07-06;MXRF11;9.70
2026-07-06;PETR3;41.85
2026-07-06;PETR4;37.77
2026-07-06;PRIO3;53.57
2026-07-06;RAIL3;13.50
2026-07-06;RDOR3;35.00
2026-07-06;SANB11;26.71
2026-07-06;SANB3;12.90
2026-07-06;SANB4;14.07
2026-07-06;TAEE11;40.27
2026-07-06;TAEE3;13.37
2026-07-06;TAEE4;13.67
2026-07-06;TOTS3;28.51
2026-07-06;TUPY3;14.44
2026-07-06;VALE3;77.79
2026-07-06;VIVA3;22.53
2026-07-06;WEGE3;46.26
2026-07-06;XPLG11;92.32
2026-07-07;AXIA3;53.39
2026-07-07;AXIA7;52.06
2026-07-07;B3SA3;14.53
2026-07-07;BBAS3;19.73
2026-07-07;BBDC3;15.56
2026-07-07;BBDC4;17.82
2026-07-07;BTLG11;102.50
2026-07-07;CMIN3;4.55
2026-07-07;CPLE3;14.91
2026-07-07;EGIE3;32.75
2026-07-07;FLRY3;15.57
2026-07-07;FRAS3;19.49
2026-07-07;GGBR3;18.90
2026-07-07;GGBR4;21.85
2026-07-07;GMAT3;3.58
2026-07-07;HAPV3;10.19
2026-07-07;HGLG11;148.91
2026-07-07;ISAE3;32.31
2026-07-07;ISAE4;28.26
2026-07-07;ITUB3;44.75
2026-07-07;ITUB4;42.43
2026-07-07;KNRI11;155.55
2026-07-07;LWSA3;3.92
2026-07-07;MXRF11;9.70
2026-07-07;PETR3;42.96
2026-07-07;PETR4;38.44
2026-07-07;PRIO3;56.23
2026-07-07;RAIL3;13.50
2026-07-07;RDOR3;34.83
2026-07-07;SANB11;26.01
2026-07-07;SANB3;12.50
2026-07-07;SANB4;13.60
2026-07-07;TAEE11;40.40
2026-07-07;TAEE3;13.37
2026-07-07;TAEE4;13.58
2026-07-07;TOTS3;28.67
2026-07-07;TUPY3;14.34
2026-07-07;VALE3;76.20
2026-07-07;VIVA3;22.67
2026-07-07;WEGE3;45.87
2026-07-07;XPLG11;91.96
2026-07-08;AXIA3;53.05
2026-07-08;AXIA7;51.85
2026-07-08;B3SA3;14.24
2026-07-08;BBAS3;19.53
2026-07-08;BBDC3;15.50
2026-07-08;BBDC4;17.69
2026-07-08;BTLG11;102.43
2026-07-08;CMIN3;4.66
2026-07-08;CPLE3;14.81
2026-07-08;EGIE3;32.42
2026-07-08;FLRY3;15.41
2026-07-08;FRAS3;19.19
2026-07-08;GGBR3;18.96
2026-07-08;GGBR4;22.14
2026-07-08;GMAT3;3.74
2026-07-08;HAPV3;9.96
2026-07-08;HGLG11;148.40
2026-07-08;ISAE3;32.43
2026-07-08;ISAE4;28.79
2026-07-08;ITUB3;44.33
2026-07-08;ITUB4;41.89
2026-07-08;KNRI11;154.90
2026-07-08;LWSA3;3.84
2026-07-08;MXRF11;9.68
2026-07-08;PETR3;44.16
2026-07-08;PETR4;39.65
2026-07-08;PRIO3;56.42
2026-07-08;RAIL3;13.25
2026-07-08;RDOR3;34.08
2026-07-08;SANB11;25.60
2026-07-08;SANB3;12.33
2026-07-08;SANB4;13.39
2026-07-08;TAEE11;39.79
2026-07-08;TAEE3;13.15
2026-07-08;TAEE4;13.45
2026-07-08;TOTS3;28.94
2026-07-08;TUPY3;14.34
2026-07-08;VALE3;72.70
2026-07-08;VIVA3;22.17
2026-07-08;WEGE3;45.35
2026-07-08;XPLG11;91.19
2026-07-09;AXIA3;51.63
2026-07-09;AXIA7;50.54
2026-07-09;B3SA3;14.79
2026-07-09;BBAS3;20.00
2026-07-09;BBDC3;15.70
2026-07-09;BBDC4;18.00
2026-07-09;BTLG11;102.52
2026-07-09;CMIN3;4.83
2026-07-09;CPLE3;15.05
2026-07-09;EGIE3;32.62
2026-07-09;FLRY3;15.75
2026-07-09;FRAS3;19.68
2026-07-09;GGBR3;19.38
2026-07-09;GGBR4;22.48
2026-07-09;GMAT3;3.93
2026-07-09;HAPV3;10.07
2026-07-09;HGLG11;148.78
2026-07-09;ISAE3;32.20
2026-07-09;ISAE4;29.33
2026-07-09;ITUB3;44.86
2026-07-09;ITUB4;42.59
2026-07-09;KNRI11;156.81
2026-07-09;LWSA3;3.95
2026-07-09;MXRF11;9.74
2026-07-09;PETR3;43.53
2026-07-09;PETR4;39.21
2026-07-09;PRIO3;55.61
2026-07-09;RAIL3;13.75
2026-07-09;RDOR3;35.15
2026-07-09;SANB11;26.25
2026-07-09;SANB3;12.57
2026-07-09;SANB4;13.70
2026-07-09;TAEE11;40.31
2026-07-09;TAEE3;13.31
2026-07-09;TAEE4;13.52
2026-07-09;TOTS3;29.59
2026-07-09;TUPY3;14.89
2026-07-09;VALE3;73.15
2026-07-09;VIVA3;22.58
2026-07-09;WEGE3;45.74
2026-07-09;XPLG11;91.76
2026-07-10;AXIA3;54.03
2026-07-10;AXIA7;52.85
2026-07-10;B3SA3;15.42
2026-07-10;BBAS3;20.58
2026-07-10;BBDC3;16.46
2026-07-10;BBDC4;18.86
2026-07-10;BTLG11;102.48
2026-07-10;CMIN3;5.23
2026-07-10;CPLE3;15.53
2026-07-10;EGIE3;33.58
2026-07-10;FLRY3;16.42
2026-07-10;FRAS3;21.00
2026-07-10;GGBR3;19.42
2026-07-10;GGBR4;23.01
2026-07-10;GMAT3;3.97
2026-07-10;HAPV3;10.60
2026-07-10;HGLG11;149.30
2026-07-10;ISAE3;32.01
2026-07-10;ISAE4;30.00
2026-07-10;ITUB3;46.46
2026-07-10;ITUB4;44.30
2026-07-10;KNRI11;157.43
2026-07-10;LWSA3;4.04
2026-07-10;MXRF11;9.74
2026-07-10;PETR3;44.19
2026-07-10;PETR4;39.65
2026-07-10;PRIO3;55.45
2026-07-10;RAIL3;14.36
2026-07-10;RDOR3;36.02
2026-07-10;SANB11;27.62
2026-07-10;SANB3;13.25
2026-07-10;SANB4;14.30
2026-07-10;TAEE11;41.77
2026-07-10;TAEE3;13.66
2026-07-10;TAEE4;13.96
2026-07-10;TOTS3;29.91
2026-07-10;TUPY3;15.98
2026-07-10;VALE3;74.18
2026-07-10;VIVA3;23.53
2026-07-10;WEGE3;46.51
2026-07-10;XPLG11;91.55
2026-07-13;AXIA3;52.38
2026-07-13;AXIA7;51.00
2026-07-13;B3SA3;15.12
2026-07-13;BBAS3;20.24
2026-07-13;BBDC3;16.33
2026-07-13;BBDC4;18.77
2026-07-13;BTLG11;102.60
2026-07-13;CMIN3;5.45
2026-07-13;CPLE3;15.17
2026-07-13;EGIE3;32.44
2026-07-13;FLRY3;16.15
2026-07-13;FRAS3;20.65
2026-07-13;GGBR3;19.67
2026-07-13;GGBR4;22.82
2026-07-13;GMAT3;3.94
2026-07-13;HAPV3;10.46
2026-07-13;HGLG11;148.09
2026-07-13;ISAE3;31.88
2026-07-13;ISAE4;29.20
2026-07-13;ITUB3;45.72
2026-07-13;ITUB4;43.52
2026-07-13;KNRI11;156.45
2026-07-13;LWSA3;4.07
2026-07-13;MXRF11;9.72
2026-07-13;PETR3;45.71
2026-07-13;PETR4;40.66
2026-07-13;PRIO3;57.20
2026-07-13;RAIL3;14.11
2026-07-13;RDOR3;35.56
2026-07-13;SANB11;27.37
2026-07-13;SANB3;13.26
2026-07-13;SANB4;14.05
2026-07-13;TAEE11;41.35
2026-07-13;TAEE3;13.67
2026-07-13;TAEE4;13.95
2026-07-13;TOTS3;29.22
2026-07-13;TUPY3;15.74
2026-07-13;VALE3;72.85
2026-07-13;VIVA3;23.11
2026-07-13;WEGE3;44.39
2026-07-13;XPLG11;90.18
2026-07-14;AXIA3;52.63
2026-07-14;AXIA7;51.28
2026-07-14;B3SA3;15.33
2026-07-14;BBAS3;20.59
2026-07-14;BBDC3;16.27
2026-07-14;BBDC4;18.63
2026-07-14;BTLG11;102.60
2026-07-14;CMIN3;5.10
2026-07-14;CPLE3;15.21
2026-07-14;EGIE3;32.27
2026-07-14;FLRY3;16.41
2026-07-14;FRAS3;21.26
2026-07-14;GGBR3;19.89
2026-07-14;GGBR4;23.32
2026-07-14;GMAT3;3.96
2026-07-14;HAPV3;11.19
2026-07-14;HGLG11;148.40
2026-07-14;ISAE3;31.71
2026-07-14;ISAE4;29.25
2026-07-14;ITUB3;45.75
2026-07-14;ITUB4;43.63
2026-07-14;KNRI11;154.66
2026-07-14;LWSA3;3.99
2026-07-14;MXRF11;9.72
2026-07-14;PETR3;45.48
2026-07-14;PETR4;40.66
2026-07-14;PRIO3;57.57
2026-07-14;RAIL3;14.13
2026-07-14;RDOR3;36.05
2026-07-14;SANB11;27.34
2026-07-14;SANB3;13.43
2026-07-14;SANB4;13.95
2026-07-14;TAEE11;41.26
2026-07-14;TAEE3;13.63
2026-07-14;TAEE4;13.92
2026-07-14;TOTS3;28.72
2026-07-14;TUPY3;16.12
2026-07-14;VALE3;74.01
2026-07-14;VIVA3;23.43
2026-07-14;WEGE3;44.20
2026-07-14;XPLG11;90.20
2026-07-15;AXIA3;50.42
2026-07-15;AXIA7;49.00
2026-07-15;B3SA3;15.69
2026-07-15;BBAS3;20.55
2026-07-15;BBDC3;16.32
2026-07-15;BBDC4;18.60
2026-07-15;BTLG11;102.86
2026-07-15;CMIN3;5.24
2026-07-15;CPLE3;15.02
2026-07-15;EGIE3;30.62
2026-07-15;FLRY3;16.51
2026-07-15;FRAS3;20.89
2026-07-15;GGBR3;20.60
2026-07-15;GGBR4;24.20
2026-07-15;GMAT3;3.98
2026-07-15;HAPV3;10.99
2026-07-15;HGLG11;148.93
2026-07-15;ISAE3;31.70
2026-07-15;ISAE4;27.78
2026-07-15;ITUB3;45.49
2026-07-15;ITUB4;43.14
2026-07-15;KNRI11;155.71
2026-07-15;LWSA3;3.96
2026-07-15;MXRF11;9.75
2026-07-15;PETR3;45.53
2026-07-15;PETR4;40.59
2026-07-15;PRIO3;57.50
2026-07-15;RAIL3;14.07
2026-07-15;RDOR3;36.01
2026-07-15;SANB11;27.00
2026-07-15;SANB3;13.18
2026-07-15;SANB4;13.85
2026-07-15;TAEE11;40.92
2026-07-15;TAEE3;13.52
2026-07-15;TAEE4;13.72
2026-07-15;TOTS3;29.92
2026-07-15;TUPY3;15.94
2026-07-15;VALE3;74.51
2026-07-15;VIVA3;23.52
2026-07-15;WEGE3;44.26
2026-07-15;XPLG11;91.70
2026-07-16;AXIA3;49.73
2026-07-16;AXIA7;48.78
2026-07-16;B3SA3;15.39
2026-07-16;BBAS3;20.76
2026-07-16;BBDC3;15.99
2026-07-16;BBDC4;18.41
2026-07-16;BTLG11;102.70
2026-07-16;CMIN3;5.45
2026-07-16;CPLE3;14.60
2026-07-16;EGIE3;30.40
2026-07-16;FLRY3;16.42
2026-07-16;FRAS3;20.75
2026-07-16;GGBR3;20.44
2026-07-16;GGBR4;23.91
2026-07-16;GMAT3;3.92
2026-07-16;HAPV3;10.95
2026-07-16;HGLG11;149.29
2026-07-16;ISAE3;31.58
2026-07-16;ISAE4;28.00
2026-07-16;ITUB3;45.29
2026-07-16;ITUB4;42.55
2026-07-16;KNRI11;156.27
2026-07-16;LWSA3;3.94
2026-07-16;MXRF11;9.74
2026-07-16;PETR3;44.64
2026-07-16;PETR4;39.89
2026-07-16;PRIO3;56.79
2026-07-16;RAIL3;13.93
2026-07-16;RDOR3;35.87
2026-07-16;SANB11;26.83
2026-07-16;SANB3;13.15
2026-07-16;SANB4;13.73
2026-07-16;TAEE11;41.03
2026-07-16;TAEE3;13.53
2026-07-16;TAEE4;13.78
2026-07-16;TOTS3;29.90
2026-07-16;TUPY3;16.08
2026-07-16;VALE3;72.98
2026-07-16;VIVA3;23.35
2026-07-16;WEGE3;43.49
2026-07-16;XPLG11;91.39
2026-07-17;AXIA3;50.20
2026-07-17;AXIA7;49.18
2026-07-17;B3SA3;15.20
2026-07-17;BBAS3;20.49
2026-07-17;BBDC3;15.94
2026-07-17;BBDC4;18.29
2026-07-17;BTLG11;102.53
2026-07-17;CMIN3;5.33
2026-07-17;CPLE3;14.80
2026-07-17;EGIE3;29.97
2026-07-17;FLRY3;16.59
2026-07-17;FRAS3;20.45
2026-07-17;GGBR3;20.58
2026-07-17;GGBR4;24.04
2026-07-17;GMAT3;3.88
2026-07-17;HAPV3;11.38
2026-07-17;HGLG11;148.92
2026-07-17;ISAE3;32.15
2026-07-17;ISAE4;28.01
2026-07-17;ITUB3;44.78
2026-07-17;ITUB4;41.96
2026-07-17;KNRI11;156.00
2026-07-17;LWSA3;3.92
2026-07-17;MXRF11;9.73
2026-07-17;PETR3;45.81
2026-07-17;PETR4;40.90
2026-07-17;PRIO3;57.85
2026-07-17;RAIL3;13.70
2026-07-17;RDOR3;35.78
2026-07-17;SANB11;26.65
2026-07-17;SANB3;13.10
2026-07-17;SANB4;13.61
2026-07-17;TAEE11;40.89
2026-07-17;TAEE3;13.65
2026-07-17;TAEE4;13.77
2026-07-17;TOTS3;29.19
2026-07-17;TUPY3;16.19
2026-07-17;VALE3;72.94
2026-07-17;VIVA3;22.44
2026-07-17;WEGE3;43.63
2026-07-17;XPLG11;91.28
2026-07-20;AXIA3;50.36
2026-07-20;AXIA7;49.30
2026-07-20;B3SA3;15.26
2026-07-20;BBAS3;20.17
2026-07-20;BBDC3;16.05
2026-07-20;BBDC4;18.41
2026-07-20;BTLG11;102.56
2026-07-20;CMIN3;5.39
2026-07-20;CPLE3;14.91
2026-07-20;EGIE3;30.27
2026-07-20;FLRY3;16.56
2026-07-20;FRAS3;20.69
2026-07-20;GGBR3;20.13
2026-07-20;GGBR4;23.62
2026-07-20;GMAT3;3.85
2026-07-20;HAPV3;11.55
2026-07-20;HGLG11;148.50
2026-07-20;ISAE3;32.00
2026-07-20;ISAE4;28.11
2026-07-20;ITUB3;45.04
2026-07-20;ITUB4;42.30
2026-07-20;KNRI11;156.27
2026-07-20;LWSA3;3.89
2026-07-20;MXRF11;9.73
2026-07-20;PETR3;46.12
2026-07-20;PETR4;41.15
2026-07-20;PRIO3;57.69
2026-07-20;RAIL3;13.57
2026-07-20;RDOR3;35.45
2026-07-20;SANB11;27.01
2026-07-20;SANB3;13.26
2026-07-20;SANB4;13.77
2026-07-20;TAEE11;41.15
2026-07-20;TAEE3;13.58
2026-07-20;TAEE4;13.80
2026-07-20;TOTS3;28.83
2026-07-20;TUPY3;16.02
2026-07-20;VALE3;71.93
2026-07-20;VIVA3;21.96
2026-07-20;WEGE3;43.13
2026-07-20;XPLG11;90.80
2026-07-21;AXIA3;50.46
2026-07-21;AXIA7;49.55
2026-07-21;B3SA3;15.17
2026-07-21;BBAS3;20.88
2026-07-21;BBDC3;16.15
2026-07-21;BBDC4;18.55
2026-07-21;BTLG11;102.39
2026-07-21;CMIN3;5.58
2026-07-21;CPLE3;14.51
2026-07-21;EGIE3;30.34
2026-07-21;FLRY3;16.55
2026-07-21;FRAS3;20.96
2026-07-21;GGBR3;19.96
2026-07-21;GGBR4;23.49
2026-07-21;GMAT3;3.83
2026-07-21;HAPV3;11.24
2026-07-21;HGLG11;149.01
2026-07-21;ISAE3;31.61
2026-07-21;ISAE4;28.43
2026-07-21;ITUB3;45.12
2026-07-21;ITUB4;42.53
2026-07-21;KNRI11;156.29
2026-07-21;LWSA3;3.74
2026-07-21;MXRF11;9.67
2026-07-21;PETR3;46.78
2026-07-21;PETR4;41.66
2026-07-21;PRIO3;58.18
2026-07-21;RAIL3;13.24
2026-07-21;RDOR3;33.92
2026-07-21;SANB11;27.21
2026-07-21;SANB3;13.35
2026-07-21;SANB4;13.91
2026-07-21;TAEE11;41.13
2026-07-21;TAEE3;13.63
2026-07-21;TAEE4;13.87
2026-07-21;TOTS3;28.57
2026-07-21;TUPY3;15.39
2026-07-21;VALE3;72.24
2026-07-21;VIVA3;21.41
2026-07-21;WEGE3;42.47
2026-07-21;XPLG11;91.00
2026-07-22;AXIA3;51.68
2026-07-22;AXIA7;50.84
2026-07-22;B3SA3;15.90
2026-07-22;BBAS3;21.09
2026-07-22;BBDC3;16.52
2026-07-22;BBDC4;18.97
2026-07-22;BTLG11;101.06
2026-07-22;CMIN3;5.84
2026-07-22;CPLE3;14.95
2026-07-22;EGIE3;30.30
2026-07-22;FLRY3;16.65
2026-07-22;FRAS3;21.08
2026-07-22;GGBR3;20.37
2026-07-22;GGBR4;24.06
2026-07-22;GMAT3;3.91
2026-07-22;HAPV3;11.39
2026-07-22;HGLG11;147.80
2026-07-22;ISAE3;32.00
2026-07-22;ISAE4;28.53
2026-07-22;ITUB3;45.50
2026-07-22;ITUB4;42.90
2026-07-22;KNRI11;154.38
2026-07-22;LWSA3;3.80
2026-07-22;MXRF11;9.68
2026-07-22;PETR3;47.90
2026-07-22;PETR4;42.58
2026-07-22;PRIO3;59.77
2026-07-22;RAIL3;13.64
2026-07-22;RDOR3;34.49
2026-07-22;SANB11;26.95
2026-07-22;SANB3;13.25
2026-07-22;SANB4;13.66
2026-07-22;TAEE11;41.59
2026-07-22;TAEE3;13.55
2026-07-22;TAEE4;13.85
2026-07-22;TOTS3;28.89
2026-07-22;TUPY3;15.68
2026-07-22;VALE3;75.10
2026-07-22;VIVA3;21.55
2026-07-22;WEGE3;46.74
2026-07-22;XPLG11;90.68
2026-07-23;AXIA3;51.39
2026-07-23;AXIA7;50.81
2026-07-23;B3SA3;15.65
2026-07-23;BBAS3;20.93
2026-07-23;BBDC3;16.33
2026-07-23;BBDC4;18.72
2026-07-23;BTLG11;100.84
2026-07-23;CMIN3;5.83
2026-07-23;CPLE3;14.88
2026-07-23;EGIE3;30.15
2026-07-23;FLRY3;16.58
2026-07-23;FRAS3;20.70
2026-07-23;GGBR3;20.61
2026-07-23;GGBR4;24.06
2026-07-23;GMAT3;3.87
2026-07-23;HAPV3;10.47
2026-07-23;HGLG11;147.75
2026-07-23;ISAE3;32.04
2026-07-23;ISAE4;28.50
2026-07-23;ITUB3;45.12
2026-07-23;ITUB4;42.56
2026-07-23;KNRI11;153.94
2026-07-23;LWSA3;3.69
2026-07-23;MXRF11;9.66
2026-07-23;PETR3;48.70
2026-07-23;PETR4;42.95
2026-07-23;PRIO3;60.54
2026-07-23;RAIL3;13.96
2026-07-23;RDOR3;33.67
2026-07-23;SANB11;26.63
2026-07-23;SANB3;13.11
2026-07-23;SANB4;13.50
2026-07-23;TAEE11;41.42
2026-07-23;TAEE3;13.70
2026-07-23;TAEE4;13.95
2026-07-23;TOTS3;27.05
2026-07-23;TUPY3;15.70
2026-07-23;VALE3;75.68
2026-07-23;VIVA3;21.45
2026-07-23;WEGE3;45.67
2026-07-23;XPLG11;89.94
2026-07-24;AXIA3;50.26
2026-07-24;AXIA7;49.45
2026-07-24;B3SA3;15.44
2026-07-24;BBAS3;20.35
2026-07-24;BBDC3;16.09
2026-07-24;BBDC4;18.48
2026-07-24;BTLG11;100.82
2026-07-24;CMIN3;5.69
2026-07-24;CPLE3;14.54
2026-07-24;EGIE3;29.39
2026-07-24;FLRY3;16.26
2026-07-24;FRAS3;20.65
2026-07-24;GGBR3;20.79
2026-07-24;GGBR4;24.26
2026-07-24;GMAT3;3.79
2026-07-24;HAPV3;9.92
2026-07-24;HGLG11;147.76
2026-07-24;ISAE3;31.07
2026-07-24;ISAE4;26.46
2026-07-24;ITUB3;44.70
2026-07-24;ITUB4;42.10
2026-07-24;KNRI11;155.18
2026-07-24;LWSA3;3.60
2026-07-24;MXRF11;9.63
2026-07-24;PETR3;47.55
2026-07-24;PETR4;42.21
2026-07-24;PRIO3;58.82
2026-07-24;RAIL3;13.57
2026-07-24;RDOR3;33.38
2026-07-24;SANB11;26.34
2026-07-24;SANB3;12.88
2026-07-24;SANB4;13.50
2026-07-24;TAEE11;40.30
2026-07-24;TAEE3;13.35
2026-07-24;TAEE4;13.67
2026-07-24;TOTS3;27.47
2026-07-24;TUPY3;15.60
2026-07-24;VALE3;75.24
2026-07-24;VIVA3;21.42
2026-07-24;WEGE3;45.99
2026-07-24;XPLG11;91.43
2026-07-27;AXIA3;51.27
2026-07-27;AXIA7;50.50
2026-07-27;B3SA3;15.72
2026-07-27;BBAS3;20.50
2026-07-27;BBDC3;16.28
2026-07-27;BBDC4;18.71
2026-07-27;BTLG11;99.88
2026-07-27;CMIN3;5.80
2026-07-27;CPLE3;14.78
2026-07-27;EGIE3;30.04
2026-07-27;FLRY3;16.53
2026-07-27;FRAS3;20.75
2026-07-27;GGBR3;21.09
2026-07-27;GGBR4;24.48
2026-07-27;GMAT3;3.83
2026-07-27;HAPV3;10.19
2026-07-27;HGLG11;147.00
2026-07-27;ISAE3;31.99
2026-07-27;ISAE4;26.68
2026-07-27;ITUB3;45.27
2026-07-27;ITUB4;42.69
2026-07-27;KNRI11;154.95
2026-07-27;LWSA3;3.68
2026-07-27;MXRF11;9.60
2026-07-27;PETR3;46.05
2026-07-27;PETR4;41.01
2026-07-27;PRIO3;55.71
2026-07-27;RAIL3;13.80
2026-07-27;RDOR3;33.60
2026-07-27;SANB11;27.36
2026-07-27;SANB3;13.40
2026-07-27;SANB4;13.90
2026-07-27;TAEE11;39.95
2026-07-27;TAEE3;13.17
2026-07-27;TAEE4;13.57
2026-07-27;TOTS3;29.38
2026-07-27;TUPY3;15.50
2026-07-27;VALE3;75.69
2026-07-27;VIVA3;22.01
2026-07-27;WEGE3;46.40
2026-07-27;XPLG11;91.41
2026-07-28;AXIA3;52.26
2026-07-28;AXIA7;51.49
2026-07-28;B3SA3;16.00
2026-07-28;BBAS3;20.83
2026-07-28;BBDC3;16.41
2026-07-28;BBDC4;18.77
2026-07-28;BTLG11;100.37
2026-07-28;CMIN3;5.96
2026-07-28;CPLE3;14.93
2026-07-28;EGIE3;30.01
2026-07-28;FLRY3;17.06
2026-07-28;FRAS3;20.86
2026-07-28;GGBR3;21.46
2026-07-28;GGBR4;25.14
2026-07-28;GMAT3;3.92
2026-07-28;HAPV3;10.60
2026-07-28;HGLG11;147.00
2026-07-28;ISAE3;32.15
2026-07-28;ISAE4;26.84
2026-07-28;ITUB3;45.43
2026-07-28;ITUB4;42.86
2026-07-28;KNRI11;156.65
2026-07-28;LWSA3;3.74
2026-07-28;MXRF11;9.68
2026-07-28;PETR3;46.42
2026-07-28;PETR4;41.21
2026-07-28;PRIO3;56.77
2026-07-28;RAIL3;14.08
2026-07-28;RDOR3;34.32
2026-07-28;SANB11;27.67
2026-07-28;SANB3;13.70
2026-07-28;SANB4;14.00
2026-07-28;TAEE11;39.80
2026-07-28;TAEE3;13.15
2026-07-28;TAEE4;13.45
2026-07-28;TOTS3;29.69
2026-07-28;TUPY3;15.87
2026-07-28;VALE3;75.69
2026-07-28;VIVA3;22.61
2026-07-28;WEGE3;46.70
2026-07-28;XPLG11;91.83
2026-07-29;AXIA3;51.13
2026-07-29;AXIA7;50.69
2026-07-29;B3SA3;15.32
2026-07-29;BBAS3;20.78
2026-07-29;BBDC3;16.04
2026-07-29;BBDC4;18.35
2026-07-29;BTLG11;100.21
2026-07-29;CMIN3;5.98
2026-07-29;CPLE3;14.53
2026-07-29;EGIE3;29.29
2026-07-29;FLRY3;16.83
2026-07-29;FRAS3;20.47
2026-07-29;GGBR3;21.20
2026-07-29;GGBR4;24.79
2026-07-29;GMAT3;3.89
2026-07-29;HAPV3;10.55
2026-07-29;HGLG11;146.90
2026-07-29;ISAE3;32.37
2026-07-29;ISAE4;26.29
2026-07-29;ITUB3;44.26
2026-07-29;ITUB4;41.82
2026-07-29;KNRI11;155.84
2026-07-29;LWSA3;3.72
2026-07-29;MXRF11;9.63
2026-07-29;PETR3;47.51
2026-07-29;PETR4;42.00
2026-07-29;PRIO3;58.41
2026-07-29;RAIL3;13.95
2026-07-29;RDOR3;33.85
2026-07-29;SANB11;25.63
2026-07-29;SANB3;12.75
2026-07-29;SANB4;13.06
2026-07-29;TAEE11;39.05
2026-07-29;TAEE3;13.00
2026-07-29;TAEE4;13.18
2026-07-29;TOTS3;29.44
2026-07-29;TUPY3;15.84
2026-07-29;VALE3;75.05
2026-07-29;VIVA3;22.35
2026-07-29;WEGE3;45.64
2026-07-29;XPLG11;91.75
2026-07-30;AXIA3;52.95
2026-07-30;AXIA7;52.21
2026-07-30;B3SA3;15.63
2026-07-30;BBAS3;21.19
2026-07-30;BBDC3;15.99
2026-07-30;BBDC4;18.39
2026-07-30;BTLG11;100.86
2026-07-30;CMIN3;5.72
2026-07-30;CPLE3;14.89
2026-07-30;EGIE3;29.99
2026-07-30;FLRY3;16.97
2026-07-30;FRAS3;20.83
2026-07-30;GGBR3;21.32
2026-07-30;GGBR4;24.98
2026-07-30;GMAT3;3.98
2026-07-30;HAPV3;11.01
2026-07-30;HGLG11;147.42
2026-07-30;ISAE3;31.41
2026-07-30;ISAE4;26.76
2026-07-30;ITUB3;45.34
2026-07-30;ITUB4;42.74
2026-07-30;KNRI11;156.56
2026-07-30;LWSA3;3.77
2026-07-30;MXRF11;9.60
2026-07-30;PETR3;48.55
2026-07-30;PETR4;42.84
2026-07-30;PRIO3;59.96
2026-07-30;RAIL3;14.28
2026-07-30;RDOR3;34.42
2026-07-30;SANB11;25.25
2026-07-30;SANB3;12.54
2026-07-30;SANB4;12.88
2026-07-30;TAEE11;39.87
2026-07-30;TAEE3;13.14
2026-07-30;TAEE4;13.37
2026-07-30;TOTS3;31.13
2026-07-30;TUPY3;15.80
2026-07-30;VALE3;76.09
2026-07-30;VIVA3;22.16
2026-07-30;WEGE3;46.82
2026-07-30;XPLG11;92.05
2026-07-31;AXIA3;52.82
2026-07-31;AXIA7;52.01
2026-07-31;B3SA3;15.73
2026-07-31;BBAS3;21.35
2026-07-31;BBDC3;15.99
2026-07-31;BBDC4;18.43
2026-07-31;BTLG11;100.81
2026-07-31;CMIN3;5.71
2026-07-31;CPLE3;14.83
2026-07-31;EGIE3;29.80
2026-07-31;FLRY3;17.14
2026-07-31;FRAS3;21.17
2026-07-31;GGBR3;21.49
2026-07-31;GGBR4;24.98
2026-07-31;GMAT3;4.03
2026-07-31;HAPV3;11.28
2026-07-31;HGLG11;147.42
2026-07-31;ISAE3;31.35
2026-07-31;ISAE4;26.89
2026-07-31;ITUB3;45.64
2026-07-31;ITUB4;42.89
2026-07-31;KNRI11;157.75
2026-07-31;LWSA3;3.72
2026-07-31;MXRF11;9.58
2026-07-31;PETR3;49.04
2026-07-31;PETR4;43.42
2026-07-31;PRIO3;60.85
2026-07-31;RAIL3;14.44
2026-07-31;RDOR3;34.64
2026-07-31;SANB11;28.62
2026-07-31;SANB3;14.45
2026-07-31;SANB4;14.14
2026-07-31;TAEE11;39.66
2026-07-31;TAEE3;13.19
2026-07-31;TAEE4;13.43
2026-07-31;TOTS3;31.06
2026-07-31;TUPY3;15.72
2026-07-31;VALE3;76.28
2026-07-31;VIVA3;22.18
2026-07-31;WEGE3;47.20
2026-07-31;XPLG11;92.90
2026-08-03;AXIA3;53.56
2026-08-03;AXIA7;52.74
2026-08-03;B3SA3;15.62
2026-08-03;BBAS3;21.27
2026-08-03;BBDC3;16.18
2026-08-03;BBDC4;18.55
2026-08-03;BTLG11;101.00
2026-08-03;CMIN3;5.73
2026-08-03;CPLE3;14.87
2026-08-03;EGIE3;30.10
2026-08-03;FLRY3;17.27
2026-08-03;FRAS3;20.20
2026-08-03;GGBR3;21.74
2026-08-03;GGBR4;25.63
2026-08-03;GMAT3;3.97
2026-08-03;HAPV3;11.91
2026-08-03;HGLG11;147.00
2026-08-03;ISAE3;30.60
2026-08-03;ISAE4;26.84
2026-08-03;ITUB3;45.63
2026-08-03;ITUB4;43.17
2026-08-03;KNRI11;152.09
2026-08-03;LWSA3;3.85
2026-08-03;MXRF11;9.35
2026-08-03;PETR3;48.62
2026-08-03;PETR4;43.05
2026-08-03;PRIO3;58.50
2026-08-03;RAIL3;14.16
2026-08-03;RDOR3;34.06
2026-08-03;SANB11;28.93
2026-08-03;SANB3;14.31
2026-08-03;SANB4;14.35
2026-08-03;TAEE11;40.00
2026-08-03;TAEE3;13.11
2026-08-03;TAEE4;13.37
2026-08-03;TOTS3;31.74
2026-08-03;TUPY3;15.81
2026-08-03;VALE3;74.64
2026-08-03;VIVA3;22.84
2026-08-03;WEGE3;48.20
2026-08-03;XPLG11;91.10
2026-08-04;AXIA3;53.71
2026-08-04;AXIA7;53.18
2026-08-04;B3SA3;15.70
2026-08-04;BBAS3;20.99
2026-08-04;BBDC3;15.95
2026-08-04;BBDC4;18.22
2026-08-04;BTLG11;100.50
2026-08-04;CMIN3;5.91
2026-08-04;CPLE3;14.93
2026-08-04;EGIE3;30.13
2026-08-04;FLRY3;17.49
2026-08-04;FRAS3;20.26
2026-08-04;GGBR3;22.15
2026-08-04;GGBR4;25.87
2026-08-04;GMAT3;3.95
2026-08-04;HAPV3;11.78
2026-08-04;HGLG11;147.60
2026-08-04;ISAE3;31.30
2026-08-04;ISAE4;26.61
2026-08-04;ITUB3;44.75
2026-08-04;ITUB4;42.10
2026-08-04;KNRI11;152.09
2026-08-04;LWSA3;3.89
2026-08-04;MXRF11;9.45
2026-08-04;PETR3;48.15
2026-08-04;PETR4;42.50
2026-08-04;PRIO3;58.45
2026-08-04;RAIL3;14.12
2026-08-04;RDOR3;34.40
2026-08-04;SANB11;29.10
2026-08-04;SANB3;14.41
2026-08-04;SANB4;14.48
2026-08-04;TAEE11;39.89
2026-08-04;TAEE3;13.10
2026-08-04;TAEE4;13.42
2026-08-04;TOTS3;31.79
2026-08-04;TUPY3;15.78
2026-08-04;VALE3;76.31
2026-08-04;VIVA3;22.60
2026-08-04;WEGE3;49.17
2026-08-04;XPLG11;91.42
2026-08-05;AXIA3;53.71
2026-08-05;AXIA7;53.14
2026-08-05;B3SA3;15.55
2026-08-05;BBAS3;21.05
2026-08-05;BBDC3;15.75
2026-08-05;BBDC4;18.05
2026-08-05;BTLG11;100.81
2026-08-05;CMIN3;5.90
2026-08-05;CPLE3;14.86
2026-08-05;EGIE3;29.83
2026-08-05;FLRY3;17.36
2026-08-05;FRAS3;19.68
2026-08-05;GGBR3;22.60
2026-08-05;GGBR4;26.31
2026-08-05;GMAT3;3.89
2026-08-05;HAPV3;11.11
2026-08-05;HGLG11;147.99
2026-08-05;ISAE3;31.40
2026-08-05;ISAE4;26.71
2026-08-05;ITUB3;45.21
2026-08-05;ITUB4;42.38
2026-08-05;KNRI11;152.24
2026-08-05;LWSA3;3.92
2026-08-05;MXRF11;9.43
2026-08-05;PETR3;47.15
2026-08-05;PETR4;41.93
2026-08-05;PRIO3;59.20
2026-08-05;RAIL3;13.99
2026-08-05;RDOR3;34.45
2026-08-05;SANB11;29.48
2026-08-05;SANB3;14.77
2026-08-05;SANB4;14.64
2026-08-05;TAEE11;40.06
2026-08-05;TAEE3;13.14
2026-08-05;TAEE4;13.40
2026-08-05;TOTS3;32.51
2026-08-05;TUPY3;15.48
2026-08-05;VALE3;76.66
2026-08-05;VIVA3;22.29
2026-08-05;WEGE3;48.80
2026-08-05;XPLG11;91.11
2026-08-06;AXIA3;53.17
2026-08-06;AXIA7;52.93
2026-08-06;B3SA3;15.36
2026-08-06;BBAS3;20.28
2026-08-06;BBDC3;15.45
2026-08-06;BBDC4;17.70
2026-08-06;BTLG11;100.21
2026-08-06;CMIN3;5.75
2026-08-06;CPLE3;14.90
2026-08-06;EGIE3;29.91
2026-08-06;FLRY3;17.27
2026-08-06;FRAS3;20.15
2026-08-06;GGBR3;22.01
2026-08-06;GGBR4;25.65
2026-08-06;GMAT3;3.82
2026-08-06;HAPV3;11.13
2026-08-06;HGLG11;147.25
2026-08-06;ISAE3;31.42
2026-08-06;ISAE4;26.65
2026-08-06;ITUB3;44.87
2026-08-06;ITUB4;41.83
2026-08-06;KNRI11;153.01
2026-08-06;LWSA3;3.90
2026-08-06;MXRF11;9.43
2026-08-06;PETR3;47.31
2026-08-06;PETR4;42.13
2026-08-06;PRIO3;58.61
2026-08-06;RAIL3;13.71
2026-08-06;RDOR3;34.06
2026-08-06;SANB11;29.27
2026-08-06;SANB3;14.58
2026-08-06;SANB4;14.59
2026-08-06;TAEE11;39.54
2026-08-06;TAEE3;13.07
2026-08-06;TAEE4;13.39
2026-08-06;TOTS3;32.21
2026-08-06;TUPY3;15.02
2026-08-06;VALE3;75.39
2026-08-06;VIVA3;21.81
2026-08-06;WEGE3;48.40
2026-08-06;XPLG11;90.83
2026-08-07;AXIA3;53.05
2026-08-07;AXIA7;53.00
2026-08-07;B3SA3;14.95
2026-08-07;BBAS3;20.06
2026-08-07;BBDC3;15.15
2026-08-07;BBDC4;17.31
2026-08-07;BTLG11;100.73
2026-08-07;CMIN3;5.45
2026-08-07;CPLE3;14.67
2026-08-07;EGIE3;29.73
2026-08-07;FLRY3;18.95
2026-08-07;FRAS3;20.42
2026-08-07;GGBR3;21.32
2026-08-07;GGBR4;25.05
2026-08-07;GMAT3;3.73
2026-08-07;HAPV3;10.77
2026-08-07;HGLG11;147.00
2026-08-07;ISAE3;31.50
2026-08-07;ISAE4;26.27
2026-08-07;ITUB3;43.65
2026-08-07;ITUB4;40.75
2026-08-07;KNRI11;154.11
2026-08-07;LWSA3;3.88
2026-08-07;MXRF11;9.46
2026-08-07;PETR3;45.69
2026-08-07;PETR4;40.87
2026-08-07;PRIO3;57.45
2026-08-07;RAIL3;13.59
2026-08-07;RDOR3;33.92
2026-08-07;SANB11;29.27
2026-08-07;SANB3;14.59
2026-08-07;SANB4;14.64
2026-08-07;TAEE11;39.25
2026-08-07;TAEE3;13.03
2026-08-07;TAEE4;13.23
2026-08-07;TOTS3;32.21
2026-08-07;TUPY3;14.22
2026-08-07;VALE3;74.97
2026-08-07;VIVA3;21.63
2026-08-07;WEGE3;48.12
2026-08-07;XPLG11;91.96
2026-08-10;AXIA3;51.85
2026-08-10;AXIA7;51.52
2026-08-10;B3SA3;14.67
2026-08-10;BBAS3;20.03
2026-08-10;BBDC3;15.07
2026-08-10;BBDC4;17.18
2026-08-10;BTLG11;100.48
2026-08-10;CMIN3;5.46
2026-08-10;CPLE3;14.30
2026-08-10;EGIE3;29.25
2026-08-10;FLRY3;18.82
2026-08-10;FRAS3;20.47
2026-08-10;GGBR3;21.73
2026-08-10;GGBR4;25.25
2026-08-10;GMAT3;3.68
2026-08-10;HAPV3;10.30
2026-08-10;HGLG11;146.20
2026-08-10;ISAE3;31.26
2026-08-10;ISAE4;25.87
2026-08-10;ITUB3;43.48
2026-08-10;ITUB4;40.42
2026-08-10;KNRI11;150.70
2026-08-10;LWSA3;3.88
2026-08-10;MXRF11;9.44
2026-08-10;PETR3;47.21
2026-08-10;PETR4;42.23
2026-08-10;PRIO3;61.24
2026-08-10;RAIL3;13.22
2026-08-10;RDOR3;33.97
2026-08-10;SANB11;29.25
2026-08-10;SANB3;14.69
2026-08-10;SANB4;14.39
2026-08-10;TAEE11;38.50
2026-08-10;TAEE3;12.87
2026-08-10;TAEE4;13.06
2026-08-10;TOTS3;31.84
2026-08-10;TUPY3;15.06
2026-08-10;VALE3;75.93
2026-08-10;VIVA3;21.64
2026-08-10;WEGE3;47.63
2026-08-10;XPLG11;91.00
2026-08-11;AXIA3;49.43
2026-08-11;AXIA7;49.21
2026-08-11;B3SA3;14.29
2026-08-11;BBAS3;19.28
2026-08-11;BBDC3;14.72
2026-08-11;BBDC4;16.79
2026-08-11;BTLG11;100.38
2026-08-11;CMIN3;5.57
2026-08-11;CPLE3;13.94
2026-08-11;EGIE3;29.09
2026-08-11;FLRY3;18.59
2026-08-11;FRAS3;20.65
2026-08-11;GGBR3;20.89
2026-08-11;GGBR4;24.16
2026-08-11;GMAT3;3.69
2026-08-11;HAPV3;9.79
2026-08-11;HGLG11;145.55
2026-08-11;ISAE3;31.67
2026-08-11;ISAE4;25.37
2026-08-11;ITUB3;41.90
2026-08-11;ITUB4;39.00
2026-08-11;KNRI11;152.18
2026-08-11;LWSA3;3.60
2026-08-11;MXRF11;9.35
2026-08-11;PETR3;46.53
2026-08-11;PETR4;41.66
2026-08-11;PRIO3;59.25
2026-08-11;RAIL3;12.96
2026-08-11;RDOR3;33.17
2026-08-11;SANB11;29.52
2026-08-11;SANB3;14.94
2026-08-11;SANB4;14.50
2026-08-11;TAEE11;38.30
2026-08-11;TAEE3;12.74
2026-08-11;TAEE4;12.89
2026-08-11;TOTS3;30.59
2026-08-11;TUPY3;14.70
2026-08-11;VALE3;74.40
2026-08-11;VIVA3;20.89
2026-08-11;WEGE3;47.36
2026-08-11;XPLG11;89.91
2026-08-12;AXIA3;50.03
2026-08-12;AXIA7;50.50
2026-08-12;B3SA3;14.24
2026-08-12;BBAS3;19.00
2026-08-12;BBDC3;14.70
2026-08-12;BBDC4;16.74
2026-08-12;BTLG11;100.05
2026-08-12;CMIN3;5.79
2026-08-12;CPLE3;13.80
2026-08-12;EGIE3;28.43
2026-08-12;FLRY3;18.25
2026-08-12;FRAS3;21.98
2026-08-12;GGBR3;21.39
2026-08-12;GGBR4;24.88
2026-08-12;GMAT3;3.60
2026-08-12;HAPV3;9.58
2026-08-12;HGLG11;145.98
2026-08-12;ISAE3;31.05
2026-08-12;ISAE4;25.56
2026-08-12;ITUB3;41.48
2026-08-12;ITUB4;38.43
2026-08-12;KNRI11;151.39
2026-08-12;LWSA3;3.55
2026-08-12;MXRF11;9.33
2026-08-12;PETR3;46.32
2026-08-12;PETR4;41.45
2026-08-12;PRIO3;59.14
2026-08-12;RAIL3;12.96
2026-08-12;RDOR3;32.49
2026-08-12;SANB11;29.62
2026-08-12;SANB3;14.90
2026-08-12;SANB4;14.63
2026-08-12;TAEE11;37.70
2026-08-12;TAEE3;12.58
2026-08-12;TAEE4;12.69
2026-08-12;TOTS3;29.32
2026-08-12;TUPY3;14.68
2026-08-12;VALE3;73.18
2026-08-12;VIVA3;20.94
2026-08-12;WEGE3;47.64
2026-08-12;XPLG11;90.02
2026-08-13;AXIA3;49.69
2026-08-13;AXIA7;49.50
2026-08-13;B3SA3;14.80
2026-08-13;BBAS3;18.21
2026-08-13;BBDC3;14.59
2026-08-13;BBDC4;16.66
2026-08-13;BTLG11;99.88
2026-08-13;CMIN3;5.49
2026-08-13;CPLE3;13.80
2026-08-13;EGIE3;28.29
2026-08-13;FLRY3;18.32
2026-08-13;FRAS3;21.76
2026-08-13;GGBR3;21.12
2026-08-13;GGBR4;24.79
2026-08-13;GMAT3;3.79
2026-08-13;HAPV3;6.41
2026-08-13;HGLG11;146.10
2026-08-13;ISAE3;31.30
2026-08-13;ISAE4;25.83
2026-08-13;ITUB3;41.39
2026-08-13;ITUB4;38.31
2026-08-13;KNRI11;150.95
2026-08-13;LWSA3;3.74
2026-08-13;MXRF11;9.29
2026-08-13;PETR3;46.73
2026-08-13;PETR4;41.90
2026-08-13;PRIO3;59.07
2026-08-13;RAIL3;13.55
2026-08-13;RDOR3;34.54
2026-08-13;SANB11;29.83
2026-08-13;SANB3;14.99
2026-08-13;SANB4;14.76
2026-08-13;TAEE11;38.21
2026-08-13;TAEE3;12.64
2026-08-13;TAEE4;12.80
2026-08-13;TOTS3;29.53
2026-08-13;TUPY3;15.15
2026-08-13;VALE3;71.90
2026-08-13;VIVA3;21.22
2026-08-13;WEGE3;47.50
2026-08-13;XPLG11;89.80
2026-08-14;AXIA3;49.83
2026-08-14;AXIA7;49.66
2026-08-14;B3SA3;14.67
2026-08-14;BBAS3;18.38
2026-08-14;BBDC3;14.51
2026-08-14;BBDC4;16.54
2026-08-14;BTLG11;99.97
2026-08-14;CMIN3;5.54
2026-08-14;CPLE3;13.69
2026-08-14;EGIE3;28.03
2026-08-14;FLRY3;18.23
2026-08-14;FRAS3;21.60
2026-08-14;GGBR3;21.00
2026-08-14;GGBR4;24.65
2026-08-14;GMAT3;3.98
2026-08-14;HAPV3;6.73
2026-08-14;HGLG11;145.83
2026-08-14;ISAE3;31.45
2026-08-14;ISAE4;25.55
2026-08-14;ITUB3;41.89
2026-08-14;ITUB4;39.00
2026-08-14;KNRI11;150.80
2026-08-14;LWSA3;4.03
2026-08-14;MXRF11;9.34
2026-08-14;PETR3;46.83
2026-08-14;PETR4;42.09
2026-08-14;PRIO3;58.63
2026-08-14;RAIL3;13.67
2026-08-14;RDOR3;33.66
2026-08-14;SANB11;29.93
2026-08-14;SANB3;14.94
2026-08-14;SANB4;14.95
2026-08-14;TAEE11;37.94
2026-08-14;TAEE3;12.44
2026-08-14;TAEE4;12.68
2026-08-14;TOTS3;30.20
2026-08-14;TUPY3;15.06
2026-08-14;VALE3;71.30
2026-08-14;VIVA3;20.87
2026-08-14;WEGE3;47.50
2026-08-14;XPLG11;89.50
2026-08-17;AXIA3;50.18
2026-08-17;AXIA7;50.08
2026-08-17;B3SA3;14.41
2026-08-17;BBAS3;17.95
2026-08-17;BBDC3;14.27
2026-08-17;BBDC4;16.22
2026-08-17;BTLG11;98.31
2026-08-17;CMIN3;5.78
2026-08-17;CPLE3;13.79
2026-08-17;EGIE3;28.05
2026-08-17;FLRY3;18.14
2026-08-17;FRAS3;21.88
2026-08-17;GGBR3;21.19
2026-08-17;GGBR4;24.78
2026-08-17;GMAT3;3.95
2026-08-17;HAPV3;6.58
2026-08-17;HGLG11;145.11
2026-08-17;ISAE3;29.00
2026-08-17;ISAE4;25.60
2026-08-17;ITUB3;41.15
2026-08-17;ITUB4;38.38
2026-08-17;KNRI11;149.12
2026-08-17;LWSA3;3.86
2026-08-17;MXRF11;9.24
2026-08-17;PETR3;47.46
2026-08-17;PETR4;42.47
2026-08-17;PRIO3;61.58
2026-08-17;RAIL3;13.63
2026-08-17;RDOR3;33.09
2026-08-17;SANB11;29.60
2026-08-17;SANB3;14.83
2026-08-17;SANB4;14.64
2026-08-17;TAEE11;37.25
2026-08-17;TAEE3;12.29
2026-08-17;TAEE4;12.50
2026-08-17;TOTS3;30.57
2026-08-17;TUPY3;15.11
2026-08-17;VALE3;71.41
2026-08-17;VIVA3;20.69
2026-08-17;WEGE3;47.99
2026-08-17;XPLG11;88.45
2026-08-18;AXIA3;49.90
2026-08-18;AXIA7;49.71
2026-08-18;B3SA3;14.30
2026-08-18;BBAS3;17.80
2026-08-18;BBDC3;14.15
2026-08-18;BBDC4;16.12
2026-08-18;BTLG11;97.70
2026-08-18;CMIN3;5.78
2026-08-18;CPLE3;13.72
2026-08-18;EGIE3;27.81
2026-08-18;FLRY3;18.05
2026-08-18;FRAS3;21.86
2026-08-18;GGBR3;20.71
2026-08-18;GGBR4;24.20
2026-08-18;GMAT3;3.87
2026-08-18;HAPV3;6.78
2026-08-18;HGLG11;145.11
2026-08-18;ISAE3;30.26
2026-08-18;ISAE4;25.33
2026-08-18;ITUB3;41.27
2026-08-18;ITUB4;38.19
2026-08-18;KNRI11;152.00
2026-08-18;LWSA3;3.87
2026-08-18;MXRF11;9.25
2026-08-18;PETR3;47.53
2026-08-18;PETR4;42.60
2026-08-18;PRIO3;61.50
2026-08-18;RAIL3;13.26
2026-08-18;RDOR3;32.81
2026-08-18;SANB11;29.25
2026-08-18;SANB3;14.48
2026-08-18;SANB4;14.45
2026-08-18;TAEE11;36.91
2026-08-18;TAEE3;12.18
2026-08-18;TAEE4;12.39
2026-08-18;TOTS3;31.18
2026-08-18;TUPY3;14.88
2026-08-18;VALE3;71.55
2026-08-18;VIVA3;20.59
2026-08-18;WEGE3;48.47
2026-08-18;XPLG11;88.93
2026-08-19;AXIA3;50.80
2026-08-19;AXIA7;50.57
2026-08-19;B3SA3;14.42
2026-08-19;BBAS3;18.08
2026-08-19;BBDC3;14.14
2026-08-19;BBDC4;16.02
2026-08-19;BTLG11;98.36
2026-08-19;CMIN3;5.91
2026-08-19;CPLE3;13.82
2026-08-19;EGIE3;27.69
2026-08-19;FLRY3;18.28
2026-08-19;FRAS3;22.65
2026-08-19;GGBR3;19.80
2026-08-19;GGBR4;22.94
2026-08-19;GMAT3;3.93
2026-08-19;HAPV3;6.56
2026-08-19;HGLG11;145.90
2026-08-19;ISAE3;30.06
2026-08-19;ISAE4;25.53
2026-08-19;ITUB3;41.35
2026-08-19;ITUB4;38.37
2026-08-19;KNRI11;153.48
2026-08-19;LWSA3;3.85
2026-08-19;MXRF11;9.29
2026-08-19;PETR3;48.14
2026-08-19;PETR4;43.11
2026-08-19;PRIO3;61.53
2026-08-19;RAIL3;13.75
2026-08-19;RDOR3;33.65
2026-08-19;SANB11;28.70
2026-08-19;SANB3;14.25
2026-08-19;SANB4;14.32
2026-08-19;TAEE11;37.17
2026-08-19;TAEE3;12.26
2026-08-19;TAEE4;12.45
2026-08-19;TOTS3;32.05
2026-08-19;TUPY3;14.47
2026-08-19;VALE3;72.13
2026-08-19;VIVA3;20.77
2026-08-19;WEGE3;48.51
2026-08-19;XPLG11;89.50
2026-08-20;AXIA3;51.12
2026-08-20;AXIA7;50.99
2026-08-20;B3SA3;14.34
2026-08-20;BBAS3;18.04
2026-08-20;BBDC3;13.93
2026-08-20;BBDC4;15.75
2026-08-20;BTLG11;97.40
2026-08-20;CMIN3;5.63
2026-08-20;CPLE3;14.03
2026-08-20;EGIE3;27.82
2026-08-20;FLRY3;18.13
2026-08-20;FRAS3;22.73
2026-08-20;GGBR3;19.12
2026-08-20;GGBR4;22.15
2026-08-20;GMAT3;3.98
2026-08-20;HAPV3;6.09
2026-08-20;HGLG11;145.20
2026-08-20;ISAE3;30.10
2026-08-20;ISAE4;25.50
2026-08-20;ITUB3;40.33
2026-08-20;ITUB4;37.51
2026-08-20;KNRI11;153.97
2026-08-20;LWSA3;3.91
2026-08-20;MXRF11;9.22
2026-08-20;PETR3;49.41
2026-08-20;PETR4;44.32
2026-08-20;PRIO3;62.04
2026-08-20;RAIL3;13.89
2026-08-20;RDOR3;33.75
2026-08-20;SANB11;28.97
2026-08-20;SANB3;14.39
2026-08-20;SANB4;14.48
2026-08-20;TAEE11;37.45
2026-08-20;TAEE3;12.30
2026-08-20;TAEE4;12.57
2026-08-20;TOTS3;31.29
2026-08-20;TUPY3;14.20
2026-08-20;VALE3;74.02
2026-08-20;VIVA3;21.29
2026-08-20;WEGE3;48.40
2026-08-20;XPLG11;88.82
2026-08-21;AXIA3;51.85
2026-08-21;AXIA7;51.50
2026-08-21;B3SA3;15.09
2026-08-21;BBAS3;18.43
2026-08-21;BBDC3;14.33
2026-08-21;BBDC4;16.24
2026-08-21;BTLG11;98.37
2026-08-21;CMIN3;5.90
2026-08-21;CPLE3;14.15
2026-08-21;EGIE3;27.63
2026-08-21;FLRY3;18.68
2026-08-21;FRAS3;23.30
2026-08-21;GGBR3;19.18
2026-08-21;GGBR4;22.15
2026-08-21;GMAT3;4.15
2026-08-21;HAPV3;6.54
2026-08-21;HGLG11;147.21
2026-08-21;ISAE3;28.78
2026-08-21;ISAE4;26.02
2026-08-21;ITUB3;41.39
2026-08-21;ITUB4;38.60
2026-08-21;KNRI11;155.48
2026-08-21;LWSA3;4.06
2026-08-21;MXRF11;9.26
2026-08-21;PETR3;49.34
2026-08-21;PETR4;44.30
2026-08-21;PRIO3;62.85
2026-08-21;RAIL3;14.25
2026-08-21;RDOR3;34.25
2026-08-21;SANB11;29.55
2026-08-21;SANB3;14.57
2026-08-21;SANB4;14.78
2026-08-21;TAEE11;37.57
2026-08-21;TAEE3;12.41
2026-08-21;TAEE4;12.74
2026-08-21;TOTS3;32.18
2026-08-21;TUPY3;14.78
2026-08-21;VALE3;75.03
2026-08-21;VIVA3;21.52
2026-08-21;WEGE3;49.27
2026-08-21;XPLG11;90.00
2026-08-24;AXIA3;52.53
2026-08-24;AXIA7;52.09
2026-08-24;B3SA3;15.45
2026-08-24;BBAS3;18.60
2026-08-24;BBDC3;14.36
2026-08-24;BBDC4;16.27
2026-08-24;BTLG11;98.10
2026-08-24;CMIN3;5.97
2026-08-24;CPLE3;14.35
2026-08-24;EGIE3;28.04
2026-08-24;FLRY3;18.57
2026-08-24;FRAS3;23.25
2026-08-24;GGBR3;18.95
2026-08-24;GGBR4;22.14
2026-08-24;GMAT3;4.30
2026-08-24;HAPV3;6.36
2026-08-24;HGLG11;147.55
2026-08-24;ISAE3;29.88
2026-08-24;ISAE4;26.08
2026-08-24;ITUB3;41.66
2026-08-24;ITUB4;38.73
2026-08-24;KNRI11;154.00
2026-08-24;LWSA3;4.14
2026-08-24;MXRF11;9.20
2026-08-24;PETR3;46.94
2026-08-24;PETR4;42.11
2026-08-24;PRIO3;61.62
2026-08-24;RAIL3;14.24
2026-08-24;RDOR3;34.52
2026-08-24;SANB11;29.65
2026-08-24;SANB3;14.72
2026-08-24;SANB4;14.94
2026-08-24;TAEE11;37.78
2026-08-24;TAEE3;12.46
2026-08-24;TAEE4;12.74
2026-08-24;TOTS3;31.92
2026-08-24;TUPY3;14.96
2026-08-24;VALE3;77.13
2026-08-24;VIVA3;21.60
2026-08-24;WEGE3;49.07
2026-08-24;XPLG11;89.60
2026-08-25;AXIA3;53.65
2026-08-25;AXIA7;53.25
2026-08-25;B3SA3;15.75
2026-08-25;BBAS3;19.57
2026-08-25;BBDC3;14.78
2026-08-25;BBDC4;16.78
2026-08-25;BTLG11;98.48
2026-08-25;CMIN3;5.88
2026-08-25;CPLE3;14.65
2026-08-25;EGIE3;28.85
2026-08-25;FLRY3;18.64
2026-08-25;FRAS3;23.35
2026-08-25;GGBR3;18.96
2026-08-25;GGBR4;22.45
2026-08-25;GMAT3;4.64
2026-08-25;HAPV3;6.42
2026-08-25;HGLG11;147.24
2026-08-25;ISAE3;32.10
2026-08-25;ISAE4;26.46
2026-08-25;ITUB3;42.60
2026-08-25;ITUB4;39.44
2026-08-25;KNRI11;156.00
2026-08-25;LWSA3;4.22
2026-08-25;MXRF11;9.23
2026-08-25;PETR3;45.98
2026-08-25;PETR4;41.35
2026-08-25;PRIO3;60.88
2026-08-25;RAIL3;14.53
2026-08-25;RDOR3;36.07
2026-08-25;SANB11;29.69
2026-08-25;SANB3;14.63
2026-08-25;SANB4;14.83
2026-08-25;TAEE11;38.86
2026-08-25;TAEE3;12.68
2026-08-25;TAEE4;12.95
2026-08-25;TOTS3;32.75
2026-08-25;TUPY3;15.35
2026-08-25;VALE3;78.70
2026-08-25;VIVA3;22.07
2026-08-25;WEGE3;49.58
2026-08-25;XPLG11;90.84
2026-08-26;AXIA3;53.41
2026-08-26;AXIA7;53.00
2026-08-26;B3SA3;15.75
2026-08-26;BBAS3;19.52
2026-08-26;BBDC3;14.92
2026-08-26;BBDC4;16.99
2026-08-26;BTLG11;97.97
2026-08-26;CMIN3;5.99
2026-08-26;CPLE3;14.65
2026-08-26;EGIE3;28.84
2026-08-26;FLRY3;18.66
2026-08-26;FRAS3;23.10
2026-08-26;GGBR3;19.66
2026-08-26;GGBR4;22.88
2026-08-26;GMAT3;4.60
2026-08-26;HAPV3;6.38
2026-08-26;HGLG11;147.66
2026-08-26;ISAE3;31.13
2026-08-26;ISAE4;26.75
2026-08-26;ITUB3;42.60
2026-08-26;ITUB4;39.45
2026-08-26;KNRI11;155.72
2026-08-26;LWSA3;4.17
2026-08-26;MXRF11;9.23
2026-08-26;PETR3;45.93
2026-08-26;PETR4;41.45
2026-08-26;PRIO3;60.76
2026-08-26;RAIL3;14.59
2026-08-26;RDOR3;35.30
2026-08-26;SANB11;29.73
2026-08-26;SANB3;14.88
2026-08-26;SANB4;14.80
2026-08-26;TAEE11;38.94
2026-08-26;TAEE3;12.90
2026-08-26;TAEE4;13.12
2026-08-26;TOTS3;32.60
2026-08-26;TUPY3;15.03
2026-08-26;VALE3;78.45
2026-08-26;VIVA3;22.70
2026-08-26;WEGE3;50.42
2026-08-26;XPLG11;90.60
2026-08-27;AXIA3;52.60
2026-08-27;AXIA7;52.13
2026-08-27;B3SA3;15.73
2026-08-27;BBAS3;19.97
2026-08-27;BBDC3;14.96
2026-08-27;BBDC4;16.93
2026-08-27;BTLG11;97.92
2026-08-27;CMIN3;6.01
2026-08-27;CPLE3;14.57
2026-08-27;EGIE3;28.85
2026-08-27;FLRY3;18.74
2026-08-27;FRAS3;23.06
2026-08-27;GGBR3;20.65
2026-08-27;GGBR4;23.97
2026-08-27;GMAT3;4.76
2026-08-27;HAPV3;6.55
2026-08-27;HGLG11;148.06
2026-08-27;ISAE3;32.08
2026-08-27;ISAE4;26.65
2026-08-27;ITUB3;42.32
2026-08-27;ITUB4;39.10
2026-08-27;KNRI11;155.23
2026-08-27;LWSA3;4.33
2026-08-27;MXRF11;9.24
2026-08-27;PETR3;47.31
2026-08-27;PETR4;42.70
2026-08-27;PRIO3;61.09
2026-08-27;RAIL3;14.81
2026-08-27;RDOR3;35.31
2026-08-27;SANB11;29.47
2026-08-27;SANB3;14.65
2026-08-27;SANB4;14.73
2026-08-27;TAEE11;38.70
2026-08-27;TAEE3;12.83
2026-08-27;TAEE4;13.07
2026-08-27;TOTS3;34.69
2026-08-27;TUPY3;15.42
2026-08-27;VALE3;79.11
2026-08-27;VIVA3;22.60
2026-08-27;WEGE3;50.25
2026-08-27;XPLG11;90.64
2026-08-28;AXIA3;53.10
2026-08-28;AXIA7;52.65
2026-08-28;B3SA3;16.04
2026-08-28;BBAS3;20.17
2026-08-28;BBDC3;15.04
2026-08-28;BBDC4;17.08
2026-08-28;BTLG11;98.91
2026-08-28;CMIN3;6.00
2026-08-28;CPLE3;14.68
2026-08-28;EGIE3;28.81
2026-08-28;FLRY3;18.87
2026-08-28;FRAS3;23.01
2026-08-28;GGBR3;20.19
2026-08-28;GGBR4;23.80
2026-08-28;GMAT3;4.78
2026-08-28;HAPV3;6.49
2026-08-28;HGLG11;148.30
2026-08-28;ISAE3;32.01
2026-08-28;ISAE4;26.70
2026-08-28;ITUB3;42.44
2026-08-28;ITUB4;39.19
2026-08-28;KNRI11;157.00
2026-08-28;LWSA3;4.31
2026-08-28;MXRF11;9.30
2026-08-28;PETR3;48.25
2026-08-28;PETR4;43.55
2026-08-28;PRIO3;60.54
2026-08-28;RAIL3;14.88
2026-08-28;RDOR3;35.44
2026-08-28;SANB11;30.01
2026-08-28;SANB3;15.05
2026-08-28;SANB4;14.92
2026-08-28;TAEE11;38.68
2026-08-28;TAEE3;12.79
2026-08-28;TAEE4;13.05
2026-08-28;TOTS3;34.41
2026-08-28;TUPY3;15.25
2026-08-28;VALE3;78.58
2026-08-28;VIVA3;21.97
2026-08-28;WEGE3;49.98
2026-08-28;XPLG11;91.28
2026-08-31;AXIA3;53.12
2026-08-31;AXIA7;53.14
2026-08-31;B3SA3;16.22
2026-08-31;BBAS3;20.74
2026-08-31;BBDC3;15.17
2026-08-31;BBDC4;17.19
2026-08-31;BTLG11;99.10
2026-08-31;CMIN3;5.92
2026-08-31;CPLE3;14.95
2026-08-31;EGIE3;29.38
2026-08-31;FLRY3;19.68
2026-08-31;FRAS3;23.02
2026-08-31;GGBR3;20.44
2026-08-31;GGBR4;23.74
2026-08-31;GMAT3;4.63
2026-08-31;HAPV3;6.61
2026-08-31;HGLG11;148.34
2026-08-31;ISAE3;33.30
2026-08-31;ISAE4;26.63
2026-08-31;ITUB3;43.06
2026-08-31;ITUB4;39.52
2026-08-31;KNRI11;157.50
2026-08-31;LWSA3;4.30
2026-08-31;MXRF11;9.28
2026-08-31;PETR3;50.29
2026-08-31;PETR4;45.02
2026-08-31;PRIO3;62.68
2026-08-31;RAIL3;15.08
2026-08-31;RDOR3;35.18
2026-08-31;SANB11;29.56
2026-08-31;SANB3;14.74
2026-08-31;SANB4;14.80
2026-08-31;TAEE11;39.10
2026-08-31;TAEE3;12.96
2026-08-31;TAEE4;13.20
2026-08-31;TOTS3;35.45
2026-08-31;TUPY3;15.24
2026-08-31;VALE3;77.85
2026-08-31;VIVA3;22.28
2026-08-31;WEGE3;50.15
2026-08-31;XPLG11;91.74
2026-09-01;AXIA3;53.75
2026-09-01;AXIA7;53.58
2026-09-01;B3SA3;16.62
2026-09-01;BBAS3;21.21
2026-09-01;BBDC3;15.29
2026-09-01;BBDC4;17.40
2026-09-01;BTLG11;99.00
2026-09-01;CMIN3;6.08
2026-09-01;CPLE3;15.20
2026-09-01;EGIE3;29.02
2026-09-01;FLRY3;19.21
2026-09-01;FRAS3;23.29
2026-09-01;GGBR3;20.80
2026-09-01;GGBR4;24.15
2026-09-01;GMAT3;4.73
2026-09-01;HAPV3;6.60
2026-09-01;HGLG11;147.00
2026-09-01;ISAE3;33.99
2026-09-01;ISAE4;26.96
2026-09-01;ITUB3;43.38
2026-09-01;ITUB4;39.88
2026-09-01;KNRI11;153.97
2026-09-01;LWSA3;4.22
2026-09-01;MXRF11;9.21
2026-09-01;PETR3;52.37
2026-09-01;PETR4;46.87
2026-09-01;PRIO3;63.99
2026-09-01;RAIL3;15.30
2026-09-01;RDOR3;35.68
2026-09-01;SANB11;29.34
2026-09-01;SANB3;14.57
2026-09-01;SANB4;14.52
2026-09-01;TAEE11;39.73
2026-09-01;TAEE3;13.07
2026-09-01;TAEE4;13.31
2026-09-01;TOTS3;34.99
2026-09-01;TUPY3;15.40
2026-09-01;VALE3;78.30
2026-09-01;VIVA3;22.50
2026-09-01;WEGE3;49.70
2026-09-01;XPLG11;91.15
2026-09-02;AXIA3;55.56
2026-09-02;AXIA7;55.52
2026-09-02;B3SA3;17.26
2026-09-02;BBAS3;22.26
2026-09-02;BBDC3;15.59
2026-09-02;BBDC4;17.75
2026-09-02;BTLG11;98.98
2026-09-02;CMIN3;6.40
2026-09-02;CPLE3;15.60
2026-09-02;EGIE3;30.15
2026-09-02;FLRY3;19.67
2026-09-02;FRAS3;23.53
2026-09-02;GGBR3;21.83
2026-09-02;GGBR4;25.42
2026-09-02;GMAT3;4.77
2026-09-02;HAPV3;6.87
2026-09-02;HGLG11;147.82
2026-09-02;ISAE3;33.93
2026-09-02;ISAE4;27.64
2026-09-02;ITUB3;44.92
2026-09-02;ITUB4;41.41
2026-09-02;KNRI11;156.12
2026-09-02;LWSA3;4.20
2026-09-02;MXRF11;9.18
2026-09-02;PETR3;53.54
2026-09-02;PETR4;48.20
2026-09-02;PRIO3;64.41
2026-09-02;RAIL3;14.66
2026-09-02;RDOR3;37.13
2026-09-02;SANB11;29.92
2026-09-02;SANB3;14.97
2026-09-02;SANB4;14.81
2026-09-02;TAEE11;40.89
2026-09-02;TAEE3;13.56
2026-09-02;TAEE4;13.72
2026-09-02;TOTS3;34.74
2026-09-02;TUPY3;15.81
2026-09-02;VALE3;80.80
2026-09-02;VIVA3;23.76
2026-09-02;WEGE3;50.84
2026-09-02;XPLG11;90.77
2026-09-03;AXIA3;55.75
2026-09-03;AXIA7;55.87
2026-09-03;B3SA3;17.35
2026-09-03;BBAS3;22.45
2026-09-03;BBDC3;15.67
2026-09-03;BBDC4;17.79
2026-09-03;BTLG11;99.00
2026-09-03;CMIN3;6.66
2026-09-03;CPLE3;15.78
2026-09-03;EGIE3;30.36
2026-09-03;FLRY3;20.10
2026-09-03;FRAS3;22.75
2026-09-03;GGBR3;21.38
2026-09-03;GGBR4;25.14
2026-09-03;GMAT3;4.80
2026-09-03;HAPV3;7.33
2026-09-03;HGLG11;148.49
2026-09-03;ISAE3;33.05
2026-09-03;ISAE4;27.64
2026-09-03;ITUB3;45.79
2026-09-03;ITUB4;41.92
2026-09-03;KNRI11;157.16
2026-09-03;LWSA3;4.18
2026-09-03;MXRF11;9.16
2026-09-03;PETR3;52.58
2026-09-03;PETR4;47.56
2026-09-03;PRIO3;61.50
2026-09-03;RAIL3;14.81
2026-09-03;RDOR3;37.39
2026-09-03;SANB11;30.44
2026-09-03;SANB3;15.17
2026-09-03;SANB4;15.14
2026-09-03;TAEE11;41.55
2026-09-03;TAEE3;13.76
2026-09-03;TAEE4;13.91
2026-09-03;TOTS3;34.82
2026-09-03;TUPY3;15.70
2026-09-03;VALE3;78.45
2026-09-03;VIVA3;23.27
2026-09-03;WEGE3;52.06
2026-09-03;XPLG11;90.75
2026-09-04;AXIA3;55.28
2026-09-04;AXIA7;55.35
2026-09-04;B3SA3;17.37
2026-09-04;BBAS3;22.52
2026-09-04;BBDC3;15.81
2026-09-04;BBDC4;17.90
2026-09-04;BTLG11;99.14
2026-09-04;CMIN3;6.59
2026-09-04;CPLE3;15.85
2026-09-04;EGIE3;30.14
2026-09-04;FLRY3;20.17
2026-09-04;FRAS3;22.65
2026-09-04;GGBR3;21.55
2026-09-04;GGBR4;25.34
2026-09-04;GMAT3;4.87
2026-09-04;HAPV3;7.26
2026-09-04;HGLG11;148.30
2026-09-04;ISAE3;32.60
2026-09-04;ISAE4;27.70
2026-09-04;ITUB3;45.72
2026-09-04;ITUB4;41.92
2026-09-04;KNRI11;158.23
2026-09-04;LWSA3;4.22
2026-09-04;MXRF11;9.19
2026-09-04;PETR3;52.01
2026-09-04;PETR4;47.11
2026-09-04;PRIO3;60.19
2026-09-04;RAIL3;14.55
2026-09-04;RDOR3;37.13
2026-09-04;SANB11;30.43
2026-09-04;SANB3;15.19
2026-09-04;SANB4;15.03
2026-09-04;TAEE11;41.53
2026-09-04;TAEE3;13.72
2026-09-04;TAEE4;14.05
2026-09-04;TOTS3;34.50
2026-09-04;TUPY3;15.72
2026-09-04;VALE3;78.62
2026-09-04;VIVA3;23.13
2026-09-04;WEGE3;51.74
2026-09-04;XPLG11;90.70
2026-09-08;AXIA3;56.13
2026-09-08;AXIA7;56.00
2026-09-08;B3SA3;17.64
2026-09-08;BBAS3;22.60
2026-09-08;BBDC3;16.04
2026-09-08;BBDC4;18.22
2026-09-08;BTLG11;99.43
2026-09-08;CMIN3;6.72
2026-09-08;CPLE3;16.00
2026-09-08;EGIE3;30.89
2026-09-08;FLRY3;20.78
2026-09-08;FRAS3;22.86
2026-09-08;GGBR3;22.01
2026-09-08;GGBR4;25.70
2026-09-08;GMAT3;4.79
2026-09-08;HAPV3;7.19
2026-09-08;HGLG11;147.75
2026-09-08;ISAE3;32.91
2026-09-08;ISAE4;27.90
2026-09-08;ITUB3;46.31
2026-09-08;ITUB4;42.43
2026-09-08;KNRI11;157.34
2026-09-08;LWSA3;4.06
2026-09-08;MXRF11;9.19
2026-09-08;PETR3;53.24
2026-09-08;PETR4;48.09
2026-09-08;PRIO3;62.00
2026-09-08;RAIL3;14.55
2026-09-08;RDOR3;37.46
2026-09-08;SANB11;30.39
2026-09-08;SANB3;15.04
2026-09-08;SANB4;15.09
2026-09-08;TAEE11;41.83
2026-09-08;TAEE3;13.73
2026-09-08;TAEE4;14.02
2026-09-08;TOTS3;34.29
2026-09-08;TUPY3;15.78
2026-09-08;VALE3;79.02
2026-09-08;VIVA3;22.80
2026-09-08;WEGE3;52.65
2026-09-08;XPLG11;91.40
2026-09-09;AXIA3;55.08
2026-09-09;AXIA7;55.19
2026-09-09;B3SA3;17.29
2026-09-09;BBAS3;22.18
2026-09-09;BBDC3;15.83
2026-09-09;BBDC4;17.79
2026-09-09;BTLG11;99.88
2026-09-09;CMIN3;6.96
2026-09-09;CPLE3;15.98
2026-09-09;EGIE3;30.73
2026-09-09;FLRY3;20.35
2026-09-09;FRAS3;23.14
2026-09-09;GGBR3;21.87
2026-09-09;GGBR4;25.41
2026-09-09;GMAT3;4.73
2026-09-09;HAPV3;7.00
2026-09-09;HGLG11;146.60
2026-09-09;ISAE3;33.16
2026-09-09;ISAE4;27.69
2026-09-09;ITUB3;45.61
2026-09-09;ITUB4;41.59
2026-09-09;KNRI11;157.80
2026-09-09;LWSA3;3.99
2026-09-09;MXRF11;9.16
2026-09-09;PETR3;53.69
2026-09-09;PETR4;48.42
2026-09-09;PRIO3;62.52
2026-09-09;RAIL3;14.50
2026-09-09;RDOR3;36.93
2026-09-09;SANB11;29.96
2026-09-09;SANB3;14.89
2026-09-09;SANB4;14.80
2026-09-09;TAEE11;40.87
2026-09-09;TAEE3;13.44
2026-09-09;TAEE4;13.86
2026-09-09;TOTS3;33.17
2026-09-09;TUPY3;15.34
2026-09-09;VALE3;79.10
2026-09-09;VIVA3;22.38
2026-09-09;WEGE3;51.69
2026-09-09;XPLG11;91.00
2026-09-10;AXIA3;55.70
2026-09-10;AXIA7;55.86
2026-09-10;B3SA3;17.66
2026-09-10;BBAS3;22.80
2026-09-10;BBDC3;16.24
2026-09-10;BBDC4;18.48
2026-09-10;BTLG11;100.40
2026-09-10;CMIN3;6.99
2026-09-10;CPLE3;16.14
2026-09-10;EGIE3;31.00
2026-09-10;FLRY3;20.96
2026-09-10;FRAS3;23.53
2026-09-10;GGBR3;22.10
2026-09-10;GGBR4;26.01
2026-09-10;GMAT3;4.83
2026-09-10;HAPV3;7.32
2026-09-10;HGLG11;146.44
2026-09-10;ISAE3;33.66
2026-09-10;ISAE4;28.08
2026-09-10;ITUB3;46.38
2026-09-10;ITUB4;42.35
2026-09-10;KNRI11;157.18
2026-09-10;LWSA3;4.05
2026-09-10;MXRF11;9.16
2026-09-10;PETR3;54.64
2026-09-10;PETR4;49.12
2026-09-10;PRIO3;64.19
2026-09-10;RAIL3;14.95
2026-09-10;RDOR3;38.06
2026-09-10;SANB11;29.92
2026-09-10;SANB3;14.93
2026-09-10;SANB4;14.81
2026-09-10;TAEE11;41.29
2026-09-10;TAEE3;13.54
2026-09-10;TAEE4;13.87
2026-09-10;TOTS3;33.00
2026-09-10;TUPY3;16.01
2026-09-10;VALE3;78.23
2026-09-10;VIVA3;22.75
2026-09-10;WEGE3;52.17
2026-09-10;XPLG11;91.57
2026-09-11;AXIA3;54.80
2026-09-11;AXIA7;54.98
2026-09-11;B3SA3;17.28
2026-09-11;BBAS3;22.49
2026-09-11;BBDC3;16.32
2026-09-11;BBDC4;18.59
2026-09-11;BTLG11;101.31
2026-09-11;CMIN3;6.72
2026-09-11;CPLE3;15.96
2026-09-11;EGIE3;30.75
2026-09-11;FLRY3;21.06
2026-09-11;FRAS3;23.03
2026-09-11;GGBR3;21.82
2026-09-11;GGBR4;26.10
2026-09-11;GMAT3;4.88
2026-09-11;HAPV3;6.73
2026-09-11;HGLG11;146.00
2026-09-11;ISAE3;32.31
2026-09-11;ISAE4;27.72
2026-09-11;ITUB3;46.63
2026-09-11;ITUB4;42.73
2026-09-11;KNRI11;157.40
2026-09-11;LWSA3;4.04
2026-09-11;MXRF11;9.14
2026-09-11;PETR3;54.52
2026-09-11;PETR4;49.00
2026-09-11;PRIO3;64.19
2026-09-11;RAIL3;14.83
2026-09-11;RDOR3;37.61
2026-09-11;SANB11;30.62
2026-09-11;SANB3;15.30
2026-09-11;SANB4;15.23
2026-09-11;TAEE11;40.73
2026-09-11;TAEE3;13.44
2026-09-11;TAEE4;13.81
2026-09-11;TOTS3;32.94
2026-09-11;TUPY3;15.96
2026-09-11;VALE3;78.20
2026-09-11;VIVA3;22.33
2026-09-11;WEGE3;51.49
2026-09-11;XPLG11;91.65
2026-09-14;AXIA3;55.07
2026-09-14;AXIA7;55.05
2026-09-14;B3SA3;17.37
2026-09-14;BBAS3;22.12
2026-09-14;BBDC3;16.17
2026-09-14;BBDC4;18.33
2026-09-14;BTLG11;101.09
2026-09-14;CMIN3;6.26
2026-09-14;CPLE3;15.92
2026-09-14;EGIE3;30.46
2026-09-14;FLRY3;21.40
2026-09-14;FRAS3;23.20
2026-09-14;GGBR3;21.65
2026-09-14;GGBR4;25.06
2026-09-14;GMAT3;4.88
2026-09-14;HAPV3;6.72
2026-09-14;HGLG11;147.87
2026-09-14;ISAE3;32.90
2026-09-14;ISAE4;27.28
2026-09-14;ITUB3;46.25
2026-09-14;ITUB4;42.35
2026-09-14;KNRI11;156.38
2026-09-14;LWSA3;4.03
2026-09-14;MXRF11;9.10
2026-09-14;PETR3;54.26
2026-09-14;PETR4;48.92
2026-09-14;PRIO3;63.91
2026-09-14;RAIL3;14.54
2026-09-14;RDOR3;37.05
2026-09-14;SANB11;30.37
2026-09-14;SANB3;15.08
2026-09-14;SANB4;15.04
2026-09-14;TAEE11;40.51
2026-09-14;TAEE3;13.31
2026-09-14;TAEE4;13.72
2026-09-14;TOTS3;34.37
2026-09-14;TUPY3;15.79
2026-09-14;VALE3;75.48
2026-09-14;VIVA3;22.40
2026-09-14;WEGE3;50.74
2026-09-14;XPLG11;91.20
2026-09-15;AXIA3;54.94
2026-09-15;AXIA7;54.96
2026-09-15;B3SA3;17.42
2026-09-15;BBAS3;22.04
2026-09-15;BBDC3;16.09
2026-09-15;BBDC4;18.20
2026-09-15;BTLG11;100.30
2026-09-15;CMIN3;6.20
2026-09-15;CPLE3;15.94
2026-09-15;EGIE3;30.52
2026-09-15;FLRY3;21.28
2026-09-15;FRAS3;23.34
2026-09-15;GGBR3;22.22
2026-09-15;GGBR4;25.85
2026-09-15;GMAT3;4.85
2026-09-15;HAPV3;6.63
2026-09-15;HGLG11;148.10
2026-09-15;ISAE3;33.25
2026-09-15;ISAE4;27.39
2026-09-15;ITUB3;46.70
2026-09-15;ITUB4;42.67
2026-09-15;KNRI11;158.47
2026-09-15;LWSA3;4.00
2026-09-15;MXRF11;9.13
2026-09-15;PETR3;56.23
2026-09-15;PETR4;50.43
2026-09-15;PRIO3;65.68
2026-09-15;RAIL3;14.70
2026-09-15;RDOR3;36.94
2026-09-15;SANB11;30.07
2026-09-15;SANB3;15.05
2026-09-15;SANB4;15.02
2026-09-15;TAEE11;40.80
2026-09-15;TAEE3;13.42
2026-09-15;TAEE4;13.72
2026-09-15;TOTS3;33.83
2026-09-15;TUPY3;15.80
2026-09-15;VALE3;74.60
2026-09-15;VIVA3;22.44
2026-09-15;WEGE3;50.88
2026-09-15;XPLG11;91.60
2026-09-16;AXIA3;55.23
2026-09-16;AXIA7;55.33
2026-09-16;B3SA3;17.58
2026-09-16;BBAS3;22.71
2026-09-16;BBDC3;16.09
2026-09-16;BBDC4;18.21
2026-09-16;BTLG11;99.76
2026-09-16;CMIN3;6.08
2026-09-16;CPLE3;16.08
2026-09-16;EGIE3;30.65
2026-09-16;FLRY3;21.35
2026-09-16;FRAS3;23.45
2026-09-16;GGBR3;21.74
2026-09-16;GGBR4;25.60
2026-09-16;GMAT3;4.90
2026-09-16;HAPV3;6.49
2026-09-16;HGLG11;147.59
2026-09-16;ISAE3;36.05
2026-09-16;ISAE4;27.35
2026-09-16;ITUB3;46.67
2026-09-16;ITUB4;42.62
2026-09-16;KNRI11;157.16
2026-09-16;LWSA3;4.01
2026-09-16;MXRF11;9.10
2026-09-16;PETR3;53.83
2026-09-16;PETR4;48.65
2026-09-16;PRIO3;62.58
2026-09-16;RAIL3;14.85
2026-09-16;RDOR3;37.28
2026-09-16;SANB11;29.78
2026-09-16;SANB3;14.87
2026-09-16;SANB4;14.86
2026-09-16;TAEE11;41.05
2026-09-16;TAEE3;13.60
2026-09-16;TAEE4;13.82
2026-09-16;TOTS3;34.24
2026-09-16;TUPY3;15.85
2026-09-16;VALE3;73.00
2026-09-16;VIVA3;22.72
2026-09-16;WEGE3;51.28
2026-09-16;XPLG11;91.50
2026-09-17;AXIA3;55.40
2026-09-17;AXIA7;55.55
2026-09-17;B3SA3;17.60
2026-09-17;BBAS3;22.78
2026-09-17;BBDC3;16.03
2026-09-17;BBDC4;18.15
2026-09-17;BTLG11;99.78
2026-09-17;CMIN3;5.74
2026-09-17;CPLE3;16.11
2026-09-17;EGIE3;30.88
2026-09-17;FLRY3;21.45
2026-09-17;FRAS3;23.50
2026-09-17;GGBR3;22.03
2026-09-17;GGBR4;25.98
2026-09-17;GMAT3;4.93
2026-09-17;HAPV3;6.39
2026-09-17;HGLG11;147.98
2026-09-17;ISAE3;35.36
2026-09-17;ISAE4;27.28
2026-09-17;ITUB3;46.78
2026-09-17;ITUB4;42.58
2026-09-17;KNRI11;158.70
2026-09-17;LWSA3;3.93
2026-09-17;MXRF11;9.07
2026-09-17;PETR3;54.00
2026-09-17;PETR4;48.61
2026-09-17;PRIO3;63.29
2026-09-17;RAIL3;14.94
2026-09-17;RDOR3;37.13
2026-09-17;SANB11;30.53
2026-09-17;SANB3;15.19
2026-09-17;SANB4;15.19
2026-09-17;TAEE11;41.50
2026-09-17;TAEE3;13.60
2026-09-17;TAEE4;13.92
2026-09-17;TOTS3;34.65
2026-09-17;TUPY3;15.84
2026-09-17;VALE3;74.51
2026-09-17;VIVA3;22.39
2026-09-17;WEGE3;51.08
2026-09-17;XPLG11;92.00
2026-09-18;AXIA3;53.80
2026-09-18;AXIA7;53.80
2026-09-18;B3SA3;17.59
2026-09-18;BBAS3;23.20
2026-09-18;BBDC3;15.79
2026-09-18;BBDC4;17.99
2026-09-18;BTLG11;101.20
2026-09-18;CMIN3;5.46
2026-09-18;CPLE3;15.99
2026-09-18;EGIE3;30.39
2026-09-18;FLRY3;21.38
2026-09-18;FRAS3;23.57
2026-09-18;GGBR3;21.78
2026-09-18;GGBR4;25.34
2026-09-18;GMAT3;4.91
2026-09-18;HAPV3;6.21
2026-09-18;HGLG11;147.98
2026-09-18;ISAE3;35.37
2026-09-18;ISAE4;27.39
2026-09-18;ITUB3;46.37
2026-09-18;ITUB4;42.33
2026-09-18;KNRI11;157.50
2026-09-18;LWSA3;3.93
2026-09-18;MXRF11;9.10
2026-09-18;PETR3;53.41
2026-09-18;PETR4;48.50
2026-09-18;PRIO3;63.24
2026-09-18;RAIL3;14.97
2026-09-18;RDOR3;37.23
2026-09-18;SANB11;29.47
2026-09-18;SANB3;14.75
2026-09-18;SANB4;14.70
2026-09-18;TAEE11;41.91
2026-09-18;TAEE3;13.78
2026-09-18;TAEE4;14.02
2026-09-18;TOTS3;34.30
2026-09-18;TUPY3;15.83
2026-09-18;VALE3;73.37
2026-09-18;VIVA3;22.58
2026-09-18;WEGE3;51.78
2026-09-18;XPLG11;92.99
2026-09-21;AXIA3;55.15
2026-09-21;AXIA7;55.20
2026-09-21;B3SA3;18.23
2026-09-21;BBAS3;22.99
2026-09-21;BBDC3;16.02
2026-09-21;BBDC4;18.16
2026-09-21;BTLG11;100.00
2026-09-21;CMIN3;5.38
2026-09-21;CPLE3;16.10
2026-09-21;EGIE3;30.32
2026-09-21;FLRY3;21.98
2026-09-21;FRAS3;23.45
2026-09-21;GGBR3;21.99
2026-09-21;GGBR4;25.52
2026-09-21;GMAT3;4.90
2026-09-21;HAPV3;6.71
2026-09-21;HGLG11;148.20
2026-09-21;ISAE3;34.56
2026-09-21;ISAE4;27.37
2026-09-21;ITUB3;47.16
2026-09-21;ITUB4;43.08
2026-09-21;KNRI11;158.73
2026-09-21;LWSA3;3.99
2026-09-21;MXRF11;9.11
2026-09-21;PETR3;52.88
2026-09-21;PETR4;48.00
2026-09-21;PRIO3;61.05
2026-09-21;RAIL3;15.41
2026-09-21;RDOR3;38.12
2026-09-21;SANB11;29.92
2026-09-21;SANB3;14.95
2026-09-21;SANB4;14.87
2026-09-21;TAEE11;41.64
2026-09-21;TAEE3;13.75
2026-09-21;TAEE4;14.10
2026-09-21;TOTS3;34.94
2026-09-21;TUPY3;16.12
2026-09-21;VALE3;72.55
2026-09-21;VIVA3;23.82
2026-09-21;WEGE3;51.08
2026-09-21;XPLG11;92.52
2026-09-22;AXIA3;55.85
2026-09-22;AXIA7;55.96
2026-09-22;B3SA3;18.43
2026-09-22;BBAS3;22.67
2026-09-22;BBDC3;16.30
2026-09-22;BBDC4;18.43
2026-09-22;BTLG11;99.23
2026-09-22;CMIN3;5.27
2026-09-22;CPLE3;16.14
2026-09-22;EGIE3;30.65
2026-09-22;FLRY3;22.11
2026-09-22;FRAS3;23.49
2026-09-22;GGBR3;21.73
2026-09-22;GGBR4;25.64
2026-09-22;GMAT3;5.03
2026-09-22;HAPV3;6.80
2026-09-22;HGLG11;147.88
2026-09-22;ISAE3;33.24
2026-09-22;ISAE4;27.40
2026-09-22;ITUB3;47.28
2026-09-22;ITUB4;43.18
2026-09-22;KNRI11;158.20
2026-09-22;LWSA3;4.17
2026-09-22;MXRF11;9.09
2026-09-22;PETR3;53.20
2026-09-22;PETR4;48.35
2026-09-22;PRIO3;60.46
2026-09-22;RAIL3;15.66
2026-09-22;RDOR3;38.41
2026-09-22;SANB11;29.74
2026-09-22;SANB3;14.95
2026-09-22;SANB4;14.79
2026-09-22;TAEE11;41.73
2026-09-22;TAEE3;13.65
2026-09-22;TAEE4;14.07
2026-09-22;TOTS3;35.91
2026-09-22;TUPY3;16.50
2026-09-22;VALE3;72.83
2026-09-22;VIVA3;22.78
2026-09-22;WEGE3;51.80
2026-09-22;XPLG11;92.36
2026-09-23;AXIA3;55.35
2026-09-23;AXIA7;55.59
2026-09-23;B3SA3;18.04
2026-09-23;BBAS3;22.17
2026-09-23;BBDC3;15.95
2026-09-23;BBDC4;18.03
2026-09-23;BTLG11;98.49
2026-09-23;CMIN3;5.10
2026-09-23;CPLE3;15.79
2026-09-23;EGIE3;29.34
2026-09-23;FLRY3;21.99
2026-09-23;FRAS3;23.52
2026-09-23;GGBR3;21.39
2026-09-23;GGBR4;25.25
2026-09-23;GMAT3;4.90
2026-09-23;HAPV3;6.65
2026-09-23;HGLG11;147.60
2026-09-23;ISAE3;32.90
2026-09-23;ISAE4;27.08
2026-09-23;ITUB3;46.29
2026-09-23;ITUB4;42.37
2026-09-23;KNRI11;156.49
2026-09-23;LWSA3;4.05
2026-09-23;MXRF11;9.03
2026-09-23;PETR3;54.59
2026-09-23;PETR4;49.60
2026-09-23;PRIO3;60.86
2026-09-23;RAIL3;15.88
2026-09-23;RDOR3;38.10
2026-09-23;SANB11;29.45
2026-09-23;SANB3;14.79
2026-09-23;SANB4;14.61
2026-09-23;TAEE11;41.27
2026-09-23;TAEE3;13.59
2026-09-23;TAEE4;13.90
2026-09-23;TOTS3;35.55
2026-09-23;TUPY3;16.19
2026-09-23;VALE3;71.48
2026-09-23;VIVA3;22.31
2026-09-23;WEGE3;51.16
2026-09-23;XPLG11;92.00
2026-09-24;AXIA3;54.47
2026-09-24;AXIA7;54.73
2026-09-24;B3SA3;17.82
2026-09-24;BBAS3;21.54
2026-09-24;BBDC3;15.63
2026-09-24;BBDC4;17.78
2026-09-24;BTLG11;98.50
2026-09-24;CMIN3;4.98
2026-09-24;CPLE3;15.65
2026-09-24;EGIE3;29.00
2026-09-24;FLRY3;22.00
2026-09-24;FRAS3;23.46
2026-09-24;GGBR3;21.37
2026-09-24;GGBR4;24.73
2026-09-24;GMAT3;4.90
2026-09-24;HAPV3;6.46
2026-09-24;HGLG11;147.93
2026-09-24;ISAE3;34.00
2026-09-24;ISAE4;26.98
2026-09-24;ITUB3;46.05
2026-09-24;ITUB4;41.87
2026-09-24;KNRI11;154.95
2026-09-24;LWSA3;4.07
2026-09-24;MXRF11;9.03
2026-09-24;PETR3;54.12
2026-09-24;PETR4;49.26
2026-09-24;PRIO3;60.71
2026-09-24;RAIL3;15.87
2026-09-24;RDOR3;37.65
2026-09-24;SANB11;29.60
2026-09-24;SANB3;14.70
2026-09-24;SANB4;14.58
2026-09-24;TAEE11;40.94
2026-09-24;TAEE3;13.50
2026-09-24;TAEE4;13.87
2026-09-24;TOTS3;35.13
2026-09-24;TUPY3;16.68
2026-09-24;VALE3;70.66
2026-09-24;VIVA3;21.77
2026-09-24;WEGE3;50.74
2026-09-24;XPLG11;92.77
2026-09-25;AXIA3;54.55
2026-09-25;AXIA7;54.69
2026-09-25;B3SA3;17.96
2026-09-25;BBAS3;21.59
2026-09-25;BBDC3;15.77
2026-09-25;BBDC4;17.88
2026-09-25;BTLG11;99.58
2026-09-25;CMIN3;4.95
2026-09-25;CPLE3;15.78
2026-09-25;EGIE3;29.10
2026-09-25;FLRY3;21.74
2026-09-25;FRAS3;22.50
2026-09-25;GGBR3;21.10
2026-09-25;GGBR4;24.99
2026-09-25;GMAT3;4.90
2026-09-25;HAPV3;6.26
2026-09-25;HGLG11;147.86
2026-09-25;ISAE3;33.42
2026-09-25;ISAE4;26.91
2026-09-25;ITUB3;46.09
2026-09-25;ITUB4;42.13
2026-09-25;KNRI11;156.24
2026-09-25;LWSA3;3.93
2026-09-25;MXRF11;9.10
2026-09-25;PETR3;53.04
2026-09-25;PETR4;47.99
2026-09-25;PRIO3;59.35
2026-09-25;RAIL3;16.09
2026-09-25;RDOR3;37.39
2026-09-25;SANB11;29.75
2026-09-25;SANB3;14.84
2026-09-25;SANB4;14.86
2026-09-25;TAEE11;40.79
2026-09-25;TAEE3;13.40
2026-09-25;TAEE4;13.78
2026-09-25;TOTS3;34.90
2026-09-25;TUPY3;16.16
2026-09-25;VALE3;70.77
2026-09-25;VIVA3;22.28
2026-09-25;WEGE3;51.07
2026-09-25;XPLG11;92.39
2026-09-28;AXIA3;54.44
2026-09-28;AXIA7;54.73
2026-09-28;B3SA3;17.66
2026-09-28;BBAS3;21.49
2026-09-28;BBDC3;15.61
2026-09-28;BBDC4;17.66
2026-09-28;BTLG11;99.72
2026-09-28;CMIN3;5.05
2026-09-28;CPLE3;15.68
2026-09-28;EGIE3;28.87
2026-09-28;FLRY3;21.44
2026-09-28;FRAS3;22.55
2026-09-28;GGBR3;21.30
2026-09-28;GGBR4;25.09
2026-09-28;GMAT3;4.85
2026-09-28;HAPV3;6.23
2026-09-28;HGLG11;147.58
2026-09-28;ISAE3;33.05
2026-09-28;ISAE4;26.79
2026-09-28;ITUB3;45.84
2026-09-28;ITUB4;41.71
2026-09-28;KNRI11;156.49
2026-09-28;LWSA3;3.94
2026-09-28;MXRF11;9.08
2026-09-28;PETR3;54.01
2026-09-28;PETR4;48.72
2026-09-28;PRIO3;61.63
2026-09-28;RAIL3;15.76
2026-09-28;RDOR3;37.47
2026-09-28;SANB11;29.69
2026-09-28;SANB3;14.79
2026-09-28;SANB4;14.66
2026-09-28;TAEE11;40.22
2026-09-28;TAEE3;13.33
2026-09-28;TAEE4;13.55
2026-09-28;TOTS3;33.98
2026-09-28;TUPY3;15.99
2026-09-28;VALE3;71.16
2026-09-28;VIVA3;22.26
2026-09-28;WEGE3;50.12
2026-09-28;XPLG11;92.54
2026-09-29;AXIA3;54.80
2026-09-29;AXIA7;55.01
2026-09-29;B3SA3;17.90
2026-09-29;BBAS3;22.04
2026-09-29;BBDC3;15.65
2026-09-29;BBDC4;17.78
2026-09-29;BTLG11;99.19
2026-09-29;CMIN3;4.76
2026-09-29;CPLE3;15.75
2026-09-29;EGIE3;29.14
2026-09-29;FLRY3;22.03
2026-09-29;FRAS3;22.33
2026-09-29;GGBR3;20.65
2026-09-29;GGBR4;24.20
2026-09-29;GMAT3;5.03
2026-09-29;HAPV3;6.28
2026-09-29;HGLG11;147.93
2026-09-29;ISAE3;32.67
2026-09-29;ISAE4;26.71
2026-09-29;ITUB3;46.96
2026-09-29;ITUB4;42.30
2026-09-29;KNRI11;156.84
2026-09-29;LWSA3;4.02
2026-09-29;MXRF11;9.10
2026-09-29;PETR3;54.06
2026-09-29;PETR4;49.10
2026-09-29;PRIO3;61.60
2026-09-29;RAIL3;15.96
2026-09-29;RDOR3;37.50
2026-09-29;SANB11;29.57
2026-09-29;SANB3;14.75
2026-09-29;SANB4;14.65
2026-09-29;TAEE11;40.56
2026-09-29;TAEE3;13.44
2026-09-29;TAEE4;13.65
2026-09-29;TOTS3;34.64
2026-09-29;TUPY3;16.60
2026-09-29;VALE3;69.61
2026-09-29;VIVA3;23.05
2026-09-29;WEGE3;50.29
2026-09-29;XPLG11;92.39
2026-09-30;AXIA3;55.35
2026-09-30;AXIA7;55.25
2026-09-30;B3SA3;18.34
2026-09-30;BBAS3;23.07
2026-09-30;BBDC3;16.22
2026-09-30;BBDC4;18.51
2026-09-30;BTLG11;98.94
2026-09-30;CMIN3;5.01
2026-09-30;CPLE3;16.00
2026-09-30;EGIE3;29.46
2026-09-30;FLRY3;22.79
2026-09-30;FRAS3;22.60
2026-09-30;GGBR3;20.64
2026-09-30;GGBR4;24.27
2026-09-30;GMAT3;5.08
2026-09-30;HAPV3;6.67
2026-09-30;HGLG11;147.95
2026-09-30;ISAE3;34.08
2026-09-30;ISAE4;27.59
2026-09-30;ITUB3;48.47
2026-09-30;ITUB4;44.28
2026-09-30;KNRI11;157.01
2026-09-30;LWSA3;4.04
2026-09-30;MXRF11;9.17
2026-09-30;PETR3;53.87
2026-09-30;PETR4;49.12
2026-09-30;PRIO3;60.90
2026-09-30;RAIL3;16.29
2026-09-30;RDOR3;38.29
2026-09-30;SANB11;28.75
2026-09-30;SANB3;14.40
2026-09-30;SANB4;14.27
2026-09-30;TAEE11;41.81
2026-09-30;TAEE3;13.70
2026-09-30;TAEE4;13.93
2026-09-30;TOTS3;33.43
2026-09-30;TUPY3;16.68
2026-09-30;VALE3;69.91
2026-09-30;VIVA3;23.60
2026-09-30;WEGE3;49.46
2026-09-30;XPLG11;92.51
2026-10-01;AXIA3;55.34
2026-10-01;AXIA7;55.25
2026-10-01;B3SA3;18.51
2026-10-01;BBAS3;23.02
2026-10-01;BBDC3;16.30
2026-10-01;BBDC4;18.57
2026-10-01;BTLG11;99.30
2026-10-01;CMIN3;4.91
2026-10-01;CPLE3;16.09
2026-10-01;EGIE3;29.51
2026-10-01;FLRY3;23.75
2026-10-01;FRAS3;22.79
2026-10-01;GGBR3;21.50
2026-10-01;GGBR4;25.08
2026-10-01;GMAT3;5.04
2026-10-01;HAPV3;6.97
2026-10-01;HGLG11;146.99
2026-10-01;ISAE3;33.02
2026-10-01;ISAE4;27.68
2026-10-01;ITUB3;48.16
2026-10-01;ITUB4;44.15
2026-10-01;KNRI11;155.21
2026-10-01;LWSA3;4.00
2026-10-01;MXRF11;9.09
2026-10-01;PETR3;54.84
2026-10-01;PETR4;49.77
2026-10-01;PRIO3;61.46
2026-10-01;RAIL3;16.49
2026-10-01;RDOR3;38.45
2026-10-01;SANB11;27.90
2026-10-01;SANB3;13.88
2026-10-01;SANB4;13.84
2026-10-01;TAEE11;41.84
2026-10-01;TAEE3;13.75
2026-10-01;TAEE4;14.07
2026-10-01;TOTS3;34.58
2026-10-01;TUPY3;16.80
2026-10-01;VALE3;70.30
2026-10-01;VIVA3;23.67
2026-10-01;WEGE3;49.56
2026-10-01;XPLG11;92.15
2026-10-02;AXIA3;56.90
2026-10-02;AXIA7;56.69
2026-10-02;B3SA3;19.00
2026-10-02;BBAS3;23.72
2026-10-02;BBDC3;16.83
2026-10-02;BBDC4;19.23
2026-10-02;BTLG11;100.00
2026-10-02;CMIN3;4.97
2026-10-02;CPLE3;16.61
2026-10-02;EGIE3;30.70
2026-10-02;FLRY3;23.50
2026-10-02;FRAS3;23.19
2026-10-02;GGBR3;22.55
2026-10-02;GGBR4;26.10
2026-10-02;GMAT3;4.94
2026-10-02;HAPV3;7.80
2026-10-02;HGLG11;147.90
2026-10-02;ISAE3;33.49
2026-10-02;ISAE4;28.19
2026-10-02;ITUB3;48.92
2026-10-02;ITUB4;44.83
2026-10-02;KNRI11;157.91
2026-10-02;LWSA3;4.01
2026-10-02;MXRF11;9.09
2026-10-02;PETR3;56.62
2026-10-02;PETR4;51.17
2026-10-02;PRIO3;63.01
2026-10-02;RAIL3;16.88
2026-10-02;RDOR3;39.82
2026-10-02;SANB11;28.09
2026-10-02;SANB3;14.16
2026-10-02;SANB4;13.97
2026-10-02;TAEE11;42.85
2026-10-02;TAEE3;14.03
2026-10-02;TAEE4;14.30
2026-10-02;TOTS3;35.35
2026-10-02;TUPY3;16.69
2026-10-02;VALE3;72.10
2026-10-02;VIVA3;25.00
2026-10-02;WEGE3;51.45
2026-10-02;XPLG11;93.81
